drug_a,drug_b,combination,almanac_breast_median_combo_score,almanac_breast_mean_combo_score,almanac_breast_max_combo_score,almanac_breast_min_combo_score,almanac_breast_positive_line_fraction,almanac_breast_lines_tested,almanac_breast_cell_lines,almanac_breast_synergy_support,drug_a_has_patient_model,drug_b_has_patient_model,patient_specific_pair_tier
6 thioguanine,methotrexate,6 thioguanine + methotrexate,-33,-30.4,19,-89,0.4,5,BR:BT-549;BR:HS 578T;BR:MCF7;BR:MDA-MB-231;BR:T-47D,0.378230901780586,FALSE,FALSE,not_patient_scored
actinomycin d,methotrexate,actinomycin d + methotrexate,-62,-56.2,-1,-84,0,5,BR:BT-549;BR:HS 578T;BR:MCF7;BR:MDA-MB-231;BR:T-47D,0.378230901780586,FALSE,FALSE,not_patient_scored
chlorambucil,methotrexate,chlorambucil + methotrexate,-30,-19,49,-51,0.2,5,BR:BT-549;BR:HS 578T;BR:MCF7;BR:MDA-MB-231;BR:T-47D,0.378230901780586,FALSE,FALSE,not_patient_scored
melphalan,methotrexate,melphalan + methotrexate,-25,-31.8,2,-87,0.2,5,BR:BT-549;BR:HS 578T;BR:MCF7;BR:MDA-MB-231;BR:T-47D,0.378230901780586,FALSE,FALSE,not_patient_scored
methotrexate,triethylenemelamine,methotrexate + triethylenemelamine,-22,-20.6,11,-39,0.2,5,BR:BT-549;BR:HS 578T;BR:MCF7;BR:MDA-MB-231;BR:T-47D,0.378230901780586,FALSE,FALSE,not_patient_scored
altretamine,methotrexate,altretamine + methotrexate,-11,-31,-6,-107,0,5,BR:BT-549;BR:HS 578T;BR:MCF7;BR:MDA-MB-231;BR:T-47D,0.378230901780586,FALSE,FALSE,not_patient_scored
5-fluorouracil,methotrexate,5-fluorouracil + methotrexate,-32,-30.6,5,-64,0.2,5,BR:BT-549;BR:HS 578T;BR:MCF7;BR:MDA-MB-231;BR:T-47D,0.378230901780586,TRUE,FALSE,tier_B_one_drug_patient_scored
methotrexate,mithramycin,methotrexate + mithramycin,-26,-11.8,34,-48,0.4,5,BR:BT-549;BR:HS 578T;BR:MCF7;BR:MDA-MB-231;BR:T-47D,0.378230901780586,FALSE,FALSE,not_patient_scored
hydroxyurea,methotrexate,hydroxyurea + methotrexate,-39,-29.75,6,-47,0.25,4,BR:HS 578T;BR:MCF7;BR:MDA-MB-231;BR:T-47D,0.378230901780586,FALSE,FALSE,not_patient_scored
methotrexate,uracil mustard,methotrexate + uracil mustard,26,21,32,1,1,5,BR:BT-549;BR:HS 578T;BR:MCF7;BR:MDA-MB-231;BR:T-47D,0.911640819452422,FALSE,FALSE,not_patient_scored
methotrexate,mitotane,methotrexate + mitotane,-44.5,-45,-6,-85,0,4,BR:HS 578T;BR:MCF7;BR:MDA-MB-231;BR:T-47D,0.378230901780586,FALSE,FALSE,not_patient_scored
dacarbazine,methotrexate,dacarbazine + methotrexate,-22,-22.2,12,-64,0.2,5,BR:BT-549;BR:HS 578T;BR:MCF7;BR:MDA-MB-231;BR:T-47D,0.378230901780586,FALSE,FALSE,not_patient_scored
methotrexate,vinblastine,methotrexate + vinblastine,-21,-16,16,-46,0.2,5,BR:BT-549;BR:HS 578T;BR:MCF7;BR:MDA-MB-231;BR:T-47D,0.378230901780586,FALSE,FALSE,not_patient_scored
megestrol acetate,methotrexate,megestrol acetate + methotrexate,-68,-66.4,-35,-97,0,5,BR:BT-549;BR:HS 578T;BR:MCF7;BR:MDA-MB-231;BR:T-47D,0.378230901780586,FALSE,FALSE,not_patient_scored
lomustine,methotrexate,lomustine + methotrexate,-17,-18.4,21,-64,0.4,5,BR:BT-549;BR:HS 578T;BR:MCF7;BR:MDA-MB-231;BR:T-47D,0.378230901780586,FALSE,FALSE,not_patient_scored
daunorubicin,methotrexate,daunorubicin + methotrexate,-25,-35.8,-8,-91,0,5,BR:BT-549;BR:HS 578T;BR:MCF7;BR:MDA-MB-231;BR:T-47D,0.378230901780586,FALSE,FALSE,not_patient_scored
azacitidine,methotrexate,azacitidine + methotrexate,-26,-20.6,7,-31,0.2,5,BR:BT-549;BR:HS 578T;BR:MCF7;BR:MDA-MB-231;BR:T-47D,0.378230901780586,FALSE,FALSE,not_patient_scored
methotrexate,teniposide,methotrexate + teniposide,-32,-40.8,-3,-86,0,5,BR:BT-549;BR:HS 578T;BR:MCF7;BR:MDA-MB-231;BR:T-47D,0.378230901780586,FALSE,FALSE,not_patient_scored
doxorubicin,methotrexate,doxorubicin + methotrexate,3.5,-2,29,-44,0.5,4,BR:BT-549;BR:MCF7;BR:MDA-MB-231;BR:T-47D,0.779245644265748,TRUE,FALSE,tier_B_one_drug_patient_scored
bleomycin,methotrexate,bleomycin + methotrexate,-37,-48.2,18,-131,0.2,5,BR:BT-549;BR:HS 578T;BR:MCF7;BR:MDA-MB-231;BR:T-47D,0.378230901780586,FALSE,FALSE,not_patient_scored
bendamustine,methotrexate,bendamustine + methotrexate,-41,-49.6,-23,-83,0,5,BR:BT-549;BR:HS 578T;BR:MCF7;BR:MDA-MB-231;BR:T-47D,0.378230901780586,FALSE,FALSE,not_patient_scored
etoposide,methotrexate,etoposide + methotrexate,-31,-30,26,-117,0.4,5,BR:BT-549;BR:HS 578T;BR:MCF7;BR:MDA-MB-231;BR:T-47D,0.378230901780586,FALSE,FALSE,not_patient_scored
dexrazoxane,methotrexate,dexrazoxane + methotrexate,-3,-6.4,14,-40,0.2,5,BR:BT-549;BR:HS 578T;BR:MCF7;BR:MDA-MB-231;BR:T-47D,0.378230901780586,FALSE,FALSE,not_patient_scored
methotrexate,rapamycin,methotrexate + rapamycin,-43.5,-33.3,35,-73,0.2,5,BR:BT-549;BR:HS 578T;BR:MCF7;BR:MDA-MB-231;BR:T-47D,0.378230901780586,FALSE,TRUE,tier_B_one_drug_patient_scored
methotrexate,valrubicin,methotrexate + valrubicin,-3.5,-1.25,29,-27,0.5,4,BR:BT-549;BR:MCF7;BR:MDA-MB-231;BR:T-47D,0.378230901780586,FALSE,FALSE,not_patient_scored
methotrexate,mitoxantrone,methotrexate + mitoxantrone,-33,-27.8,18,-69,0.4,5,BR:BT-549;BR:HS 578T;BR:MCF7;BR:MDA-MB-231;BR:T-47D,0.378230901780586,FALSE,FALSE,not_patient_scored
methotrexate,vinorelbine,methotrexate + vinorelbine,6,6,32,-13,0.6,5,BR:BT-549;BR:HS 578T;BR:MCF7;BR:MDA-MB-231;BR:T-47D,0.802508137085966,FALSE,FALSE,not_patient_scored
docetaxel,methotrexate,docetaxel + methotrexate,-14,-13,35,-85,0.4,5,BR:BT-549;BR:HS 578T;BR:MCF7;BR:MDA-MB-231;BR:T-47D,0.378230901780586,TRUE,FALSE,tier_B_one_drug_patient_scored
7 ethyl 10 hydroxycamptothecin,methotrexate,7 ethyl 10 hydroxycamptothecin + methotrexate,-48,-40.2,16,-79,0.2,5,BR:BT-549;BR:HS 578T;BR:MCF7;BR:MDA-MB-231;BR:T-47D,0.378230901780586,FALSE,FALSE,not_patient_scored
methotrexate,pemetrexed,methotrexate + pemetrexed,6,-5.2,35,-42,0.6,5,BR:BT-549;BR:HS 578T;BR:MCF7;BR:MDA-MB-231;BR:T-47D,0.802508137085966,FALSE,FALSE,not_patient_scored
methotrexate,vorinostat,methotrexate + vorinostat,7,-7.6,11,-64,0.6,5,BR:BT-549;BR:HS 578T;BR:MCF7;BR:MDA-MB-231;BR:T-47D,0.810453762205629,FALSE,FALSE,not_patient_scored
exemestane,methotrexate,exemestane + methotrexate,16,5.4,48,-53,0.6,5,BR:BT-549;BR:HS 578T;BR:MCF7;BR:MDA-MB-231;BR:T-47D,0.869519433275895,FALSE,FALSE,not_patient_scored
gefitinib,methotrexate,gefitinib + methotrexate,37,32.8,109,-25,0.6,5,BR:BT-549;BR:HS 578T;BR:MCF7;BR:MDA-MB-231;BR:T-47D,0.941317250622248,FALSE,FALSE,not_patient_scored
fulvestrant,methotrexate,fulvestrant + methotrexate,-37,-21.4,39,-43,0.2,5,BR:BT-549;BR:HS 578T;BR:MCF7;BR:MDA-MB-231;BR:T-47D,0.378230901780586,FALSE,FALSE,not_patient_scored
anastrozole,methotrexate,anastrozole + methotrexate,-43,-12.25,94,-57,0.25,4,BR:HS 578T;BR:MCF7;BR:MDA-MB-231;BR:T-47D,0.378230901780586,FALSE,FALSE,not_patient_scored
letrozole,methotrexate,letrozole + methotrexate,31,46,216,-80,0.8,5,BR:BT-549;BR:HS 578T;BR:MCF7;BR:MDA-MB-231;BR:T-47D,0.926287574191078,FALSE,FALSE,not_patient_scored
methotrexate,zoledronate,methotrexate + zoledronate,-25,-8,58,-37,0.2,5,BR:BT-549;BR:HS 578T;BR:MCF7;BR:MDA-MB-231;BR:T-47D,0.378230901780586,FALSE,FALSE,not_patient_scored
dasatinib,methotrexate,dasatinib + methotrexate,-6,-13.6,-1,-31,0,5,BR:BT-549;BR:HS 578T;BR:MCF7;BR:MDA-MB-231;BR:T-47D,0.378230901780586,FALSE,FALSE,not_patient_scored
everolimus,methotrexate,everolimus + methotrexate,-8,-10.75,35,-62,0.5,4,BR:BT-549;BR:MCF7;BR:MDA-MB-231;BR:T-47D,0.378230901780586,FALSE,FALSE,not_patient_scored
methotrexate,pazopanib,methotrexate + pazopanib,-15,-25.4,10,-81,0.2,5,BR:BT-549;BR:HS 578T;BR:MCF7;BR:MDA-MB-231;BR:T-47D,0.378230901780586,FALSE,FALSE,not_patient_scored
lapatinib,methotrexate,lapatinib + methotrexate,-18,-24.8,1,-74,0.2,5,BR:BT-549;BR:HS 578T;BR:MCF7;BR:MDA-MB-231;BR:T-47D,0.378230901780586,TRUE,FALSE,tier_B_one_drug_patient_scored
methotrexate,sorafenib,methotrexate + sorafenib,-40,-35.2,55,-91,0.2,5,BR:BT-549;BR:HS 578T;BR:MCF7;BR:MDA-MB-231;BR:T-47D,0.378230901780586,FALSE,FALSE,not_patient_scored
lenalidomide,methotrexate,lenalidomide + methotrexate,12,-0.8,14,-47,0.8,5,BR:BT-549;BR:HS 578T;BR:MCF7;BR:MDA-MB-231;BR:T-47D,0.847118514263833,FALSE,FALSE,not_patient_scored
methotrexate,raloxifene,methotrexate + raloxifene,-77,-67,-7,-118,0,5,BR:BT-549;BR:HS 578T;BR:MCF7;BR:MDA-MB-231;BR:T-47D,0.378230901780586,FALSE,FALSE,not_patient_scored
abiraterone,methotrexate,abiraterone + methotrexate,-31,-40.8,-21,-90,0,5,BR:BT-549;BR:HS 578T;BR:MCF7;BR:MDA-MB-231;BR:T-47D,0.378230901780586,FALSE,FALSE,not_patient_scored
methotrexate,sunitinib,methotrexate + sunitinib,-22,-20.6,-11,-31,0,5,BR:BT-549;BR:HS 578T;BR:MCF7;BR:MDA-MB-231;BR:T-47D,0.378230901780586,FALSE,FALSE,not_patient_scored
methotrexate,vemurafenib,methotrexate + vemurafenib,-30,-30.6,19,-78,0.2,5,BR:BT-549;BR:HS 578T;BR:MCF7;BR:MDA-MB-231;BR:T-47D,0.378230901780586,FALSE,FALSE,not_patient_scored
depsipeptide,methotrexate,depsipeptide + methotrexate,-41,-42.2,-28,-60,0,5,BR:BT-549;BR:HS 578T;BR:MCF7;BR:MDA-MB-231;BR:T-47D,0.378230901780586,FALSE,FALSE,not_patient_scored
methotrexate,pralatrexate,methotrexate + pralatrexate,31,19.4,88,-70,0.6,5,BR:BT-549;BR:HS 578T;BR:MCF7;BR:MDA-MB-231;BR:T-47D,0.926287574191078,FALSE,FALSE,not_patient_scored
methotrexate,vismodegib,methotrexate + vismodegib,-16,-19.8,42,-94,0.2,5,BR:BT-549;BR:HS 578T;BR:MCF7;BR:MDA-MB-231;BR:T-47D,0.378230901780586,FALSE,FALSE,not_patient_scored
crizotinib,methotrexate,crizotinib + methotrexate,-49,-64.4,-33,-149,0,5,BR:BT-549;BR:HS 578T;BR:MCF7;BR:MDA-MB-231;BR:T-47D,0.378230901780586,FALSE,FALSE,not_patient_scored
axitinib,methotrexate,axitinib + methotrexate,-45,-51.2,-23,-89,0,5,BR:BT-549;BR:HS 578T;BR:MCF7;BR:MDA-MB-231;BR:T-47D,0.378230901780586,FALSE,FALSE,not_patient_scored
methotrexate,vandetanib,methotrexate + vandetanib,-42,-45.8,-9,-117,0,5,BR:BT-549;BR:HS 578T;BR:MCF7;BR:MDA-MB-231;BR:T-47D,0.378230901780586,FALSE,FALSE,not_patient_scored
cabazitaxel,methotrexate,cabazitaxel + methotrexate,-31,-44.4,-14,-90,0,5,BR:BT-549;BR:HS 578T;BR:MCF7;BR:MDA-MB-231;BR:T-47D,0.378230901780586,FALSE,FALSE,not_patient_scored
methotrexate,ruxolitinib,methotrexate + ruxolitinib,-44,-56.8,-14,-122,0,5,BR:BT-549;BR:HS 578T;BR:MCF7;BR:MDA-MB-231;BR:T-47D,0.378230901780586,FALSE,FALSE,not_patient_scored
busulfan,methotrexate,busulfan + methotrexate,-35,-45.8,16,-131,0.2,5,BR:BT-549;BR:HS 578T;BR:MCF7;BR:MDA-MB-231;BR:T-47D,0.378230901780586,FALSE,FALSE,not_patient_scored
6 thioguanine,busulfan,6 thioguanine + busulfan,-32,-33.4,2,-81,0.2,5,BR:BT-549;BR:HS 578T;BR:MCF7;BR:MDA-MB-231;BR:T-47D,0.378230901780586,FALSE,FALSE,not_patient_scored
6 mercaptopurine,busulfan,6 mercaptopurine + busulfan,3,-1.4,34,-46,0.6,5,BR:BT-549;BR:HS 578T;BR:MCF7;BR:MDA-MB-231;BR:T-47D,0.775895079456251,FALSE,FALSE,not_patient_scored
busulfan,nitrogen mustard,busulfan + nitrogen mustard,-15,-2.6,33,-38,0.4,5,BR:BT-549;BR:HS 578T;BR:MCF7;BR:MDA-MB-231;BR:T-47D,0.378230901780586,FALSE,FALSE,not_patient_scored
actinomycin d,busulfan,actinomycin d + busulfan,-5.5,-3,65,-66,0.5,4,BR:BT-549;BR:HS 578T;BR:MCF7;BR:MDA-MB-231,0.378230901780586,FALSE,FALSE,not_patient_scored
busulfan,chlorambucil,busulfan + chlorambucil,-51,-44.8,-10,-90,0,5,BR:BT-549;BR:HS 578T;BR:MCF7;BR:MDA-MB-231;BR:T-47D,0.378230901780586,FALSE,FALSE,not_patient_scored
busulfan,thiotepa,busulfan + thiotepa,-19,-20,15,-49,0.2,5,BR:BT-549;BR:HS 578T;BR:MCF7;BR:MDA-MB-231;BR:T-47D,0.378230901780586,FALSE,FALSE,not_patient_scored
busulfan,melphalan,busulfan + melphalan,11,-4.6,30,-77,0.6,5,BR:BT-549;BR:HS 578T;BR:MCF7;BR:MDA-MB-231;BR:T-47D,0.841853340991767,FALSE,FALSE,not_patient_scored
busulfan,triethylenemelamine,busulfan + triethylenemelamine,-41,-40,-8,-75,0,5,BR:BT-549;BR:HS 578T;BR:MCF7;BR:MDA-MB-231;BR:T-47D,0.378230901780586,FALSE,FALSE,not_patient_scored
altretamine,busulfan,altretamine + busulfan,-51,-46,-16,-79,0,5,BR:BT-549;BR:HS 578T;BR:MCF7;BR:MDA-MB-231;BR:T-47D,0.378230901780586,FALSE,FALSE,not_patient_scored
aminolevulinic acid,busulfan,aminolevulinic acid + busulfan,-10,-6,38,-40,0.4,5,BR:BT-549;BR:HS 578T;BR:MCF7;BR:MDA-MB-231;BR:T-47D,0.378230901780586,FALSE,FALSE,not_patient_scored
5-fluorouracil,busulfan,5-fluorouracil + busulfan,-15,-7.8,20,-44,0.4,5,BR:BT-549;BR:HS 578T;BR:MCF7;BR:MDA-MB-231;BR:T-47D,0.378230901780586,TRUE,FALSE,tier_B_one_drug_patient_scored
busulfan,mithramycin,busulfan + mithramycin,2,2,40,-42,0.6,5,BR:BT-549;BR:HS 578T;BR:MCF7;BR:MDA-MB-231;BR:T-47D,0.768140915182845,FALSE,FALSE,not_patient_scored
busulfan,pipobroman,busulfan + pipobroman,-9,-12.6,18,-33,0.2,5,BR:BT-549;BR:HS 578T;BR:MCF7;BR:MDA-MB-231;BR:T-47D,0.378230901780586,FALSE,FALSE,not_patient_scored
busulfan,floxuridine,busulfan + floxuridine,15,-4,26,-81,0.6,5,BR:BT-549;BR:HS 578T;BR:MCF7;BR:MDA-MB-231;BR:T-47D,0.864541451273215,FALSE,FALSE,not_patient_scored
busulfan,hydroxyurea,busulfan + hydroxyurea,-10,-11.8,32,-84,0.4,5,BR:BT-549;BR:HS 578T;BR:MCF7;BR:MDA-MB-231;BR:T-47D,0.378230901780586,FALSE,FALSE,not_patient_scored
busulfan,uracil mustard,busulfan + uracil mustard,-28,-29.6,-5,-56,0,5,BR:BT-549;BR:HS 578T;BR:MCF7;BR:MDA-MB-231;BR:T-47D,0.378230901780586,FALSE,FALSE,not_patient_scored
busulfan,mitotane,busulfan + mitotane,-18,-12.8,31,-49,0.4,5,BR:BT-549;BR:HS 578T;BR:MCF7;BR:MDA-MB-231;BR:T-47D,0.378230901780586,FALSE,FALSE,not_patient_scored
busulfan,dacarbazine,busulfan + dacarbazine,-30,-39.8,-21,-72,0,5,BR:BT-549;BR:HS 578T;BR:MCF7;BR:MDA-MB-231;BR:T-47D,0.378230901780586,FALSE,FALSE,not_patient_scored
busulfan,vinblastine,busulfan + vinblastine,4,-2.6,21,-53,0.6,5,BR:BT-549;BR:HS 578T;BR:MCF7;BR:MDA-MB-231;BR:T-47D,0.783553513306529,FALSE,FALSE,not_patient_scored
busulfan,cytarabine,busulfan + cytarabine,-7,-9.8,28,-41,0.2,5,BR:BT-549;BR:HS 578T;BR:MCF7;BR:MDA-MB-231;BR:T-47D,0.378230901780586,FALSE,FALSE,not_patient_scored
busulfan,vincristine,busulfan + vincristine,-21,-22.4,38,-97,0.2,5,BR:BT-549;BR:HS 578T;BR:MCF7;BR:MDA-MB-231;BR:T-47D,0.378230901780586,FALSE,FALSE,not_patient_scored
busulfan,megestrol acetate,busulfan + megestrol acetate,-89,-87,-16,-173,0,5,BR:BT-549;BR:HS 578T;BR:MCF7;BR:MDA-MB-231;BR:T-47D,0.378230901780586,FALSE,FALSE,not_patient_scored
busulfan,lomustine,busulfan + lomustine,-36,-29.4,20,-64,0.2,5,BR:BT-549;BR:HS 578T;BR:MCF7;BR:MDA-MB-231;BR:T-47D,0.378230901780586,FALSE,FALSE,not_patient_scored
busulfan,daunorubicin,busulfan + daunorubicin,-9,27.6666666666667,129,-37,0.333333333333333,3,BR:HS 578T;BR:MCF7;BR:T-47D,0.378230901780586,FALSE,FALSE,not_patient_scored
azacitidine,busulfan,azacitidine + busulfan,-33,-18.6,14,-44,0.4,5,BR:BT-549;BR:HS 578T;BR:MCF7;BR:MDA-MB-231;BR:T-47D,0.378230901780586,FALSE,FALSE,not_patient_scored
busulfan,cladribine,busulfan + cladribine,-36,-38.4,16,-103,0.2,5,BR:BT-549;BR:HS 578T;BR:MCF7;BR:MDA-MB-231;BR:T-47D,0.378230901780586,FALSE,FALSE,not_patient_scored
busulfan,fludarabine,busulfan + fludarabine,-49,-45.8,-4,-79,0,5,BR:BT-549;BR:HS 578T;BR:MCF7;BR:MDA-MB-231;BR:T-47D,0.378230901780586,FALSE,FALSE,not_patient_scored
busulfan,isotretinoin,busulfan + isotretinoin,7,0.4,36,-58,0.8,5,BR:BT-549;BR:HS 578T;BR:MCF7;BR:MDA-MB-231;BR:T-47D,0.810453762205629,FALSE,FALSE,not_patient_scored
busulfan,teniposide,busulfan + teniposide,-19,-1.8,40,-24,0.4,5,BR:BT-549;BR:HS 578T;BR:MCF7;BR:MDA-MB-231;BR:T-47D,0.378230901780586,FALSE,FALSE,not_patient_scored
busulfan,doxorubicin,busulfan + doxorubicin,-25,-18,37,-53,0.2,5,BR:BT-549;BR:HS 578T;BR:MCF7;BR:MDA-MB-231;BR:T-47D,0.378230901780586,FALSE,TRUE,tier_B_one_drug_patient_scored
bleomycin,busulfan,bleomycin + busulfan,-39,-35.8,-24,-48,0,5,BR:BT-549;BR:HS 578T;BR:MCF7;BR:MDA-MB-231;BR:T-47D,0.378230901780586,FALSE,FALSE,not_patient_scored
busulfan,paclitaxel,busulfan + paclitaxel,-31,-38,5,-95,0.25,4,BR:BT-549;BR:HS 578T;BR:MCF7;BR:MDA-MB-231,0.378230901780586,FALSE,TRUE,tier_B_one_drug_patient_scored
bendamustine,busulfan,bendamustine + busulfan,5,-20,26,-92,0.6,5,BR:BT-549;BR:HS 578T;BR:MCF7;BR:MDA-MB-231;BR:T-47D,0.793030825196247,FALSE,FALSE,not_patient_scored
busulfan,etoposide,busulfan + etoposide,-15,-21,-1,-59,0,5,BR:BT-549;BR:HS 578T;BR:MCF7;BR:MDA-MB-231;BR:T-47D,0.378230901780586,FALSE,FALSE,not_patient_scored
busulfan,dexrazoxane,busulfan + dexrazoxane,-16,-2.8,44,-28,0.4,5,BR:BT-549;BR:HS 578T;BR:MCF7;BR:MDA-MB-231;BR:T-47D,0.378230901780586,FALSE,FALSE,not_patient_scored
busulfan,tamoxifen,busulfan + tamoxifen,-22,-24.6,-21,-31,0,5,BR:BT-549;BR:HS 578T;BR:MCF7;BR:MDA-MB-231;BR:T-47D,0.378230901780586,FALSE,FALSE,not_patient_scored
busulfan,rapamycin,busulfan + rapamycin,-21,-15,34,-57,0.4,5,BR:BT-549;BR:HS 578T;BR:MCF7;BR:MDA-MB-231;BR:T-47D,0.378230901780586,FALSE,TRUE,tier_B_one_drug_patient_scored
busulfan,carboplatin,busulfan + carboplatin,-8,-11.2,0,-26,0,5,BR:BT-549;BR:HS 578T;BR:MCF7;BR:MDA-MB-231;BR:T-47D,0.378230901780586,FALSE,FALSE,not_patient_scored
busulfan,valrubicin,busulfan + valrubicin,-46,-51.8,61,-218,0.2,5,BR:BT-549;BR:HS 578T;BR:MCF7;BR:MDA-MB-231;BR:T-47D,0.378230901780586,FALSE,FALSE,not_patient_scored
busulfan,mitoxantrone,busulfan + mitoxantrone,-9,-17.6,28,-67,0.2,5,BR:BT-549;BR:HS 578T;BR:MCF7;BR:MDA-MB-231;BR:T-47D,0.378230901780586,FALSE,FALSE,not_patient_scored
busulfan,temozolomide,busulfan + temozolomide,-10,-12.2,26,-59,0.4,5,BR:BT-549;BR:HS 578T;BR:MCF7;BR:MDA-MB-231;BR:T-47D,0.378230901780586,FALSE,FALSE,not_patient_scored
busulfan,clofarabine,busulfan + clofarabine,-10,-25,12,-76,0.2,5,BR:BT-549;BR:HS 578T;BR:MCF7;BR:MDA-MB-231;BR:T-47D,0.378230901780586,FALSE,FALSE,not_patient_scored
busulfan,vinorelbine,busulfan + vinorelbine,-5,-7.6,7,-23,0.2,5,BR:BT-549;BR:HS 578T;BR:MCF7;BR:MDA-MB-231;BR:T-47D,0.378230901780586,FALSE,FALSE,not_patient_scored
busulfan,gemcitabine,busulfan + gemcitabine,-34,-38,2,-78,0.2,5,BR:BT-549;BR:HS 578T;BR:MCF7;BR:MDA-MB-231;BR:T-47D,0.378230901780586,FALSE,TRUE,tier_B_one_drug_patient_scored
busulfan,docetaxel,busulfan + docetaxel,-34,-19.2,85,-87,0.4,5,BR:BT-549;BR:HS 578T;BR:MCF7;BR:MDA-MB-231;BR:T-47D,0.378230901780586,FALSE,TRUE,tier_B_one_drug_patient_scored
7 ethyl 10 hydroxycamptothecin,busulfan,7 ethyl 10 hydroxycamptothecin + busulfan,26,7.6,43,-49,0.6,5,BR:BT-549;BR:HS 578T;BR:MCF7;BR:MDA-MB-231;BR:T-47D,0.911640819452422,FALSE,FALSE,not_patient_scored
busulfan,nelarabine,busulfan + nelarabine,-8,-18.6,33,-72,0.4,5,BR:BT-549;BR:HS 578T;BR:MCF7;BR:MDA-MB-231;BR:T-47D,0.378230901780586,FALSE,FALSE,not_patient_scored
busulfan,pemetrexed,busulfan + pemetrexed,-13,-6.6,30,-41,0.4,5,BR:BT-549;BR:HS 578T;BR:MCF7;BR:MDA-MB-231;BR:T-47D,0.378230901780586,FALSE,FALSE,not_patient_scored
busulfan,vorinostat,busulfan + vorinostat,-48,-50.2,6,-128,0.2,5,BR:BT-549;BR:HS 578T;BR:MCF7;BR:MDA-MB-231;BR:T-47D,0.378230901780586,FALSE,FALSE,not_patient_scored
busulfan,capecitabine,busulfan + capecitabine,-52,-37.8,42,-80,0.2,5,BR:BT-549;BR:HS 578T;BR:MCF7;BR:MDA-MB-231;BR:T-47D,0.378230901780586,FALSE,FALSE,not_patient_scored
busulfan,exemestane,busulfan + exemestane,-14,-1.8,48,-30,0.4,5,BR:BT-549;BR:HS 578T;BR:MCF7;BR:MDA-MB-231;BR:T-47D,0.378230901780586,FALSE,FALSE,not_patient_scored
busulfan,gefitinib,busulfan + gefitinib,2,11.4,37,-19,0.8,5,BR:BT-549;BR:HS 578T;BR:MCF7;BR:MDA-MB-231;BR:T-47D,0.768140915182845,FALSE,FALSE,not_patient_scored
busulfan,letrozole,busulfan + letrozole,10,14,42,-3,0.8,5,BR:BT-549;BR:HS 578T;BR:MCF7;BR:MDA-MB-231;BR:T-47D,0.835343672219031,FALSE,FALSE,not_patient_scored
busulfan,celecoxib,busulfan + celecoxib,-25,-30.8,-9,-66,0,5,BR:BT-549;BR:HS 578T;BR:MCF7;BR:MDA-MB-231;BR:T-47D,0.378230901780586,FALSE,FALSE,not_patient_scored
busulfan,zoledronate,busulfan + zoledronate,-53,-59.6,-25,-103,0,5,BR:BT-549;BR:HS 578T;BR:MCF7;BR:MDA-MB-231;BR:T-47D,0.378230901780586,FALSE,FALSE,not_patient_scored
busulfan,dasatinib,busulfan + dasatinib,-33,-35,-15,-58,0,5,BR:BT-549;BR:HS 578T;BR:MCF7;BR:MDA-MB-231;BR:T-47D,0.378230901780586,FALSE,FALSE,not_patient_scored
busulfan,everolimus,busulfan + everolimus,-17,-38,-13,-86,0,5,BR:BT-549;BR:HS 578T;BR:MCF7;BR:MDA-MB-231;BR:T-47D,0.378230901780586,FALSE,FALSE,not_patient_scored
busulfan,pazopanib,busulfan + pazopanib,-40,-38.8,-13,-57,0,5,BR:BT-549;BR:HS 578T;BR:MCF7;BR:MDA-MB-231;BR:T-47D,0.378230901780586,FALSE,FALSE,not_patient_scored
busulfan,imatinib,busulfan + imatinib,-54,-52.4,0,-118,0,5,BR:BT-549;BR:HS 578T;BR:MCF7;BR:MDA-MB-231;BR:T-47D,0.378230901780586,FALSE,FALSE,not_patient_scored
busulfan,lapatinib,busulfan + lapatinib,10,3.6,33,-32,0.6,5,BR:BT-549;BR:HS 578T;BR:MCF7;BR:MDA-MB-231;BR:T-47D,0.835343672219031,FALSE,TRUE,tier_B_one_drug_patient_scored
busulfan,nilotinib,busulfan + nilotinib,-36,-28.2,19,-58,0.2,5,BR:BT-549;BR:HS 578T;BR:MCF7;BR:MDA-MB-231;BR:T-47D,0.378230901780586,FALSE,FALSE,not_patient_scored
busulfan,sorafenib,busulfan + sorafenib,-91,-94.4,-25,-166,0,5,BR:BT-549;BR:HS 578T;BR:MCF7;BR:MDA-MB-231;BR:T-47D,0.378230901780586,FALSE,FALSE,not_patient_scored
busulfan,lenalidomide,busulfan + lenalidomide,17,7,31,-40,0.6,5,BR:BT-549;BR:HS 578T;BR:MCF7;BR:MDA-MB-231;BR:T-47D,0.874114493586062,FALSE,FALSE,not_patient_scored
busulfan,raloxifene,busulfan + raloxifene,-67,-79,-30,-174,0,5,BR:BT-549;BR:HS 578T;BR:MCF7;BR:MDA-MB-231;BR:T-47D,0.378230901780586,FALSE,FALSE,not_patient_scored
abiraterone,busulfan,abiraterone + busulfan,-37,-37.6,0,-76,0,5,BR:BT-549;BR:HS 578T;BR:MCF7;BR:MDA-MB-231;BR:T-47D,0.378230901780586,FALSE,FALSE,not_patient_scored
busulfan,sunitinib,busulfan + sunitinib,-52,-59,-23,-110,0,5,BR:BT-549;BR:HS 578T;BR:MCF7;BR:MDA-MB-231;BR:T-47D,0.378230901780586,FALSE,FALSE,not_patient_scored
busulfan,vemurafenib,busulfan + vemurafenib,-63,-64.6,-15,-126,0,5,BR:BT-549;BR:HS 578T;BR:MCF7;BR:MDA-MB-231;BR:T-47D,0.378230901780586,FALSE,FALSE,not_patient_scored
busulfan,depsipeptide,busulfan + depsipeptide,-33,-43.4,-20,-73,0,5,BR:BT-549;BR:HS 578T;BR:MCF7;BR:MDA-MB-231;BR:T-47D,0.378230901780586,FALSE,FALSE,not_patient_scored
busulfan,pralatrexate,busulfan + pralatrexate,3,-1,32,-27,0.6,5,BR:BT-549;BR:HS 578T;BR:MCF7;BR:MDA-MB-231;BR:T-47D,0.775895079456251,FALSE,FALSE,not_patient_scored
busulfan,vismodegib,busulfan + vismodegib,-53,-60,-19,-135,0,5,BR:BT-549;BR:HS 578T;BR:MCF7;BR:MDA-MB-231;BR:T-47D,0.378230901780586,FALSE,FALSE,not_patient_scored
busulfan,crizotinib,busulfan + crizotinib,-55,-60.8,-40,-86,0,5,BR:BT-549;BR:HS 578T;BR:MCF7;BR:MDA-MB-231;BR:T-47D,0.378230901780586,FALSE,FALSE,not_patient_scored
axitinib,busulfan,axitinib + busulfan,-62,-62,-42,-93,0,5,BR:BT-549;BR:HS 578T;BR:MCF7;BR:MDA-MB-231;BR:T-47D,0.378230901780586,FALSE,FALSE,not_patient_scored
busulfan,vandetanib,busulfan + vandetanib,-12,-33.8,-3,-116,0,5,BR:BT-549;BR:HS 578T;BR:MCF7;BR:MDA-MB-231;BR:T-47D,0.378230901780586,FALSE,FALSE,not_patient_scored
busulfan,cabazitaxel,busulfan + cabazitaxel,-52,-56,-25,-107,0,5,BR:BT-549;BR:HS 578T;BR:MCF7;BR:MDA-MB-231;BR:T-47D,0.378230901780586,FALSE,FALSE,not_patient_scored
busulfan,ruxolitinib,busulfan + ruxolitinib,-69,-84.4,-17,-221,0,5,BR:BT-549;BR:HS 578T;BR:MCF7;BR:MDA-MB-231;BR:T-47D,0.378230901780586,FALSE,FALSE,not_patient_scored
6 thioguanine,chlorambucil,6 thioguanine + chlorambucil,-70,-62.4,-19,-91,0,5,BR:BT-549;BR:HS 578T;BR:MCF7;BR:MDA-MB-231;BR:T-47D,0.378230901780586,FALSE,FALSE,not_patient_scored
6 thioguanine,melphalan,6 thioguanine + melphalan,-74,-62.4,-19,-77,0,5,BR:BT-549;BR:HS 578T;BR:MCF7;BR:MDA-MB-231;BR:T-47D,0.378230901780586,FALSE,FALSE,not_patient_scored
6 thioguanine,triethylenemelamine,6 thioguanine + triethylenemelamine,-28,-20.4,1,-40,0.2,5,BR:BT-549;BR:HS 578T;BR:MCF7;BR:MDA-MB-231;BR:T-47D,0.378230901780586,FALSE,FALSE,not_patient_scored
6 thioguanine,altretamine,6 thioguanine + altretamine,-21,-31.6,21,-87,0.2,5,BR:BT-549;BR:HS 578T;BR:MCF7;BR:MDA-MB-231;BR:T-47D,0.378230901780586,FALSE,FALSE,not_patient_scored
5-fluorouracil,6 thioguanine,5-fluorouracil + 6 thioguanine,-79,-63.8,-27,-97,0,5,BR:BT-549;BR:HS 578T;BR:MCF7;BR:MDA-MB-231;BR:T-47D,0.378230901780586,TRUE,FALSE,tier_B_one_drug_patient_scored
6 thioguanine,uracil mustard,6 thioguanine + uracil mustard,-6,2.4,53,-59,0.4,5,BR:BT-549;BR:HS 578T;BR:MCF7;BR:MDA-MB-231;BR:T-47D,0.378230901780586,FALSE,FALSE,not_patient_scored
6 thioguanine,dacarbazine,6 thioguanine + dacarbazine,-26,-30.6,29,-89,0.2,5,BR:BT-549;BR:HS 578T;BR:MCF7;BR:MDA-MB-231;BR:T-47D,0.378230901780586,FALSE,FALSE,not_patient_scored
6 thioguanine,megestrol acetate,6 thioguanine + megestrol acetate,-44,-44.2,11,-97,0.2,5,BR:BT-549;BR:HS 578T;BR:MCF7;BR:MDA-MB-231;BR:T-47D,0.378230901780586,FALSE,FALSE,not_patient_scored
6 thioguanine,lomustine,6 thioguanine + lomustine,-13,-11.8,34,-62,0.2,5,BR:BT-549;BR:HS 578T;BR:MCF7;BR:MDA-MB-231;BR:T-47D,0.378230901780586,FALSE,FALSE,not_patient_scored
6 thioguanine,daunorubicin,6 thioguanine + daunorubicin,-65,-53.2,42,-93,0.2,5,BR:BT-549;BR:HS 578T;BR:MCF7;BR:MDA-MB-231;BR:T-47D,0.378230901780586,FALSE,FALSE,not_patient_scored
6 thioguanine,teniposide,6 thioguanine + teniposide,-24,-39.2,-9,-98,0,5,BR:BT-549;BR:HS 578T;BR:MCF7;BR:MDA-MB-231;BR:T-47D,0.378230901780586,FALSE,FALSE,not_patient_scored
6 thioguanine,doxorubicin,6 thioguanine + doxorubicin,6,0.6,17,-30,0.6,5,BR:BT-549;BR:HS 578T;BR:MCF7;BR:MDA-MB-231;BR:T-47D,0.802508137085966,FALSE,TRUE,tier_B_one_drug_patient_scored
6 thioguanine,etoposide,6 thioguanine + etoposide,-34,-41.6,-18,-67,0,5,BR:BT-549;BR:HS 578T;BR:MCF7;BR:MDA-MB-231;BR:T-47D,0.378230901780586,FALSE,FALSE,not_patient_scored
6 thioguanine,dexrazoxane,6 thioguanine + dexrazoxane,-38,-35.8,-16,-50,0,5,BR:BT-549;BR:HS 578T;BR:MCF7;BR:MDA-MB-231;BR:T-47D,0.378230901780586,FALSE,FALSE,not_patient_scored
6 thioguanine,mitoxantrone,6 thioguanine + mitoxantrone,-17,-33,-9,-81,0,5,BR:BT-549;BR:HS 578T;BR:MCF7;BR:MDA-MB-231;BR:T-47D,0.378230901780586,FALSE,FALSE,not_patient_scored
6 thioguanine,vinorelbine,6 thioguanine + vinorelbine,-6,0.2,84,-41,0.2,5,BR:BT-549;BR:HS 578T;BR:MCF7;BR:MDA-MB-231;BR:T-47D,0.378230901780586,FALSE,FALSE,not_patient_scored
6 thioguanine,pemetrexed,6 thioguanine + pemetrexed,-34,-42.8,-24,-87,0,5,BR:BT-549;BR:HS 578T;BR:MCF7;BR:MDA-MB-231;BR:T-47D,0.378230901780586,FALSE,FALSE,not_patient_scored
6 thioguanine,exemestane,6 thioguanine + exemestane,-2,-1.4,24,-26,0.4,5,BR:BT-549;BR:HS 578T;BR:MCF7;BR:MDA-MB-231;BR:T-47D,0.378230901780586,FALSE,FALSE,not_patient_scored
6 thioguanine,gefitinib,6 thioguanine + gefitinib,-11,-4.6,34,-36,0.4,5,BR:BT-549;BR:HS 578T;BR:MCF7;BR:MDA-MB-231;BR:T-47D,0.378230901780586,FALSE,FALSE,not_patient_scored
6 thioguanine,pazopanib,6 thioguanine + pazopanib,-10,-9.75,17,-36,0.5,4,BR:BT-549;BR:HS 578T;BR:MCF7;BR:MDA-MB-231,0.378230901780586,FALSE,FALSE,not_patient_scored
6 thioguanine,lenalidomide,6 thioguanine + lenalidomide,12,4.6,15,-11,0.6,5,BR:BT-549;BR:HS 578T;BR:MCF7;BR:MDA-MB-231;BR:T-47D,0.847118514263833,FALSE,FALSE,not_patient_scored
6 thioguanine,raloxifene,6 thioguanine + raloxifene,-81,-61.6,7,-87,0.2,5,BR:BT-549;BR:HS 578T;BR:MCF7;BR:MDA-MB-231;BR:T-47D,0.378230901780586,FALSE,FALSE,not_patient_scored
6 thioguanine,abiraterone,6 thioguanine + abiraterone,-15,-17,-4,-32,0,5,BR:BT-549;BR:HS 578T;BR:MCF7;BR:MDA-MB-231;BR:T-47D,0.378230901780586,FALSE,FALSE,not_patient_scored
6 thioguanine,vemurafenib,6 thioguanine + vemurafenib,-29,-24.2,19,-63,0.2,5,BR:BT-549;BR:HS 578T;BR:MCF7;BR:MDA-MB-231;BR:T-47D,0.378230901780586,FALSE,FALSE,not_patient_scored
6 thioguanine,vismodegib,6 thioguanine + vismodegib,-22,-12.2,15,-36,0.4,5,BR:BT-549;BR:HS 578T;BR:MCF7;BR:MDA-MB-231;BR:T-47D,0.378230901780586,FALSE,FALSE,not_patient_scored
6 thioguanine,crizotinib,6 thioguanine + crizotinib,-35.5,-36.2,-7,-77,0,5,BR:BT-549;BR:HS 578T;BR:MCF7;BR:MDA-MB-231;BR:T-47D,0.378230901780586,FALSE,FALSE,not_patient_scored
6 thioguanine,axitinib,6 thioguanine + axitinib,-24,-20.8,2,-39,0.2,5,BR:BT-549;BR:HS 578T;BR:MCF7;BR:MDA-MB-231;BR:T-47D,0.378230901780586,FALSE,FALSE,not_patient_scored
6 thioguanine,vandetanib,6 thioguanine + vandetanib,-25,-20.6,2,-38,0.2,5,BR:BT-549;BR:HS 578T;BR:MCF7;BR:MDA-MB-231;BR:T-47D,0.378230901780586,FALSE,FALSE,not_patient_scored
6 thioguanine,cabazitaxel,6 thioguanine + cabazitaxel,-29,-32.8,-15,-50,0,5,BR:BT-549;BR:HS 578T;BR:MCF7;BR:MDA-MB-231;BR:T-47D,0.378230901780586,FALSE,FALSE,not_patient_scored
6 thioguanine,ruxolitinib,6 thioguanine + ruxolitinib,-23,-19,8,-50,0.4,5,BR:BT-549;BR:HS 578T;BR:MCF7;BR:MDA-MB-231;BR:T-47D,0.378230901780586,FALSE,FALSE,not_patient_scored
6 mercaptopurine,methotrexate,6 mercaptopurine + methotrexate,-17,-38,2,-108,0.2,5,BR:BT-549;BR:HS 578T;BR:MCF7;BR:MDA-MB-231;BR:T-47D,0.378230901780586,FALSE,FALSE,not_patient_scored
6 mercaptopurine,6 thioguanine,6 mercaptopurine + 6 thioguanine,-13,-23.6,7,-59,0.2,5,BR:BT-549;BR:HS 578T;BR:MCF7;BR:MDA-MB-231;BR:T-47D,0.378230901780586,FALSE,FALSE,not_patient_scored
6 mercaptopurine,actinomycin d,6 mercaptopurine + actinomycin d,-57,-63.6666666666667,-27,-107,0,3,BR:HS 578T;BR:MCF7;BR:MDA-MB-231,0.378230901780586,FALSE,FALSE,not_patient_scored
6 mercaptopurine,chlorambucil,6 mercaptopurine + chlorambucil,-44,-45.8,-16,-97,0,5,BR:BT-549;BR:HS 578T;BR:MCF7;BR:MDA-MB-231;BR:T-47D,0.378230901780586,FALSE,FALSE,not_patient_scored
6 mercaptopurine,thiotepa,6 mercaptopurine + thiotepa,-20,-17.6,34,-58,0.4,5,BR:BT-549;BR:HS 578T;BR:MCF7;BR:MDA-MB-231;BR:T-47D,0.378230901780586,FALSE,FALSE,not_patient_scored
6 mercaptopurine,melphalan,6 mercaptopurine + melphalan,-57,-45,-12,-68,0,5,BR:BT-549;BR:HS 578T;BR:MCF7;BR:MDA-MB-231;BR:T-47D,0.378230901780586,FALSE,FALSE,not_patient_scored
6 mercaptopurine,triethylenemelamine,6 mercaptopurine + triethylenemelamine,-49,-41.6,-22,-55,0,5,BR:BT-549;BR:HS 578T;BR:MCF7;BR:MDA-MB-231;BR:T-47D,0.378230901780586,FALSE,FALSE,not_patient_scored
6 mercaptopurine,altretamine,6 mercaptopurine + altretamine,-24,-32,1,-98,0.2,5,BR:BT-549;BR:HS 578T;BR:MCF7;BR:MDA-MB-231;BR:T-47D,0.378230901780586,FALSE,FALSE,not_patient_scored
5-fluorouracil,6 mercaptopurine,5-fluorouracil + 6 mercaptopurine,5,-4.6,29,-79,0.6,5,BR:BT-549;BR:HS 578T;BR:MCF7;BR:MDA-MB-231;BR:T-47D,0.793030825196247,TRUE,FALSE,tier_B_one_drug_patient_scored
6 mercaptopurine,mithramycin,6 mercaptopurine + mithramycin,-4,-7.4,35,-51,0.2,5,BR:BT-549;BR:HS 578T;BR:MCF7;BR:MDA-MB-231;BR:T-47D,0.378230901780586,FALSE,FALSE,not_patient_scored
6 mercaptopurine,floxuridine,6 mercaptopurine + floxuridine,23,-13,64,-103,0.6,5,BR:BT-549;BR:HS 578T;BR:MCF7;BR:MDA-MB-231;BR:T-47D,0.901014742485162,FALSE,FALSE,not_patient_scored
6 mercaptopurine,hydroxyurea,6 mercaptopurine + hydroxyurea,-24,-14.8,33,-48,0.2,5,BR:BT-549;BR:HS 578T;BR:MCF7;BR:MDA-MB-231;BR:T-47D,0.378230901780586,FALSE,FALSE,not_patient_scored
6 mercaptopurine,uracil mustard,6 mercaptopurine + uracil mustard,-46,-62,-17,-139,0,5,BR:BT-549;BR:HS 578T;BR:MCF7;BR:MDA-MB-231;BR:T-47D,0.378230901780586,FALSE,FALSE,not_patient_scored
6 mercaptopurine,mitotane,6 mercaptopurine + mitotane,-11,-1.2,35,-36,0.4,5,BR:BT-549;BR:HS 578T;BR:MCF7;BR:MDA-MB-231;BR:T-47D,0.378230901780586,FALSE,FALSE,not_patient_scored
6 mercaptopurine,dacarbazine,6 mercaptopurine + dacarbazine,-61,-70.4,-22,-119,0,5,BR:BT-549;BR:HS 578T;BR:MCF7;BR:MDA-MB-231;BR:T-47D,0.378230901780586,FALSE,FALSE,not_patient_scored
6 mercaptopurine,vinblastine,6 mercaptopurine + vinblastine,-29,-31,-9,-54,0,5,BR:BT-549;BR:HS 578T;BR:MCF7;BR:MDA-MB-231;BR:T-47D,0.378230901780586,FALSE,FALSE,not_patient_scored
6 mercaptopurine,cytarabine,6 mercaptopurine + cytarabine,-38,-42.8,-18,-77,0,5,BR:BT-549;BR:HS 578T;BR:MCF7;BR:MDA-MB-231;BR:T-47D,0.378230901780586,FALSE,FALSE,not_patient_scored
6 mercaptopurine,vincristine,6 mercaptopurine + vincristine,-11,-29,-9,-78,0,5,BR:BT-549;BR:HS 578T;BR:MCF7;BR:MDA-MB-231;BR:T-47D,0.378230901780586,FALSE,FALSE,not_patient_scored
6 mercaptopurine,megestrol acetate,6 mercaptopurine + megestrol acetate,-78,-69.4,9,-160,0.2,5,BR:BT-549;BR:HS 578T;BR:MCF7;BR:MDA-MB-231;BR:T-47D,0.378230901780586,FALSE,FALSE,not_patient_scored
6 mercaptopurine,lomustine,6 mercaptopurine + lomustine,-30,-46.8,0,-126,0,5,BR:BT-549;BR:HS 578T;BR:MCF7;BR:MDA-MB-231;BR:T-47D,0.378230901780586,FALSE,FALSE,not_patient_scored
6 mercaptopurine,daunorubicin,6 mercaptopurine + daunorubicin,22,15.8,49,-51,0.8,5,BR:BT-549;BR:HS 578T;BR:MCF7;BR:MDA-MB-231;BR:T-47D,0.896802603867509,FALSE,FALSE,not_patient_scored
6 mercaptopurine,azacitidine,6 mercaptopurine + azacitidine,-21,0.8,49,-34,0.4,5,BR:BT-549;BR:HS 578T;BR:MCF7;BR:MDA-MB-231;BR:T-47D,0.378230901780586,FALSE,FALSE,not_patient_scored
6 mercaptopurine,cladribine,6 mercaptopurine + cladribine,-56,-57.2,6,-122,0.2,5,BR:BT-549;BR:HS 578T;BR:MCF7;BR:MDA-MB-231;BR:T-47D,0.378230901780586,FALSE,FALSE,not_patient_scored
6 mercaptopurine,fludarabine,6 mercaptopurine + fludarabine,-46,-35.6,14,-69,0.2,5,BR:BT-549;BR:HS 578T;BR:MCF7;BR:MDA-MB-231;BR:T-47D,0.378230901780586,FALSE,FALSE,not_patient_scored
6 mercaptopurine,isotretinoin,6 mercaptopurine + isotretinoin,-36,-27,75,-106,0.2,5,BR:BT-549;BR:HS 578T;BR:MCF7;BR:MDA-MB-231;BR:T-47D,0.378230901780586,FALSE,FALSE,not_patient_scored
6 mercaptopurine,teniposide,6 mercaptopurine + teniposide,-36,-4,72,-60,0.4,5,BR:BT-549;BR:HS 578T;BR:MCF7;BR:MDA-MB-231;BR:T-47D,0.378230901780586,FALSE,FALSE,not_patient_scored
6 mercaptopurine,doxorubicin,6 mercaptopurine + doxorubicin,-2,14,103,-43,0.4,5,BR:BT-549;BR:HS 578T;BR:MCF7;BR:MDA-MB-231;BR:T-47D,0.378230901780586,FALSE,TRUE,tier_B_one_drug_patient_scored
6 mercaptopurine,bleomycin,6 mercaptopurine + bleomycin,-20.5,-18.5,-10,-23,0,4,BR:BT-549;BR:MCF7;BR:MDA-MB-231;BR:T-47D,0.378230901780586,FALSE,FALSE,not_patient_scored
6 mercaptopurine,paclitaxel,6 mercaptopurine + paclitaxel,-102,-97,-56,-143,0,5,BR:BT-549;BR:HS 578T;BR:MCF7;BR:MDA-MB-231;BR:T-47D,0.378230901780586,FALSE,TRUE,tier_B_one_drug_patient_scored
6 mercaptopurine,bendamustine,6 mercaptopurine + bendamustine,-101,-89.75,-14,-143,0,4,BR:BT-549;BR:MCF7;BR:MDA-MB-231;BR:T-47D,0.378230901780586,FALSE,FALSE,not_patient_scored
6 mercaptopurine,etoposide,6 mercaptopurine + etoposide,-6,-17.8,17,-86,0.4,5,BR:BT-549;BR:HS 578T;BR:MCF7;BR:MDA-MB-231;BR:T-47D,0.378230901780586,FALSE,FALSE,not_patient_scored
6 mercaptopurine,dexrazoxane,6 mercaptopurine + dexrazoxane,-18,-11.2,16,-39,0.4,5,BR:BT-549;BR:HS 578T;BR:MCF7;BR:MDA-MB-231;BR:T-47D,0.378230901780586,FALSE,FALSE,not_patient_scored
6 mercaptopurine,tamoxifen,6 mercaptopurine + tamoxifen,2,-6.6,3,-27,0.6,5,BR:BT-549;BR:HS 578T;BR:MCF7;BR:MDA-MB-231;BR:T-47D,0.768140915182845,FALSE,FALSE,not_patient_scored
6 mercaptopurine,carboplatin,6 mercaptopurine + carboplatin,-93,-93.8,-70,-127,0,5,BR:BT-549;BR:HS 578T;BR:MCF7;BR:MDA-MB-231;BR:T-47D,0.378230901780586,FALSE,FALSE,not_patient_scored
6 mercaptopurine,valrubicin,6 mercaptopurine + valrubicin,16,-5,36,-62,0.6,5,BR:BT-549;BR:HS 578T;BR:MCF7;BR:MDA-MB-231;BR:T-47D,0.869519433275895,FALSE,FALSE,not_patient_scored
6 mercaptopurine,mitoxantrone,6 mercaptopurine + mitoxantrone,18,15,48,-29,0.8,5,BR:BT-549;BR:HS 578T;BR:MCF7;BR:MDA-MB-231;BR:T-47D,0.878996745165614,FALSE,FALSE,not_patient_scored
6 mercaptopurine,temozolomide,6 mercaptopurine + temozolomide,-43,-44,-11,-80,0,5,BR:BT-549;BR:HS 578T;BR:MCF7;BR:MDA-MB-231;BR:T-47D,0.378230901780586,FALSE,FALSE,not_patient_scored
6 mercaptopurine,vinorelbine,6 mercaptopurine + vinorelbine,-3,0.2,29,-31,0.4,5,BR:BT-549;BR:HS 578T;BR:MCF7;BR:MDA-MB-231;BR:T-47D,0.378230901780586,FALSE,FALSE,not_patient_scored
6 mercaptopurine,docetaxel,6 mercaptopurine + docetaxel,-71,-64.25,12,-127,0.25,4,BR:BT-549;BR:MCF7;BR:MDA-MB-231;BR:T-47D,0.378230901780586,FALSE,TRUE,tier_B_one_drug_patient_scored
6 mercaptopurine,7 ethyl 10 hydroxycamptothecin,6 mercaptopurine + 7 ethyl 10 hydroxycamptothecin,-16,-20.6,10,-71,0.2,5,BR:BT-549;BR:HS 578T;BR:MCF7;BR:MDA-MB-231;BR:T-47D,0.378230901780586,FALSE,FALSE,not_patient_scored
6 mercaptopurine,pemetrexed,6 mercaptopurine + pemetrexed,-5,-9.6,20,-69,0.4,5,BR:BT-549;BR:HS 578T;BR:MCF7;BR:MDA-MB-231;BR:T-47D,0.378230901780586,FALSE,FALSE,not_patient_scored
6 mercaptopurine,vorinostat,6 mercaptopurine + vorinostat,15,10.2,65,-55,0.8,5,BR:BT-549;BR:HS 578T;BR:MCF7;BR:MDA-MB-231;BR:T-47D,0.864541451273215,FALSE,FALSE,not_patient_scored
6 mercaptopurine,exemestane,6 mercaptopurine + exemestane,-28,-34.2,-23,-46,0,5,BR:BT-549;BR:HS 578T;BR:MCF7;BR:MDA-MB-231;BR:T-47D,0.378230901780586,FALSE,FALSE,not_patient_scored
6 mercaptopurine,gefitinib,6 mercaptopurine + gefitinib,9,18.6,50,0,0.8,5,BR:BT-549;BR:HS 578T;BR:MCF7;BR:MDA-MB-231;BR:T-47D,0.827685238368754,FALSE,FALSE,not_patient_scored
6 mercaptopurine,fulvestrant,6 mercaptopurine + fulvestrant,-27,-21.6,40,-60,0.2,5,BR:BT-549;BR:HS 578T;BR:MCF7;BR:MDA-MB-231;BR:T-47D,0.378230901780586,FALSE,FALSE,not_patient_scored
6 mercaptopurine,anastrozole,6 mercaptopurine + anastrozole,-17,-11.8,35,-41,0.2,5,BR:BT-549;BR:HS 578T;BR:MCF7;BR:MDA-MB-231;BR:T-47D,0.378230901780586,FALSE,FALSE,not_patient_scored
6 mercaptopurine,letrozole,6 mercaptopurine + letrozole,-10,-9.4,0,-21,0,5,BR:BT-549;BR:HS 578T;BR:MCF7;BR:MDA-MB-231;BR:T-47D,0.378230901780586,FALSE,FALSE,not_patient_scored
6 mercaptopurine,celecoxib,6 mercaptopurine + celecoxib,-31,-43.4,17,-129,0.2,5,BR:BT-549;BR:HS 578T;BR:MCF7;BR:MDA-MB-231;BR:T-47D,0.378230901780586,FALSE,FALSE,not_patient_scored
6 mercaptopurine,zoledronate,6 mercaptopurine + zoledronate,-10,-24.8,15,-79,0.4,5,BR:BT-549;BR:HS 578T;BR:MCF7;BR:MDA-MB-231;BR:T-47D,0.378230901780586,FALSE,FALSE,not_patient_scored
6 mercaptopurine,dasatinib,6 mercaptopurine + dasatinib,-91,-108.4,-24,-219,0,5,BR:BT-549;BR:HS 578T;BR:MCF7;BR:MDA-MB-231;BR:T-47D,0.378230901780586,FALSE,FALSE,not_patient_scored
6 mercaptopurine,everolimus,6 mercaptopurine + everolimus,-10,-15.2,78,-94,0.4,5,BR:BT-549;BR:HS 578T;BR:MCF7;BR:MDA-MB-231;BR:T-47D,0.378230901780586,FALSE,FALSE,not_patient_scored
6 mercaptopurine,pazopanib,6 mercaptopurine + pazopanib,-40,-30.4,-2,-58,0,5,BR:BT-549;BR:HS 578T;BR:MCF7;BR:MDA-MB-231;BR:T-47D,0.378230901780586,FALSE,FALSE,not_patient_scored
6 mercaptopurine,imatinib,6 mercaptopurine + imatinib,-7,13,77,-16,0.4,5,BR:BT-549;BR:HS 578T;BR:MCF7;BR:MDA-MB-231;BR:T-47D,0.378230901780586,FALSE,FALSE,not_patient_scored
6 mercaptopurine,lapatinib,6 mercaptopurine + lapatinib,-58,-125.2,-24,-300,0,5,BR:BT-549;BR:HS 578T;BR:MCF7;BR:MDA-MB-231;BR:T-47D,0.378230901780586,FALSE,TRUE,tier_B_one_drug_patient_scored
6 mercaptopurine,sorafenib,6 mercaptopurine + sorafenib,-84,-59.4,4,-103,0.2,5,BR:BT-549;BR:HS 578T;BR:MCF7;BR:MDA-MB-231;BR:T-47D,0.378230901780586,FALSE,FALSE,not_patient_scored
6 mercaptopurine,lenalidomide,6 mercaptopurine + lenalidomide,1,-7.8,9,-39,0.6,5,BR:BT-549;BR:HS 578T;BR:MCF7;BR:MDA-MB-231;BR:T-47D,0.759908098793797,FALSE,FALSE,not_patient_scored
6 mercaptopurine,raloxifene,6 mercaptopurine + raloxifene,-37,-64.2,-5,-175,0,5,BR:BT-549;BR:HS 578T;BR:MCF7;BR:MDA-MB-231;BR:T-47D,0.378230901780586,FALSE,FALSE,not_patient_scored
6 mercaptopurine,abiraterone,6 mercaptopurine + abiraterone,-58,-53.4,-10,-94,0,5,BR:BT-549;BR:HS 578T;BR:MCF7;BR:MDA-MB-231;BR:T-47D,0.378230901780586,FALSE,FALSE,not_patient_scored
6 mercaptopurine,sunitinib,6 mercaptopurine + sunitinib,-84,-59.4,4,-103,0.2,5,BR:BT-549;BR:HS 578T;BR:MCF7;BR:MDA-MB-231;BR:T-47D,0.378230901780586,FALSE,FALSE,not_patient_scored
6 mercaptopurine,vemurafenib,6 mercaptopurine + vemurafenib,-65,-67.6,-7,-150,0,5,BR:BT-549;BR:HS 578T;BR:MCF7;BR:MDA-MB-231;BR:T-47D,0.378230901780586,FALSE,FALSE,not_patient_scored
6 mercaptopurine,depsipeptide,6 mercaptopurine + depsipeptide,-84,-59.4,4,-103,0.2,5,BR:BT-549;BR:HS 578T;BR:MCF7;BR:MDA-MB-231;BR:T-47D,0.378230901780586,FALSE,FALSE,not_patient_scored
6 mercaptopurine,pralatrexate,6 mercaptopurine + pralatrexate,-84,-59.4,4,-103,0.2,5,BR:BT-549;BR:HS 578T;BR:MCF7;BR:MDA-MB-231;BR:T-47D,0.378230901780586,FALSE,FALSE,not_patient_scored
6 mercaptopurine,vismodegib,6 mercaptopurine + vismodegib,-43,-40.2,48,-121,0.2,5,BR:BT-549;BR:HS 578T;BR:MCF7;BR:MDA-MB-231;BR:T-47D,0.378230901780586,FALSE,FALSE,not_patient_scored
6 mercaptopurine,crizotinib,6 mercaptopurine + crizotinib,-70,-65.2,-23,-98,0,5,BR:BT-549;BR:HS 578T;BR:MCF7;BR:MDA-MB-231;BR:T-47D,0.378230901780586,FALSE,FALSE,not_patient_scored
6 mercaptopurine,axitinib,6 mercaptopurine + axitinib,-53,-61.8,-29,-127,0,5,BR:BT-549;BR:HS 578T;BR:MCF7;BR:MDA-MB-231;BR:T-47D,0.378230901780586,FALSE,FALSE,not_patient_scored
6 mercaptopurine,vandetanib,6 mercaptopurine + vandetanib,-52,-48.8,11,-103,0.2,5,BR:BT-549;BR:HS 578T;BR:MCF7;BR:MDA-MB-231;BR:T-47D,0.378230901780586,FALSE,FALSE,not_patient_scored
6 mercaptopurine,cabazitaxel,6 mercaptopurine + cabazitaxel,-11,-21.8,28,-71,0.4,5,BR:BT-549;BR:HS 578T;BR:MCF7;BR:MDA-MB-231;BR:T-47D,0.378230901780586,FALSE,FALSE,not_patient_scored
6 mercaptopurine,ruxolitinib,6 mercaptopurine + ruxolitinib,-84,-72.4,-21,-145,0,5,BR:BT-549;BR:HS 578T;BR:MCF7;BR:MDA-MB-231;BR:T-47D,0.378230901780586,FALSE,FALSE,not_patient_scored
methotrexate,nitrogen mustard,methotrexate + nitrogen mustard,-23,-38.6,-6,-113,0,5,BR:BT-549;BR:HS 578T;BR:MCF7;BR:MDA-MB-231;BR:T-47D,0.378230901780586,FALSE,FALSE,not_patient_scored
6 thioguanine,nitrogen mustard,6 thioguanine + nitrogen mustard,-56,-54.2,-26,-74,0,5,BR:BT-549;BR:HS 578T;BR:MCF7;BR:MDA-MB-231;BR:T-47D,0.378230901780586,FALSE,FALSE,not_patient_scored
6 mercaptopurine,nitrogen mustard,6 mercaptopurine + nitrogen mustard,-37,-25.8,11,-53,0.2,5,BR:BT-549;BR:HS 578T;BR:MCF7;BR:MDA-MB-231;BR:T-47D,0.378230901780586,FALSE,FALSE,not_patient_scored
chlorambucil,nitrogen mustard,chlorambucil + nitrogen mustard,-37,-28,-5,-52,0,5,BR:BT-549;BR:HS 578T;BR:MCF7;BR:MDA-MB-231;BR:T-47D,0.378230901780586,FALSE,FALSE,not_patient_scored
nitrogen mustard,thiotepa,nitrogen mustard + thiotepa,-61,-57.2,1,-110,0.2,5,BR:BT-549;BR:HS 578T;BR:MCF7;BR:MDA-MB-231;BR:T-47D,0.378230901780586,FALSE,FALSE,not_patient_scored
melphalan,nitrogen mustard,melphalan + nitrogen mustard,-32,-42.6,11,-110,0.4,5,BR:BT-549;BR:HS 578T;BR:MCF7;BR:MDA-MB-231;BR:T-47D,0.378230901780586,FALSE,FALSE,not_patient_scored
nitrogen mustard,triethylenemelamine,nitrogen mustard + triethylenemelamine,-69,-68.8,-47,-95,0,5,BR:BT-549;BR:HS 578T;BR:MCF7;BR:MDA-MB-231;BR:T-47D,0.378230901780586,FALSE,FALSE,not_patient_scored
altretamine,nitrogen mustard,altretamine + nitrogen mustard,-50,-49.6,-35,-63,0,5,BR:BT-549;BR:HS 578T;BR:MCF7;BR:MDA-MB-231;BR:T-47D,0.378230901780586,FALSE,FALSE,not_patient_scored
5-fluorouracil,nitrogen mustard,5-fluorouracil + nitrogen mustard,-21,-6.2,25,-31,0.4,5,BR:BT-549;BR:HS 578T;BR:MCF7;BR:MDA-MB-231;BR:T-47D,0.378230901780586,TRUE,FALSE,tier_B_one_drug_patient_scored
mithramycin,nitrogen mustard,mithramycin + nitrogen mustard,-91,-88.2,-11,-141,0,5,BR:BT-549;BR:HS 578T;BR:MCF7;BR:MDA-MB-231;BR:T-47D,0.378230901780586,FALSE,FALSE,not_patient_scored
floxuridine,nitrogen mustard,floxuridine + nitrogen mustard,-20,-35.2,-9,-111,0,5,BR:BT-549;BR:HS 578T;BR:MCF7;BR:MDA-MB-231;BR:T-47D,0.378230901780586,FALSE,FALSE,not_patient_scored
hydroxyurea,nitrogen mustard,hydroxyurea + nitrogen mustard,-15,-28.8,10,-92,0.2,5,BR:BT-549;BR:HS 578T;BR:MCF7;BR:MDA-MB-231;BR:T-47D,0.378230901780586,FALSE,FALSE,not_patient_scored
nitrogen mustard,uracil mustard,nitrogen mustard + uracil mustard,6,-2,23,-39,0.6,5,BR:BT-549;BR:HS 578T;BR:MCF7;BR:MDA-MB-231;BR:T-47D,0.802508137085966,FALSE,FALSE,not_patient_scored
mitotane,nitrogen mustard,mitotane + nitrogen mustard,5,-3,29,-44,0.6,5,BR:BT-549;BR:HS 578T;BR:MCF7;BR:MDA-MB-231;BR:T-47D,0.793030825196247,FALSE,FALSE,not_patient_scored
dacarbazine,nitrogen mustard,dacarbazine + nitrogen mustard,-113,-104.8,-28,-153,0,5,BR:BT-549;BR:HS 578T;BR:MCF7;BR:MDA-MB-231;BR:T-47D,0.378230901780586,FALSE,FALSE,not_patient_scored
nitrogen mustard,vinblastine,nitrogen mustard + vinblastine,-34,-17.4,11,-38,0.4,5,BR:BT-549;BR:HS 578T;BR:MCF7;BR:MDA-MB-231;BR:T-47D,0.378230901780586,FALSE,FALSE,not_patient_scored
cytarabine,nitrogen mustard,cytarabine + nitrogen mustard,-12,-20.2,18,-86,0.2,5,BR:BT-549;BR:HS 578T;BR:MCF7;BR:MDA-MB-231;BR:T-47D,0.378230901780586,FALSE,FALSE,not_patient_scored
nitrogen mustard,vincristine,nitrogen mustard + vincristine,-48,-59.4,-33,-120,0,5,BR:BT-549;BR:HS 578T;BR:MCF7;BR:MDA-MB-231;BR:T-47D,0.378230901780586,FALSE,FALSE,not_patient_scored
megestrol acetate,nitrogen mustard,megestrol acetate + nitrogen mustard,-87,-97,-9,-194,0,5,BR:BT-549;BR:HS 578T;BR:MCF7;BR:MDA-MB-231;BR:T-47D,0.378230901780586,FALSE,FALSE,not_patient_scored
lomustine,nitrogen mustard,lomustine + nitrogen mustard,8,-4.4,36,-55,0.6,5,BR:BT-549;BR:HS 578T;BR:MCF7;BR:MDA-MB-231;BR:T-47D,0.818973769864063,FALSE,FALSE,not_patient_scored
daunorubicin,nitrogen mustard,daunorubicin + nitrogen mustard,16,4,44,-51,0.6,5,BR:BT-549;BR:HS 578T;BR:MCF7;BR:MDA-MB-231;BR:T-47D,0.869519433275895,FALSE,FALSE,not_patient_scored
azacitidine,nitrogen mustard,azacitidine + nitrogen mustard,-6,-8,7,-28,0.4,5,BR:BT-549;BR:HS 578T;BR:MCF7;BR:MDA-MB-231;BR:T-47D,0.378230901780586,FALSE,FALSE,not_patient_scored
cladribine,nitrogen mustard,cladribine + nitrogen mustard,-14,-13,9,-42,0.4,5,BR:BT-549;BR:HS 578T;BR:MCF7;BR:MDA-MB-231;BR:T-47D,0.378230901780586,FALSE,FALSE,not_patient_scored
fludarabine,nitrogen mustard,fludarabine + nitrogen mustard,-10,-17.6,21,-83,0.2,5,BR:BT-549;BR:HS 578T;BR:MCF7;BR:MDA-MB-231;BR:T-47D,0.378230901780586,FALSE,FALSE,not_patient_scored
isotretinoin,nitrogen mustard,isotretinoin + nitrogen mustard,-24,-29.8,-5,-59,0,5,BR:BT-549;BR:HS 578T;BR:MCF7;BR:MDA-MB-231;BR:T-47D,0.378230901780586,FALSE,FALSE,not_patient_scored
nitrogen mustard,teniposide,nitrogen mustard + teniposide,-21,-2.6,64,-32,0.4,5,BR:BT-549;BR:HS 578T;BR:MCF7;BR:MDA-MB-231;BR:T-47D,0.378230901780586,FALSE,FALSE,not_patient_scored
doxorubicin,nitrogen mustard,doxorubicin + nitrogen mustard,-31,-23.25,6,-37,0.25,4,BR:BT-549;BR:MCF7;BR:MDA-MB-231;BR:T-47D,0.378230901780586,TRUE,FALSE,tier_B_one_drug_patient_scored
bleomycin,nitrogen mustard,bleomycin + nitrogen mustard,-5,-6.6,32,-35,0.4,5,BR:BT-549;BR:HS 578T;BR:MCF7;BR:MDA-MB-231;BR:T-47D,0.378230901780586,FALSE,FALSE,not_patient_scored
nitrogen mustard,paclitaxel,nitrogen mustard + paclitaxel,-90,-102.25,-58,-171,0,4,BR:HS 578T;BR:MCF7;BR:MDA-MB-231;BR:T-47D,0.378230901780586,FALSE,TRUE,tier_B_one_drug_patient_scored
bendamustine,nitrogen mustard,bendamustine + nitrogen mustard,-4,2.8,36,-22,0.4,5,BR:BT-549;BR:HS 578T;BR:MCF7;BR:MDA-MB-231;BR:T-47D,0.378230901780586,FALSE,FALSE,not_patient_scored
etoposide,nitrogen mustard,etoposide + nitrogen mustard,-6,-4.2,20,-37,0.4,5,BR:BT-549;BR:HS 578T;BR:MCF7;BR:MDA-MB-231;BR:T-47D,0.378230901780586,FALSE,FALSE,not_patient_scored
dexrazoxane,nitrogen mustard,dexrazoxane + nitrogen mustard,-15,-5.8,34,-26,0.4,5,BR:BT-549;BR:HS 578T;BR:MCF7;BR:MDA-MB-231;BR:T-47D,0.378230901780586,FALSE,FALSE,not_patient_scored
nitrogen mustard,tamoxifen,nitrogen mustard + tamoxifen,-45,-48,-26,-78,0,5,BR:BT-549;BR:HS 578T;BR:MCF7;BR:MDA-MB-231;BR:T-47D,0.378230901780586,FALSE,FALSE,not_patient_scored
nitrogen mustard,rapamycin,nitrogen mustard + rapamycin,-63,-43.8,12,-75,0.2,5,BR:BT-549;BR:HS 578T;BR:MCF7;BR:MDA-MB-231;BR:T-47D,0.378230901780586,FALSE,TRUE,tier_B_one_drug_patient_scored
carboplatin,nitrogen mustard,carboplatin + nitrogen mustard,-13,-21.8,7,-76,0.2,5,BR:BT-549;BR:HS 578T;BR:MCF7;BR:MDA-MB-231;BR:T-47D,0.378230901780586,FALSE,FALSE,not_patient_scored
nitrogen mustard,valrubicin,nitrogen mustard + valrubicin,2,14,64,-30,0.6,5,BR:BT-549;BR:HS 578T;BR:MCF7;BR:MDA-MB-231;BR:T-47D,0.768140915182845,FALSE,FALSE,not_patient_scored
mitoxantrone,nitrogen mustard,mitoxantrone + nitrogen mustard,-10,1.4,34,-18,0.4,5,BR:BT-549;BR:HS 578T;BR:MCF7;BR:MDA-MB-231;BR:T-47D,0.378230901780586,FALSE,FALSE,not_patient_scored
nitrogen mustard,temozolomide,nitrogen mustard + temozolomide,-36,-35.2,-19,-53,0,5,BR:BT-549;BR:HS 578T;BR:MCF7;BR:MDA-MB-231;BR:T-47D,0.378230901780586,FALSE,FALSE,not_patient_scored
clofarabine,nitrogen mustard,clofarabine + nitrogen mustard,-42,-45.4,-20,-83,0,5,BR:BT-549;BR:HS 578T;BR:MCF7;BR:MDA-MB-231;BR:T-47D,0.378230901780586,FALSE,FALSE,not_patient_scored
nitrogen mustard,vinorelbine,nitrogen mustard + vinorelbine,-27,-21.2,5,-44,0.2,5,BR:BT-549;BR:HS 578T;BR:MCF7;BR:MDA-MB-231;BR:T-47D,0.378230901780586,FALSE,FALSE,not_patient_scored
gemcitabine,nitrogen mustard,gemcitabine + nitrogen mustard,-46,-43.8,-20,-66,0,5,BR:BT-549;BR:HS 578T;BR:MCF7;BR:MDA-MB-231;BR:T-47D,0.378230901780586,TRUE,FALSE,tier_B_one_drug_patient_scored
docetaxel,nitrogen mustard,docetaxel + nitrogen mustard,-83,-81,-68,-92,0,3,BR:MCF7;BR:MDA-MB-231;BR:T-47D,0.378230901780586,TRUE,FALSE,tier_B_one_drug_patient_scored
7 ethyl 10 hydroxycamptothecin,nitrogen mustard,7 ethyl 10 hydroxycamptothecin + nitrogen mustard,-11,-3.6,35,-23,0.2,5,BR:BT-549;BR:HS 578T;BR:MCF7;BR:MDA-MB-231;BR:T-47D,0.378230901780586,FALSE,FALSE,not_patient_scored
nelarabine,nitrogen mustard,nelarabine + nitrogen mustard,-55,-40,8,-68,0.2,5,BR:BT-549;BR:HS 578T;BR:MCF7;BR:MDA-MB-231;BR:T-47D,0.378230901780586,FALSE,FALSE,not_patient_scored
nitrogen mustard,pemetrexed,nitrogen mustard + pemetrexed,-15,-14.2,12,-35,0.2,5,BR:BT-549;BR:HS 578T;BR:MCF7;BR:MDA-MB-231;BR:T-47D,0.378230901780586,FALSE,FALSE,not_patient_scored
nitrogen mustard,vorinostat,nitrogen mustard + vorinostat,-17,-1.6,28,-24,0.4,5,BR:BT-549;BR:HS 578T;BR:MCF7;BR:MDA-MB-231;BR:T-47D,0.378230901780586,FALSE,FALSE,not_patient_scored
capecitabine,nitrogen mustard,capecitabine + nitrogen mustard,-32,-36.4,-19,-68,0,5,BR:BT-549;BR:HS 578T;BR:MCF7;BR:MDA-MB-231;BR:T-47D,0.378230901780586,FALSE,FALSE,not_patient_scored
exemestane,nitrogen mustard,exemestane + nitrogen mustard,-15,-21.4,-8,-48,0,5,BR:BT-549;BR:HS 578T;BR:MCF7;BR:MDA-MB-231;BR:T-47D,0.378230901780586,FALSE,FALSE,not_patient_scored
gefitinib,nitrogen mustard,gefitinib + nitrogen mustard,-39,-42.8,-19,-86,0,5,BR:BT-549;BR:HS 578T;BR:MCF7;BR:MDA-MB-231;BR:T-47D,0.378230901780586,FALSE,FALSE,not_patient_scored
fulvestrant,nitrogen mustard,fulvestrant + nitrogen mustard,2,-11.2,5,-46,0.6,5,BR:BT-549;BR:HS 578T;BR:MCF7;BR:MDA-MB-231;BR:T-47D,0.768140915182845,FALSE,FALSE,not_patient_scored
anastrozole,nitrogen mustard,anastrozole + nitrogen mustard,-37,-39.8,-11,-64,0,5,BR:BT-549;BR:HS 578T;BR:MCF7;BR:MDA-MB-231;BR:T-47D,0.378230901780586,FALSE,FALSE,not_patient_scored
letrozole,nitrogen mustard,letrozole + nitrogen mustard,-25,-26.8,-20,-37,0,5,BR:BT-549;BR:HS 578T;BR:MCF7;BR:MDA-MB-231;BR:T-47D,0.378230901780586,FALSE,FALSE,not_patient_scored
celecoxib,nitrogen mustard,celecoxib + nitrogen mustard,-30,-31.8,5,-80,0.2,5,BR:BT-549;BR:HS 578T;BR:MCF7;BR:MDA-MB-231;BR:T-47D,0.378230901780586,FALSE,FALSE,not_patient_scored
nitrogen mustard,zoledronate,nitrogen mustard + zoledronate,-101,-141,-78,-227,0,5,BR:BT-549;BR:HS 578T;BR:MCF7;BR:MDA-MB-231;BR:T-47D,0.378230901780586,FALSE,FALSE,not_patient_scored
dasatinib,nitrogen mustard,dasatinib + nitrogen mustard,-28,-28.2,5,-69,0.2,5,BR:BT-549;BR:HS 578T;BR:MCF7;BR:MDA-MB-231;BR:T-47D,0.378230901780586,FALSE,FALSE,not_patient_scored
everolimus,nitrogen mustard,everolimus + nitrogen mustard,-66,-49.2,8,-85,0.2,5,BR:BT-549;BR:HS 578T;BR:MCF7;BR:MDA-MB-231;BR:T-47D,0.378230901780586,FALSE,FALSE,not_patient_scored
nitrogen mustard,pazopanib,nitrogen mustard + pazopanib,-17,-11.2,23,-40,0.4,5,BR:BT-549;BR:HS 578T;BR:MCF7;BR:MDA-MB-231;BR:T-47D,0.378230901780586,FALSE,FALSE,not_patient_scored
imatinib,nitrogen mustard,imatinib + nitrogen mustard,-66,-49.2,8,-85,0.2,5,BR:BT-549;BR:HS 578T;BR:MCF7;BR:MDA-MB-231;BR:T-47D,0.378230901780586,FALSE,FALSE,not_patient_scored
lapatinib,nitrogen mustard,lapatinib + nitrogen mustard,-66,-49.2,8,-85,0.2,5,BR:BT-549;BR:HS 578T;BR:MCF7;BR:MDA-MB-231;BR:T-47D,0.378230901780586,TRUE,FALSE,tier_B_one_drug_patient_scored
nilotinib,nitrogen mustard,nilotinib + nitrogen mustard,-66,-49.2,8,-85,0.2,5,BR:BT-549;BR:HS 578T;BR:MCF7;BR:MDA-MB-231;BR:T-47D,0.378230901780586,FALSE,FALSE,not_patient_scored
nitrogen mustard,sorafenib,nitrogen mustard + sorafenib,-57,-42,11,-99,0.4,5,BR:BT-549;BR:HS 578T;BR:MCF7;BR:MDA-MB-231;BR:T-47D,0.378230901780586,FALSE,FALSE,not_patient_scored
lenalidomide,nitrogen mustard,lenalidomide + nitrogen mustard,-4,-2.6,24,-23,0.4,5,BR:BT-549;BR:HS 578T;BR:MCF7;BR:MDA-MB-231;BR:T-47D,0.378230901780586,FALSE,FALSE,not_patient_scored
nitrogen mustard,raloxifene,nitrogen mustard + raloxifene,-37,-64.6,-10,-157,0,5,BR:BT-549;BR:HS 578T;BR:MCF7;BR:MDA-MB-231;BR:T-47D,0.378230901780586,FALSE,FALSE,not_patient_scored
abiraterone,nitrogen mustard,abiraterone + nitrogen mustard,-20,-35.6,23,-131,0.2,5,BR:BT-549;BR:HS 578T;BR:MCF7;BR:MDA-MB-231;BR:T-47D,0.378230901780586,FALSE,FALSE,not_patient_scored
nitrogen mustard,sunitinib,nitrogen mustard + sunitinib,-25,-28.4,-14,-44,0,5,BR:BT-549;BR:HS 578T;BR:MCF7;BR:MDA-MB-231;BR:T-47D,0.378230901780586,FALSE,FALSE,not_patient_scored
nitrogen mustard,vemurafenib,nitrogen mustard + vemurafenib,-35,-35.8,-8,-66,0,5,BR:BT-549;BR:HS 578T;BR:MCF7;BR:MDA-MB-231;BR:T-47D,0.378230901780586,FALSE,FALSE,not_patient_scored
depsipeptide,nitrogen mustard,depsipeptide + nitrogen mustard,30,40.5,104,-2,0.75,4,BR:BT-549;BR:MCF7;BR:MDA-MB-231;BR:T-47D,0.923607122343481,FALSE,FALSE,not_patient_scored
nitrogen mustard,pralatrexate,nitrogen mustard + pralatrexate,-37,-32.4,9,-75,0.2,5,BR:BT-549;BR:HS 578T;BR:MCF7;BR:MDA-MB-231;BR:T-47D,0.378230901780586,FALSE,FALSE,not_patient_scored
nitrogen mustard,vismodegib,nitrogen mustard + vismodegib,-29,-36.4,-5,-89,0,5,BR:BT-549;BR:HS 578T;BR:MCF7;BR:MDA-MB-231;BR:T-47D,0.378230901780586,FALSE,FALSE,not_patient_scored
crizotinib,nitrogen mustard,crizotinib + nitrogen mustard,-57,-65.8,-11,-174,0,5,BR:BT-549;BR:HS 578T;BR:MCF7;BR:MDA-MB-231;BR:T-47D,0.378230901780586,FALSE,FALSE,not_patient_scored
axitinib,nitrogen mustard,axitinib + nitrogen mustard,-28,-43.2,-3,-98,0,5,BR:BT-549;BR:HS 578T;BR:MCF7;BR:MDA-MB-231;BR:T-47D,0.378230901780586,FALSE,FALSE,not_patient_scored
nitrogen mustard,vandetanib,nitrogen mustard + vandetanib,-62,-91,-24,-193,0,5,BR:BT-549;BR:HS 578T;BR:MCF7;BR:MDA-MB-231;BR:T-47D,0.378230901780586,FALSE,FALSE,not_patient_scored
cabazitaxel,nitrogen mustard,cabazitaxel + nitrogen mustard,-16,5,80,-38,0.4,5,BR:BT-549;BR:HS 578T;BR:MCF7;BR:MDA-MB-231;BR:T-47D,0.378230901780586,FALSE,FALSE,not_patient_scored
nitrogen mustard,ruxolitinib,nitrogen mustard + ruxolitinib,-66,-90.8,-54,-193,0,5,BR:BT-549;BR:HS 578T;BR:MCF7;BR:MDA-MB-231;BR:T-47D,0.378230901780586,FALSE,FALSE,not_patient_scored
allopurinol,methotrexate,allopurinol + methotrexate,-29,-35.2,-15,-83,0,5,BR:BT-549;BR:HS 578T;BR:MCF7;BR:MDA-MB-231;BR:T-47D,0.378230901780586,FALSE,FALSE,not_patient_scored
allopurinol,busulfan,allopurinol + busulfan,-7,-18.8,1,-68,0.2,5,BR:BT-549;BR:HS 578T;BR:MCF7;BR:MDA-MB-231;BR:T-47D,0.378230901780586,FALSE,FALSE,not_patient_scored
6 thioguanine,allopurinol,6 thioguanine + allopurinol,-27,-31,-6,-57,0,5,BR:BT-549;BR:HS 578T;BR:MCF7;BR:MDA-MB-231;BR:T-47D,0.378230901780586,FALSE,FALSE,not_patient_scored
6 mercaptopurine,allopurinol,6 mercaptopurine + allopurinol,-16,-10.2,19,-39,0.4,5,BR:BT-549;BR:HS 578T;BR:MCF7;BR:MDA-MB-231;BR:T-47D,0.378230901780586,FALSE,FALSE,not_patient_scored
allopurinol,nitrogen mustard,allopurinol + nitrogen mustard,-23,-15,14,-29,0.2,5,BR:BT-549;BR:HS 578T;BR:MCF7;BR:MDA-MB-231;BR:T-47D,0.378230901780586,FALSE,FALSE,not_patient_scored
actinomycin d,allopurinol,actinomycin d + allopurinol,-31,-17.4,22,-44,0.4,5,BR:BT-549;BR:HS 578T;BR:MCF7;BR:MDA-MB-231;BR:T-47D,0.378230901780586,FALSE,FALSE,not_patient_scored
allopurinol,chlorambucil,allopurinol + chlorambucil,-20,-25,-7,-51,0,5,BR:BT-549;BR:HS 578T;BR:MCF7;BR:MDA-MB-231;BR:T-47D,0.378230901780586,FALSE,FALSE,not_patient_scored
allopurinol,thiotepa,allopurinol + thiotepa,14,2.6,24,-49,0.8,5,BR:BT-549;BR:HS 578T;BR:MCF7;BR:MDA-MB-231;BR:T-47D,0.858989086731763,FALSE,FALSE,not_patient_scored
allopurinol,melphalan,allopurinol + melphalan,-31,-31.6,-14,-54,0,5,BR:BT-549;BR:HS 578T;BR:MCF7;BR:MDA-MB-231;BR:T-47D,0.378230901780586,FALSE,FALSE,not_patient_scored
allopurinol,triethylenemelamine,allopurinol + triethylenemelamine,-8,-7,30,-54,0.4,5,BR:BT-549;BR:HS 578T;BR:MCF7;BR:MDA-MB-231;BR:T-47D,0.378230901780586,FALSE,FALSE,not_patient_scored
allopurinol,altretamine,allopurinol + altretamine,-40,-33.4,-2,-66,0,5,BR:BT-549;BR:HS 578T;BR:MCF7;BR:MDA-MB-231;BR:T-47D,0.378230901780586,FALSE,FALSE,not_patient_scored
allopurinol,aminolevulinic acid,allopurinol + aminolevulinic acid,-29,-14.8,27,-48,0.4,5,BR:BT-549;BR:HS 578T;BR:MCF7;BR:MDA-MB-231;BR:T-47D,0.378230901780586,FALSE,FALSE,not_patient_scored
5-fluorouracil,allopurinol,5-fluorouracil + allopurinol,-7,-11.4,12,-55,0.4,5,BR:BT-549;BR:HS 578T;BR:MCF7;BR:MDA-MB-231;BR:T-47D,0.378230901780586,TRUE,FALSE,tier_B_one_drug_patient_scored
allopurinol,mithramycin,allopurinol + mithramycin,-21,-30,-6,-82,0,5,BR:BT-549;BR:HS 578T;BR:MCF7;BR:MDA-MB-231;BR:T-47D,0.378230901780586,FALSE,FALSE,not_patient_scored
allopurinol,pipobroman,allopurinol + pipobroman,13,11.4,38,-37,0.8,5,BR:BT-549;BR:HS 578T;BR:MCF7;BR:MDA-MB-231;BR:T-47D,0.852766609228413,FALSE,FALSE,not_patient_scored
allopurinol,floxuridine,allopurinol + floxuridine,-21,-19.8,11,-60,0.2,5,BR:BT-549;BR:HS 578T;BR:MCF7;BR:MDA-MB-231;BR:T-47D,0.378230901780586,FALSE,FALSE,not_patient_scored
allopurinol,hydroxyurea,allopurinol + hydroxyurea,-29,-29.2,-7,-52,0,5,BR:BT-549;BR:HS 578T;BR:MCF7;BR:MDA-MB-231;BR:T-47D,0.378230901780586,FALSE,FALSE,not_patient_scored
allopurinol,uracil mustard,allopurinol + uracil mustard,19,1.2,31,-68,0.6,5,BR:BT-549;BR:HS 578T;BR:MCF7;BR:MDA-MB-231;BR:T-47D,0.883974727168294,FALSE,FALSE,not_patient_scored
allopurinol,mitotane,allopurinol + mitotane,-14,-10.4,27,-60,0.4,5,BR:BT-549;BR:HS 578T;BR:MCF7;BR:MDA-MB-231;BR:T-47D,0.378230901780586,FALSE,FALSE,not_patient_scored
allopurinol,dacarbazine,allopurinol + dacarbazine,-52,-54,-45,-63,0,5,BR:BT-549;BR:HS 578T;BR:MCF7;BR:MDA-MB-231;BR:T-47D,0.378230901780586,FALSE,FALSE,not_patient_scored
allopurinol,vinblastine,allopurinol + vinblastine,-26,-30.6,-4,-60,0,5,BR:BT-549;BR:HS 578T;BR:MCF7;BR:MDA-MB-231;BR:T-47D,0.378230901780586,FALSE,FALSE,not_patient_scored
allopurinol,cytarabine,allopurinol + cytarabine,-11,-1.6,87,-55,0.2,5,BR:BT-549;BR:HS 578T;BR:MCF7;BR:MDA-MB-231;BR:T-47D,0.378230901780586,FALSE,FALSE,not_patient_scored
allopurinol,vincristine,allopurinol + vincristine,-10,-25.4,2,-64,0.2,5,BR:BT-549;BR:HS 578T;BR:MCF7;BR:MDA-MB-231;BR:T-47D,0.378230901780586,FALSE,FALSE,not_patient_scored
allopurinol,megestrol acetate,allopurinol + megestrol acetate,-122,-86.2,25,-140,0.2,5,BR:BT-549;BR:HS 578T;BR:MCF7;BR:MDA-MB-231;BR:T-47D,0.378230901780586,FALSE,FALSE,not_patient_scored
allopurinol,lomustine,allopurinol + lomustine,-8,-20,15,-57,0.4,5,BR:BT-549;BR:HS 578T;BR:MCF7;BR:MDA-MB-231;BR:T-47D,0.378230901780586,FALSE,FALSE,not_patient_scored
allopurinol,daunorubicin,allopurinol + daunorubicin,42,23,69,-63,0.8,5,BR:BT-549;BR:HS 578T;BR:MCF7;BR:MDA-MB-231;BR:T-47D,0.949645797434425,FALSE,FALSE,not_patient_scored
allopurinol,azacitidine,allopurinol + azacitidine,-30,-44,-14,-117,0,5,BR:BT-549;BR:HS 578T;BR:MCF7;BR:MDA-MB-231;BR:T-47D,0.378230901780586,FALSE,FALSE,not_patient_scored
allopurinol,cladribine,allopurinol + cladribine,-30,-24.8,9,-51,0.2,5,BR:BT-549;BR:HS 578T;BR:MCF7;BR:MDA-MB-231;BR:T-47D,0.378230901780586,FALSE,FALSE,not_patient_scored
allopurinol,fludarabine,allopurinol + fludarabine,-46,-40.8,1,-70,0.2,5,BR:BT-549;BR:HS 578T;BR:MCF7;BR:MDA-MB-231;BR:T-47D,0.378230901780586,FALSE,FALSE,not_patient_scored
allopurinol,isotretinoin,allopurinol + isotretinoin,-42,-47.4,-26,-91,0,5,BR:BT-549;BR:HS 578T;BR:MCF7;BR:MDA-MB-231;BR:T-47D,0.378230901780586,FALSE,FALSE,not_patient_scored
allopurinol,teniposide,allopurinol + teniposide,1,-11,32,-54,0.6,5,BR:BT-549;BR:HS 578T;BR:MCF7;BR:MDA-MB-231;BR:T-47D,0.759908098793797,FALSE,FALSE,not_patient_scored
allopurinol,doxorubicin,allopurinol + doxorubicin,-12,-21.4,-5,-49,0,5,BR:BT-549;BR:HS 578T;BR:MCF7;BR:MDA-MB-231;BR:T-47D,0.378230901780586,FALSE,TRUE,tier_B_one_drug_patient_scored
allopurinol,bleomycin,allopurinol + bleomycin,-37,-12.6,30,-40,0.4,5,BR:BT-549;BR:HS 578T;BR:MCF7;BR:MDA-MB-231;BR:T-47D,0.378230901780586,FALSE,FALSE,not_patient_scored
allopurinol,paclitaxel,allopurinol + paclitaxel,-23,-31.4,13,-102,0.2,5,BR:BT-549;BR:HS 578T;BR:MCF7;BR:MDA-MB-231;BR:T-47D,0.378230901780586,FALSE,TRUE,tier_B_one_drug_patient_scored
allopurinol,bendamustine,allopurinol + bendamustine,-28,-21.8,10,-35,0.2,5,BR:BT-549;BR:HS 578T;BR:MCF7;BR:MDA-MB-231;BR:T-47D,0.378230901780586,FALSE,FALSE,not_patient_scored
allopurinol,etoposide,allopurinol + etoposide,0,-9.2,22,-55,0.2,5,BR:BT-549;BR:HS 578T;BR:MCF7;BR:MDA-MB-231;BR:T-47D,0.378230901780586,FALSE,FALSE,not_patient_scored
allopurinol,dexrazoxane,allopurinol + dexrazoxane,-8,3.2,37,-10,0.4,5,BR:BT-549;BR:HS 578T;BR:MCF7;BR:MDA-MB-231;BR:T-47D,0.378230901780586,FALSE,FALSE,not_patient_scored
allopurinol,tamoxifen,allopurinol + tamoxifen,-42,-44.4,-22,-71,0,5,BR:BT-549;BR:HS 578T;BR:MCF7;BR:MDA-MB-231;BR:T-47D,0.378230901780586,FALSE,FALSE,not_patient_scored
allopurinol,rapamycin,allopurinol + rapamycin,-24,-7.8,49,-36,0.2,5,BR:BT-549;BR:HS 578T;BR:MCF7;BR:MDA-MB-231;BR:T-47D,0.378230901780586,FALSE,TRUE,tier_B_one_drug_patient_scored
allopurinol,carboplatin,allopurinol + carboplatin,-3,-13.2,7,-61,0.2,5,BR:BT-549;BR:HS 578T;BR:MCF7;BR:MDA-MB-231;BR:T-47D,0.378230901780586,FALSE,FALSE,not_patient_scored
allopurinol,valrubicin,allopurinol + valrubicin,-55,-22,129,-76,0.2,5,BR:BT-549;BR:HS 578T;BR:MCF7;BR:MDA-MB-231;BR:T-47D,0.378230901780586,FALSE,FALSE,not_patient_scored
allopurinol,mitoxantrone,allopurinol + mitoxantrone,37,45,78,12,1,5,BR:BT-549;BR:HS 578T;BR:MCF7;BR:MDA-MB-231;BR:T-47D,0.941317250622248,FALSE,FALSE,not_patient_scored
allopurinol,temozolomide,allopurinol + temozolomide,-18,-36.6,17,-92,0.2,5,BR:BT-549;BR:HS 578T;BR:MCF7;BR:MDA-MB-231;BR:T-47D,0.378230901780586,FALSE,FALSE,not_patient_scored
allopurinol,clofarabine,allopurinol + clofarabine,-23,-21.8,12,-53,0.2,5,BR:BT-549;BR:HS 578T;BR:MCF7;BR:MDA-MB-231;BR:T-47D,0.378230901780586,FALSE,FALSE,not_patient_scored
allopurinol,vinorelbine,allopurinol + vinorelbine,-11,-1.4,44,-26,0.2,5,BR:BT-549;BR:HS 578T;BR:MCF7;BR:MDA-MB-231;BR:T-47D,0.378230901780586,FALSE,FALSE,not_patient_scored
allopurinol,gemcitabine,allopurinol + gemcitabine,-10,-20.2,16,-98,0.4,5,BR:BT-549;BR:HS 578T;BR:MCF7;BR:MDA-MB-231;BR:T-47D,0.378230901780586,FALSE,TRUE,tier_B_one_drug_patient_scored
allopurinol,docetaxel,allopurinol + docetaxel,-11,-3.2,69,-45,0.4,5,BR:BT-549;BR:HS 578T;BR:MCF7;BR:MDA-MB-231;BR:T-47D,0.378230901780586,FALSE,TRUE,tier_B_one_drug_patient_scored
7 ethyl 10 hydroxycamptothecin,allopurinol,7 ethyl 10 hydroxycamptothecin + allopurinol,13,-3,36,-67,0.6,5,BR:BT-549;BR:HS 578T;BR:MCF7;BR:MDA-MB-231;BR:T-47D,0.852766609228413,FALSE,FALSE,not_patient_scored
allopurinol,nelarabine,allopurinol + nelarabine,-25,-27.8,13,-58,0.2,5,BR:BT-549;BR:HS 578T;BR:MCF7;BR:MDA-MB-231;BR:T-47D,0.378230901780586,FALSE,FALSE,not_patient_scored
allopurinol,pemetrexed,allopurinol + pemetrexed,7,-6.6,12,-37,0.6,5,BR:BT-549;BR:HS 578T;BR:MCF7;BR:MDA-MB-231;BR:T-47D,0.810453762205629,FALSE,FALSE,not_patient_scored
allopurinol,vorinostat,allopurinol + vorinostat,-34,-39.4,-13,-71,0,5,BR:BT-549;BR:HS 578T;BR:MCF7;BR:MDA-MB-231;BR:T-47D,0.378230901780586,FALSE,FALSE,not_patient_scored
allopurinol,capecitabine,allopurinol + capecitabine,-34,-30.8,2,-79,0.4,5,BR:BT-549;BR:HS 578T;BR:MCF7;BR:MDA-MB-231;BR:T-47D,0.378230901780586,FALSE,FALSE,not_patient_scored
allopurinol,exemestane,allopurinol + exemestane,-23,-20.4,-2,-39,0,5,BR:BT-549;BR:HS 578T;BR:MCF7;BR:MDA-MB-231;BR:T-47D,0.378230901780586,FALSE,FALSE,not_patient_scored
allopurinol,gefitinib,allopurinol + gefitinib,3,-2.2,32,-61,0.6,5,BR:BT-549;BR:HS 578T;BR:MCF7;BR:MDA-MB-231;BR:T-47D,0.775895079456251,FALSE,FALSE,not_patient_scored
allopurinol,fulvestrant,allopurinol + fulvestrant,-66,-64,-7,-105,0,5,BR:BT-549;BR:HS 578T;BR:MCF7;BR:MDA-MB-231;BR:T-47D,0.378230901780586,FALSE,FALSE,not_patient_scored
allopurinol,anastrozole,allopurinol + anastrozole,-38,-54.2,-36,-99,0,5,BR:BT-549;BR:HS 578T;BR:MCF7;BR:MDA-MB-231;BR:T-47D,0.378230901780586,FALSE,FALSE,not_patient_scored
allopurinol,letrozole,allopurinol + letrozole,-27,-28.2,13,-68,0.2,5,BR:BT-549;BR:HS 578T;BR:MCF7;BR:MDA-MB-231;BR:T-47D,0.378230901780586,FALSE,FALSE,not_patient_scored
allopurinol,celecoxib,allopurinol + celecoxib,-17,-35.6,-11,-82,0,5,BR:BT-549;BR:HS 578T;BR:MCF7;BR:MDA-MB-231;BR:T-47D,0.378230901780586,FALSE,FALSE,not_patient_scored
allopurinol,zoledronate,allopurinol + zoledronate,-47,-52.6,-24,-88,0,5,BR:BT-549;BR:HS 578T;BR:MCF7;BR:MDA-MB-231;BR:T-47D,0.378230901780586,FALSE,FALSE,not_patient_scored
allopurinol,dasatinib,allopurinol + dasatinib,-50,-57.2,-23,-128,0,5,BR:BT-549;BR:HS 578T;BR:MCF7;BR:MDA-MB-231;BR:T-47D,0.378230901780586,FALSE,FALSE,not_patient_scored
allopurinol,pazopanib,allopurinol + pazopanib,-33,-41.4,1,-118,0.2,5,BR:BT-549;BR:HS 578T;BR:MCF7;BR:MDA-MB-231;BR:T-47D,0.378230901780586,FALSE,FALSE,not_patient_scored
allopurinol,imatinib,allopurinol + imatinib,-45,-45.4,9,-146,0.4,5,BR:BT-549;BR:HS 578T;BR:MCF7;BR:MDA-MB-231;BR:T-47D,0.378230901780586,FALSE,FALSE,not_patient_scored
allopurinol,lapatinib,allopurinol + lapatinib,-26,-25.6,-7,-38,0,5,BR:BT-549;BR:HS 578T;BR:MCF7;BR:MDA-MB-231;BR:T-47D,0.378230901780586,FALSE,TRUE,tier_B_one_drug_patient_scored
allopurinol,nilotinib,allopurinol + nilotinib,-21,-26,9,-83,0.2,5,BR:BT-549;BR:HS 578T;BR:MCF7;BR:MDA-MB-231;BR:T-47D,0.378230901780586,FALSE,FALSE,not_patient_scored
allopurinol,sorafenib,allopurinol + sorafenib,-63,-78.4,-28,-128,0,5,BR:BT-549;BR:HS 578T;BR:MCF7;BR:MDA-MB-231;BR:T-47D,0.378230901780586,FALSE,FALSE,not_patient_scored
allopurinol,lenalidomide,allopurinol + lenalidomide,4,4.8,33,-16,0.6,5,BR:BT-549;BR:HS 578T;BR:MCF7;BR:MDA-MB-231;BR:T-47D,0.783553513306529,FALSE,FALSE,not_patient_scored
allopurinol,raloxifene,allopurinol + raloxifene,-46,-39.8,17,-119,0.4,5,BR:BT-549;BR:HS 578T;BR:MCF7;BR:MDA-MB-231;BR:T-47D,0.378230901780586,FALSE,FALSE,not_patient_scored
abiraterone,allopurinol,abiraterone + allopurinol,-41,-44.2,-20,-68,0,5,BR:BT-549;BR:HS 578T;BR:MCF7;BR:MDA-MB-231;BR:T-47D,0.378230901780586,FALSE,FALSE,not_patient_scored
allopurinol,sunitinib,allopurinol + sunitinib,-36,-37.2,-8,-62,0,5,BR:BT-549;BR:HS 578T;BR:MCF7;BR:MDA-MB-231;BR:T-47D,0.378230901780586,FALSE,FALSE,not_patient_scored
allopurinol,vemurafenib,allopurinol + vemurafenib,-7,-31.8,4,-99,0.2,5,BR:BT-549;BR:HS 578T;BR:MCF7;BR:MDA-MB-231;BR:T-47D,0.378230901780586,FALSE,FALSE,not_patient_scored
allopurinol,depsipeptide,allopurinol + depsipeptide,6,-4.4,15,-32,0.6,5,BR:BT-549;BR:HS 578T;BR:MCF7;BR:MDA-MB-231;BR:T-47D,0.802508137085966,FALSE,FALSE,not_patient_scored
allopurinol,pralatrexate,allopurinol + pralatrexate,15,1.6,33,-41,0.6,5,BR:BT-549;BR:HS 578T;BR:MCF7;BR:MDA-MB-231;BR:T-47D,0.864541451273215,FALSE,FALSE,not_patient_scored
allopurinol,vismodegib,allopurinol + vismodegib,-22,-6.2,34,-33,0.4,5,BR:BT-549;BR:HS 578T;BR:MCF7;BR:MDA-MB-231;BR:T-47D,0.378230901780586,FALSE,FALSE,not_patient_scored
allopurinol,crizotinib,allopurinol + crizotinib,-5.5,-12,22,-59,0.5,4,BR:BT-549;BR:MCF7;BR:MDA-MB-231;BR:T-47D,0.378230901780586,FALSE,FALSE,not_patient_scored
allopurinol,axitinib,allopurinol + axitinib,-6,-28.2,19,-110,0.2,5,BR:BT-549;BR:HS 578T;BR:MCF7;BR:MDA-MB-231;BR:T-47D,0.378230901780586,FALSE,FALSE,not_patient_scored
allopurinol,vandetanib,allopurinol + vandetanib,-33,-15.6,52,-86,0.4,5,BR:BT-549;BR:HS 578T;BR:MCF7;BR:MDA-MB-231;BR:T-47D,0.378230901780586,FALSE,FALSE,not_patient_scored
allopurinol,cabazitaxel,allopurinol + cabazitaxel,79,65.4,90,35,1,5,BR:BT-549;BR:HS 578T;BR:MCF7;BR:MDA-MB-231;BR:T-47D,0.984587401876316,FALSE,FALSE,not_patient_scored
allopurinol,ruxolitinib,allopurinol + ruxolitinib,-40,-41.2,5,-81,0.2,5,BR:BT-549;BR:HS 578T;BR:MCF7;BR:MDA-MB-231;BR:T-47D,0.378230901780586,FALSE,FALSE,not_patient_scored
6 thioguanine,actinomycin d,6 thioguanine + actinomycin d,-38,-38.6,-26,-52,0,5,BR:BT-549;BR:HS 578T;BR:MCF7;BR:MDA-MB-231;BR:T-47D,0.378230901780586,FALSE,FALSE,not_patient_scored
actinomycin d,chlorambucil,actinomycin d + chlorambucil,8,32,127,-12,0.8,5,BR:BT-549;BR:HS 578T;BR:MCF7;BR:MDA-MB-231;BR:T-47D,0.818973769864063,FALSE,FALSE,not_patient_scored
actinomycin d,melphalan,actinomycin d + melphalan,-6,0.6,52,-35,0.4,5,BR:BT-549;BR:HS 578T;BR:MCF7;BR:MDA-MB-231;BR:T-47D,0.378230901780586,FALSE,FALSE,not_patient_scored
actinomycin d,altretamine,actinomycin d + altretamine,51,65.2,188,-21,0.8,5,BR:BT-549;BR:HS 578T;BR:MCF7;BR:MDA-MB-231;BR:T-47D,0.962952326249282,FALSE,FALSE,not_patient_scored
5-fluorouracil,actinomycin d,5-fluorouracil + actinomycin d,29,29.75,59,2,1,4,BR:HS 578T;BR:MCF7;BR:MDA-MB-231;BR:T-47D,0.920830940072755,TRUE,FALSE,tier_B_one_drug_patient_scored
actinomycin d,uracil mustard,actinomycin d + uracil mustard,-32,-31.2,-9,-58,0,5,BR:BT-549;BR:HS 578T;BR:MCF7;BR:MDA-MB-231;BR:T-47D,0.378230901780586,FALSE,FALSE,not_patient_scored
actinomycin d,dacarbazine,actinomycin d + dacarbazine,-62,-59.2,-27,-90,0,5,BR:BT-549;BR:HS 578T;BR:MCF7;BR:MDA-MB-231;BR:T-47D,0.378230901780586,FALSE,FALSE,not_patient_scored
actinomycin d,megestrol acetate,actinomycin d + megestrol acetate,1,2,58,-52,0.5,4,BR:HS 578T;BR:MCF7;BR:MDA-MB-231;BR:T-47D,0.759908098793797,FALSE,FALSE,not_patient_scored
actinomycin d,lomustine,actinomycin d + lomustine,0,-3.8,43,-61,0.4,5,BR:BT-549;BR:HS 578T;BR:MCF7;BR:MDA-MB-231;BR:T-47D,0.378230901780586,FALSE,FALSE,not_patient_scored
actinomycin d,daunorubicin,actinomycin d + daunorubicin,-11,-7.6,60,-44,0.2,5,BR:BT-549;BR:HS 578T;BR:MCF7;BR:MDA-MB-231;BR:T-47D,0.378230901780586,FALSE,FALSE,not_patient_scored
actinomycin d,teniposide,actinomycin d + teniposide,-32,-37.4,-2,-91,0,5,BR:BT-549;BR:HS 578T;BR:MCF7;BR:MDA-MB-231;BR:T-47D,0.378230901780586,FALSE,FALSE,not_patient_scored
actinomycin d,etoposide,actinomycin d + etoposide,-37,-39.4,-22,-58,0,5,BR:BT-549;BR:HS 578T;BR:MCF7;BR:MDA-MB-231;BR:T-47D,0.378230901780586,FALSE,FALSE,not_patient_scored
actinomycin d,dexrazoxane,actinomycin d + dexrazoxane,-34,-28.4,4,-45,0.2,5,BR:BT-549;BR:HS 578T;BR:MCF7;BR:MDA-MB-231;BR:T-47D,0.378230901780586,FALSE,FALSE,not_patient_scored
actinomycin d,mitoxantrone,actinomycin d + mitoxantrone,-34,-32.6,4,-54,0.2,5,BR:BT-549;BR:HS 578T;BR:MCF7;BR:MDA-MB-231;BR:T-47D,0.378230901780586,FALSE,FALSE,not_patient_scored
actinomycin d,vinorelbine,actinomycin d + vinorelbine,79,97,225,35,1,5,BR:BT-549;BR:HS 578T;BR:MCF7;BR:MDA-MB-231;BR:T-47D,0.984587401876316,FALSE,FALSE,not_patient_scored
actinomycin d,pemetrexed,actinomycin d + pemetrexed,-13,-8.6,16,-31,0.4,5,BR:BT-549;BR:HS 578T;BR:MCF7;BR:MDA-MB-231;BR:T-47D,0.378230901780586,FALSE,FALSE,not_patient_scored
actinomycin d,exemestane,actinomycin d + exemestane,58,50.6,117,2,1,5,BR:BT-549;BR:HS 578T;BR:MCF7;BR:MDA-MB-231;BR:T-47D,0.971280873061459,FALSE,FALSE,not_patient_scored
actinomycin d,gefitinib,actinomycin d + gefitinib,102,106.4,153,70,1,5,BR:BT-549;BR:HS 578T;BR:MCF7;BR:MDA-MB-231;BR:T-47D,0.991097070649052,FALSE,FALSE,not_patient_scored
actinomycin d,letrozole,actinomycin d + letrozole,-11,-14.8,-6,-40,0,5,BR:BT-549;BR:HS 578T;BR:MCF7;BR:MDA-MB-231;BR:T-47D,0.378230901780586,FALSE,FALSE,not_patient_scored
actinomycin d,pazopanib,actinomycin d + pazopanib,-26,-39.4,3,-92,0.2,5,BR:BT-549;BR:HS 578T;BR:MCF7;BR:MDA-MB-231;BR:T-47D,0.378230901780586,FALSE,FALSE,not_patient_scored
actinomycin d,lenalidomide,actinomycin d + lenalidomide,47,32.2,57,-10,0.8,5,BR:BT-549;BR:HS 578T;BR:MCF7;BR:MDA-MB-231;BR:T-47D,0.956538387899674,FALSE,FALSE,not_patient_scored
actinomycin d,raloxifene,actinomycin d + raloxifene,-65,-75.4,-10,-182,0,5,BR:BT-549;BR:HS 578T;BR:MCF7;BR:MDA-MB-231;BR:T-47D,0.378230901780586,FALSE,FALSE,not_patient_scored
abiraterone,actinomycin d,abiraterone + actinomycin d,14,3.5,78,-92,0.5,4,BR:HS 578T;BR:MCF7;BR:MDA-MB-231;BR:T-47D,0.858989086731763,FALSE,FALSE,not_patient_scored
actinomycin d,vemurafenib,actinomycin d + vemurafenib,72,71,88,56,1,5,BR:BT-549;BR:HS 578T;BR:MCF7;BR:MDA-MB-231;BR:T-47D,0.981332567489948,FALSE,FALSE,not_patient_scored
actinomycin d,vismodegib,actinomycin d + vismodegib,28,36.2,81,-1,0.8,5,BR:BT-549;BR:HS 578T;BR:MCF7;BR:MDA-MB-231;BR:T-47D,0.91738464484013,FALSE,FALSE,not_patient_scored
actinomycin d,crizotinib,actinomycin d + crizotinib,-66,-64.6,-4,-109,0,5,BR:BT-549;BR:HS 578T;BR:MCF7;BR:MDA-MB-231;BR:T-47D,0.378230901780586,FALSE,FALSE,not_patient_scored
actinomycin d,axitinib,actinomycin d + axitinib,-88,-69.8,9,-123,0.2,5,BR:BT-549;BR:HS 578T;BR:MCF7;BR:MDA-MB-231;BR:T-47D,0.378230901780586,FALSE,FALSE,not_patient_scored
actinomycin d,vandetanib,actinomycin d + vandetanib,-71,-71.8,-18,-126,0,5,BR:BT-549;BR:HS 578T;BR:MCF7;BR:MDA-MB-231;BR:T-47D,0.378230901780586,FALSE,FALSE,not_patient_scored
actinomycin d,cabazitaxel,actinomycin d + cabazitaxel,-25,17.4,135,-57,0.4,5,BR:BT-549;BR:HS 578T;BR:MCF7;BR:MDA-MB-231;BR:T-47D,0.378230901780586,FALSE,FALSE,not_patient_scored
actinomycin d,ruxolitinib,actinomycin d + ruxolitinib,-150,-114.8,-2,-216,0,5,BR:BT-549;BR:HS 578T;BR:MCF7;BR:MDA-MB-231;BR:T-47D,0.378230901780586,FALSE,FALSE,not_patient_scored
chlorambucil,melphalan,chlorambucil + melphalan,-35,-36.6,-10,-74,0,5,BR:BT-549;BR:HS 578T;BR:MCF7;BR:MDA-MB-231;BR:T-47D,0.378230901780586,FALSE,FALSE,not_patient_scored
chlorambucil,triethylenemelamine,chlorambucil + triethylenemelamine,-30,-26.8,7,-59,0.2,5,BR:BT-549;BR:HS 578T;BR:MCF7;BR:MDA-MB-231;BR:T-47D,0.378230901780586,FALSE,FALSE,not_patient_scored
altretamine,chlorambucil,altretamine + chlorambucil,-46,-50.2,-16,-90,0,5,BR:BT-549;BR:HS 578T;BR:MCF7;BR:MDA-MB-231;BR:T-47D,0.378230901780586,FALSE,FALSE,not_patient_scored
5-fluorouracil,chlorambucil,5-fluorouracil + chlorambucil,-37,-46.6,-22,-91,0,5,BR:BT-549;BR:HS 578T;BR:MCF7;BR:MDA-MB-231;BR:T-47D,0.378230901780586,TRUE,FALSE,tier_B_one_drug_patient_scored
chlorambucil,uracil mustard,chlorambucil + uracil mustard,-2,1.2,72,-41,0.4,5,BR:BT-549;BR:HS 578T;BR:MCF7;BR:MDA-MB-231;BR:T-47D,0.378230901780586,FALSE,FALSE,not_patient_scored
chlorambucil,dacarbazine,chlorambucil + dacarbazine,21,31.4,92,10,1,5,BR:BT-549;BR:HS 578T;BR:MCF7;BR:MDA-MB-231;BR:T-47D,0.892111813134214,FALSE,FALSE,not_patient_scored
chlorambucil,megestrol acetate,chlorambucil + megestrol acetate,-81,-72.8,-10,-115,0,5,BR:BT-549;BR:HS 578T;BR:MCF7;BR:MDA-MB-231;BR:T-47D,0.378230901780586,FALSE,FALSE,not_patient_scored
chlorambucil,lomustine,chlorambucil + lomustine,-27,-23.2,23,-67,0.2,5,BR:BT-549;BR:HS 578T;BR:MCF7;BR:MDA-MB-231;BR:T-47D,0.378230901780586,FALSE,FALSE,not_patient_scored
chlorambucil,daunorubicin,chlorambucil + daunorubicin,-57,-47.2,-18,-67,0,5,BR:BT-549;BR:HS 578T;BR:MCF7;BR:MDA-MB-231;BR:T-47D,0.378230901780586,FALSE,FALSE,not_patient_scored
chlorambucil,teniposide,chlorambucil + teniposide,-22,-15.2,64,-61,0.2,5,BR:BT-549;BR:HS 578T;BR:MCF7;BR:MDA-MB-231;BR:T-47D,0.378230901780586,FALSE,FALSE,not_patient_scored
chlorambucil,doxorubicin,chlorambucil + doxorubicin,-5,0.8,44,-36,0.4,5,BR:BT-549;BR:HS 578T;BR:MCF7;BR:MDA-MB-231;BR:T-47D,0.378230901780586,FALSE,TRUE,tier_B_one_drug_patient_scored
chlorambucil,etoposide,chlorambucil + etoposide,-24,-27.2,-7,-59,0,5,BR:BT-549;BR:HS 578T;BR:MCF7;BR:MDA-MB-231;BR:T-47D,0.378230901780586,FALSE,FALSE,not_patient_scored
chlorambucil,dexrazoxane,chlorambucil + dexrazoxane,-24,-18,2,-40,0.2,5,BR:BT-549;BR:HS 578T;BR:MCF7;BR:MDA-MB-231;BR:T-47D,0.378230901780586,FALSE,FALSE,not_patient_scored
chlorambucil,mitoxantrone,chlorambucil + mitoxantrone,-37,-37.8,-11,-69,0,5,BR:BT-549;BR:HS 578T;BR:MCF7;BR:MDA-MB-231;BR:T-47D,0.378230901780586,FALSE,FALSE,not_patient_scored
chlorambucil,vinorelbine,chlorambucil + vinorelbine,-69,-66,-48,-78,0,4,BR:BT-549;BR:MCF7;BR:MDA-MB-231;BR:T-47D,0.378230901780586,FALSE,FALSE,not_patient_scored
chlorambucil,pemetrexed,chlorambucil + pemetrexed,-59,-54.8,-8,-81,0,5,BR:BT-549;BR:HS 578T;BR:MCF7;BR:MDA-MB-231;BR:T-47D,0.378230901780586,FALSE,FALSE,not_patient_scored
chlorambucil,exemestane,chlorambucil + exemestane,-21,-14,17,-40,0.4,5,BR:BT-549;BR:HS 578T;BR:MCF7;BR:MDA-MB-231;BR:T-47D,0.378230901780586,FALSE,FALSE,not_patient_scored
chlorambucil,gefitinib,chlorambucil + gefitinib,-7,-6.4,14,-22,0.4,5,BR:BT-549;BR:HS 578T;BR:MCF7;BR:MDA-MB-231;BR:T-47D,0.378230901780586,FALSE,FALSE,not_patient_scored
chlorambucil,pazopanib,chlorambucil + pazopanib,-3,-4.6,39,-61,0.4,5,BR:BT-549;BR:HS 578T;BR:MCF7;BR:MDA-MB-231;BR:T-47D,0.378230901780586,FALSE,FALSE,not_patient_scored
chlorambucil,lenalidomide,chlorambucil + lenalidomide,-9,-21,9,-69,0.2,5,BR:BT-549;BR:HS 578T;BR:MCF7;BR:MDA-MB-231;BR:T-47D,0.378230901780586,FALSE,FALSE,not_patient_scored
chlorambucil,raloxifene,chlorambucil + raloxifene,-35,-33,16,-85,0.2,5,BR:BT-549;BR:HS 578T;BR:MCF7;BR:MDA-MB-231;BR:T-47D,0.378230901780586,FALSE,FALSE,not_patient_scored
abiraterone,chlorambucil,abiraterone + chlorambucil,-41,-51.2,-31,-101,0,5,BR:BT-549;BR:HS 578T;BR:MCF7;BR:MDA-MB-231;BR:T-47D,0.378230901780586,FALSE,FALSE,not_patient_scored
chlorambucil,vemurafenib,chlorambucil + vemurafenib,-31.5,-33.5,5,-81,0.2,5,BR:BT-549;BR:HS 578T;BR:MCF7;BR:MDA-MB-231;BR:T-47D,0.378230901780586,FALSE,FALSE,not_patient_scored
chlorambucil,vismodegib,chlorambucil + vismodegib,-43,-49.8,-43,-64,0,5,BR:BT-549;BR:HS 578T;BR:MCF7;BR:MDA-MB-231;BR:T-47D,0.378230901780586,FALSE,FALSE,not_patient_scored
chlorambucil,crizotinib,chlorambucil + crizotinib,-62,-64.5,-33,-103,0,5,BR:BT-549;BR:HS 578T;BR:MCF7;BR:MDA-MB-231;BR:T-47D,0.378230901780586,FALSE,FALSE,not_patient_scored
axitinib,chlorambucil,axitinib + chlorambucil,-42,-46.6,-17,-94,0,5,BR:BT-549;BR:HS 578T;BR:MCF7;BR:MDA-MB-231;BR:T-47D,0.378230901780586,FALSE,FALSE,not_patient_scored
chlorambucil,vandetanib,chlorambucil + vandetanib,-20,-25.2,-7,-41,0,5,BR:BT-549;BR:HS 578T;BR:MCF7;BR:MDA-MB-231;BR:T-47D,0.378230901780586,FALSE,FALSE,not_patient_scored
cabazitaxel,chlorambucil,cabazitaxel + chlorambucil,-96,-83.6666666666667,-58,-97,0,3,BR:MCF7;BR:MDA-MB-231;BR:T-47D,0.378230901780586,FALSE,FALSE,not_patient_scored
chlorambucil,ruxolitinib,chlorambucil + ruxolitinib,-55,-54.6,-39,-78,0,5,BR:BT-549;BR:HS 578T;BR:MCF7;BR:MDA-MB-231;BR:T-47D,0.378230901780586,FALSE,FALSE,not_patient_scored
methotrexate,thiotepa,methotrexate + thiotepa,-46.5,-68.5,-27,-154,0,4,BR:BT-549;BR:HS 578T;BR:MCF7;BR:MDA-MB-231,0.378230901780586,FALSE,FALSE,not_patient_scored
6 thioguanine,thiotepa,6 thioguanine + thiotepa,-51,-50.8,-24,-87,0,5,BR:BT-549;BR:HS 578T;BR:MCF7;BR:MDA-MB-231;BR:T-47D,0.378230901780586,FALSE,FALSE,not_patient_scored
actinomycin d,thiotepa,actinomycin d + thiotepa,-14,-22,2,-61,0.2,5,BR:BT-549;BR:HS 578T;BR:MCF7;BR:MDA-MB-231;BR:T-47D,0.378230901780586,FALSE,FALSE,not_patient_scored
chlorambucil,thiotepa,chlorambucil + thiotepa,-55,-60.8,-17,-112,0,5,BR:BT-549;BR:HS 578T;BR:MCF7;BR:MDA-MB-231;BR:T-47D,0.378230901780586,FALSE,FALSE,not_patient_scored
melphalan,thiotepa,melphalan + thiotepa,-63,-53.4,-18,-72,0,5,BR:BT-549;BR:HS 578T;BR:MCF7;BR:MDA-MB-231;BR:T-47D,0.378230901780586,FALSE,FALSE,not_patient_scored
altretamine,thiotepa,altretamine + thiotepa,-31,-53.2,-24,-119,0,5,BR:BT-549;BR:HS 578T;BR:MCF7;BR:MDA-MB-231;BR:T-47D,0.378230901780586,FALSE,FALSE,not_patient_scored
5-fluorouracil,thiotepa,5-fluorouracil + thiotepa,-17,-21,-2,-53,0,5,BR:BT-549;BR:HS 578T;BR:MCF7;BR:MDA-MB-231;BR:T-47D,0.378230901780586,TRUE,FALSE,tier_B_one_drug_patient_scored
thiotepa,uracil mustard,thiotepa + uracil mustard,-72,-63.8,-17,-88,0,5,BR:BT-549;BR:HS 578T;BR:MCF7;BR:MDA-MB-231;BR:T-47D,0.378230901780586,FALSE,FALSE,not_patient_scored
dacarbazine,thiotepa,dacarbazine + thiotepa,-43,-45.8,-31,-67,0,5,BR:BT-549;BR:HS 578T;BR:MCF7;BR:MDA-MB-231;BR:T-47D,0.378230901780586,FALSE,FALSE,not_patient_scored
megestrol acetate,thiotepa,megestrol acetate + thiotepa,-82,-93.6,-49,-148,0,5,BR:BT-549;BR:HS 578T;BR:MCF7;BR:MDA-MB-231;BR:T-47D,0.378230901780586,FALSE,FALSE,not_patient_scored
lomustine,thiotepa,lomustine + thiotepa,-59,-50,1,-83,0.2,5,BR:BT-549;BR:HS 578T;BR:MCF7;BR:MDA-MB-231;BR:T-47D,0.378230901780586,FALSE,FALSE,not_patient_scored
daunorubicin,thiotepa,daunorubicin + thiotepa,-56,-31,31,-74,0.4,5,BR:BT-549;BR:HS 578T;BR:MCF7;BR:MDA-MB-231;BR:T-47D,0.378230901780586,FALSE,FALSE,not_patient_scored
teniposide,thiotepa,teniposide + thiotepa,-52,-46.4,-7,-73,0,5,BR:BT-549;BR:HS 578T;BR:MCF7;BR:MDA-MB-231;BR:T-47D,0.378230901780586,FALSE,FALSE,not_patient_scored
etoposide,thiotepa,etoposide + thiotepa,-26,-30.2,-10,-59,0,5,BR:BT-549;BR:HS 578T;BR:MCF7;BR:MDA-MB-231;BR:T-47D,0.378230901780586,FALSE,FALSE,not_patient_scored
dexrazoxane,thiotepa,dexrazoxane + thiotepa,-30,-39.4,3,-83,0.2,5,BR:BT-549;BR:HS 578T;BR:MCF7;BR:MDA-MB-231;BR:T-47D,0.378230901780586,FALSE,FALSE,not_patient_scored
mitoxantrone,thiotepa,mitoxantrone + thiotepa,-15,-15.8,-8,-25,0,5,BR:BT-549;BR:HS 578T;BR:MCF7;BR:MDA-MB-231;BR:T-47D,0.378230901780586,FALSE,FALSE,not_patient_scored
thiotepa,vinorelbine,thiotepa + vinorelbine,-23,-24.6,2,-53,0.2,5,BR:BT-549;BR:HS 578T;BR:MCF7;BR:MDA-MB-231;BR:T-47D,0.378230901780586,FALSE,FALSE,not_patient_scored
pemetrexed,thiotepa,pemetrexed + thiotepa,-39,-25.6,13,-51,0.2,5,BR:BT-549;BR:HS 578T;BR:MCF7;BR:MDA-MB-231;BR:T-47D,0.378230901780586,FALSE,FALSE,not_patient_scored
exemestane,thiotepa,exemestane + thiotepa,6,4,18,-19,0.6,5,BR:BT-549;BR:HS 578T;BR:MCF7;BR:MDA-MB-231;BR:T-47D,0.802508137085966,FALSE,FALSE,not_patient_scored
gefitinib,thiotepa,gefitinib + thiotepa,-5,-4.8,11,-18,0.2,5,BR:BT-549;BR:HS 578T;BR:MCF7;BR:MDA-MB-231;BR:T-47D,0.378230901780586,FALSE,FALSE,not_patient_scored
letrozole,thiotepa,letrozole + thiotepa,-87,-78.8,-26,-127,0,5,BR:BT-549;BR:HS 578T;BR:MCF7;BR:MDA-MB-231;BR:T-47D,0.378230901780586,FALSE,FALSE,not_patient_scored
celecoxib,thiotepa,celecoxib + thiotepa,-7,-44.4,0,-113,0,5,BR:BT-549;BR:HS 578T;BR:MCF7;BR:MDA-MB-231;BR:T-47D,0.378230901780586,FALSE,FALSE,not_patient_scored
pazopanib,thiotepa,pazopanib + thiotepa,-40,-53.6,-12,-123,0,5,BR:BT-549;BR:HS 578T;BR:MCF7;BR:MDA-MB-231;BR:T-47D,0.378230901780586,FALSE,FALSE,not_patient_scored
lenalidomide,thiotepa,lenalidomide + thiotepa,17,19,32,2,1,5,BR:BT-549;BR:HS 578T;BR:MCF7;BR:MDA-MB-231;BR:T-47D,0.874114493586062,FALSE,FALSE,not_patient_scored
raloxifene,thiotepa,raloxifene + thiotepa,-59,-48.4,32,-112,0.2,5,BR:BT-549;BR:HS 578T;BR:MCF7;BR:MDA-MB-231;BR:T-47D,0.378230901780586,FALSE,FALSE,not_patient_scored
abiraterone,thiotepa,abiraterone + thiotepa,-14,-10.4,29,-51,0.4,5,BR:BT-549;BR:HS 578T;BR:MCF7;BR:MDA-MB-231;BR:T-47D,0.378230901780586,FALSE,FALSE,not_patient_scored
thiotepa,vemurafenib,thiotepa + vemurafenib,-29,-43.6,-18,-108,0,5,BR:BT-549;BR:HS 578T;BR:MCF7;BR:MDA-MB-231;BR:T-47D,0.378230901780586,FALSE,FALSE,not_patient_scored
thiotepa,vismodegib,thiotepa + vismodegib,-34,-51.4,-9,-96,0,5,BR:BT-549;BR:HS 578T;BR:MCF7;BR:MDA-MB-231;BR:T-47D,0.378230901780586,FALSE,FALSE,not_patient_scored
crizotinib,thiotepa,crizotinib + thiotepa,-60,-70.8,-43,-142,0,5,BR:BT-549;BR:HS 578T;BR:MCF7;BR:MDA-MB-231;BR:T-47D,0.378230901780586,FALSE,FALSE,not_patient_scored
axitinib,thiotepa,axitinib + thiotepa,-58,-47.6,-19,-72,0,5,BR:BT-549;BR:HS 578T;BR:MCF7;BR:MDA-MB-231;BR:T-47D,0.378230901780586,FALSE,FALSE,not_patient_scored
thiotepa,vandetanib,thiotepa + vandetanib,-12,-27,15,-94,0.2,5,BR:BT-549;BR:HS 578T;BR:MCF7;BR:MDA-MB-231;BR:T-47D,0.378230901780586,FALSE,FALSE,not_patient_scored
cabazitaxel,thiotepa,cabazitaxel + thiotepa,-5,-25.4,28,-84,0.4,5,BR:BT-549;BR:HS 578T;BR:MCF7;BR:MDA-MB-231;BR:T-47D,0.378230901780586,FALSE,FALSE,not_patient_scored
ruxolitinib,thiotepa,ruxolitinib + thiotepa,-53,-60.8,-36,-109,0,5,BR:BT-549;BR:HS 578T;BR:MCF7;BR:MDA-MB-231;BR:T-47D,0.378230901780586,FALSE,FALSE,not_patient_scored
melphalan,triethylenemelamine,melphalan + triethylenemelamine,-37,-36.2,-1,-69,0,5,BR:BT-549;BR:HS 578T;BR:MCF7;BR:MDA-MB-231;BR:T-47D,0.378230901780586,FALSE,FALSE,not_patient_scored
altretamine,melphalan,altretamine + melphalan,8,4.2,44,-41,0.6,5,BR:BT-549;BR:HS 578T;BR:MCF7;BR:MDA-MB-231;BR:T-47D,0.818973769864063,FALSE,FALSE,not_patient_scored
5-fluorouracil,melphalan,5-fluorouracil + melphalan,-53,-63.4,-33,-100,0,5,BR:BT-549;BR:HS 578T;BR:MCF7;BR:MDA-MB-231;BR:T-47D,0.378230901780586,TRUE,FALSE,tier_B_one_drug_patient_scored
melphalan,uracil mustard,melphalan + uracil mustard,-25,-18,34,-39,0.2,5,BR:BT-549;BR:HS 578T;BR:MCF7;BR:MDA-MB-231;BR:T-47D,0.378230901780586,FALSE,FALSE,not_patient_scored
dacarbazine,melphalan,dacarbazine + melphalan,-13,-14.2,24,-72,0.4,5,BR:BT-549;BR:HS 578T;BR:MCF7;BR:MDA-MB-231;BR:T-47D,0.378230901780586,FALSE,FALSE,not_patient_scored
megestrol acetate,melphalan,megestrol acetate + melphalan,-23,-29,17,-72,0.2,5,BR:BT-549;BR:HS 578T;BR:MCF7;BR:MDA-MB-231;BR:T-47D,0.378230901780586,FALSE,FALSE,not_patient_scored
lomustine,melphalan,lomustine + melphalan,-19,-12.8,21,-35,0.4,5,BR:BT-549;BR:HS 578T;BR:MCF7;BR:MDA-MB-231;BR:T-47D,0.378230901780586,FALSE,FALSE,not_patient_scored
daunorubicin,melphalan,daunorubicin + melphalan,-52,-48.8,-20,-69,0,5,BR:BT-549;BR:HS 578T;BR:MCF7;BR:MDA-MB-231;BR:T-47D,0.378230901780586,FALSE,FALSE,not_patient_scored
melphalan,teniposide,melphalan + teniposide,-51,-43.4,-19,-59,0,5,BR:BT-549;BR:HS 578T;BR:MCF7;BR:MDA-MB-231;BR:T-47D,0.378230901780586,FALSE,FALSE,not_patient_scored
doxorubicin,melphalan,doxorubicin + melphalan,20,16.8,41,-6,0.8,5,BR:BT-549;BR:HS 578T;BR:MCF7;BR:MDA-MB-231;BR:T-47D,0.888091135362818,TRUE,FALSE,tier_B_one_drug_patient_scored
etoposide,melphalan,etoposide + melphalan,-41,-26,36,-57,0.2,5,BR:BT-549;BR:HS 578T;BR:MCF7;BR:MDA-MB-231;BR:T-47D,0.378230901780586,FALSE,FALSE,not_patient_scored
dexrazoxane,melphalan,dexrazoxane + melphalan,-20,-18.8,-4,-35,0,5,BR:BT-549;BR:HS 578T;BR:MCF7;BR:MDA-MB-231;BR:T-47D,0.378230901780586,FALSE,FALSE,not_patient_scored
melphalan,mitoxantrone,melphalan + mitoxantrone,-6,-8.8,2,-22,0.2,5,BR:BT-549;BR:HS 578T;BR:MCF7;BR:MDA-MB-231;BR:T-47D,0.378230901780586,FALSE,FALSE,not_patient_scored
melphalan,vinorelbine,melphalan + vinorelbine,-48.5,-52.25,-18,-94,0,4,BR:BT-549;BR:MCF7;BR:MDA-MB-231;BR:T-47D,0.378230901780586,FALSE,FALSE,not_patient_scored
melphalan,pemetrexed,melphalan + pemetrexed,-73,-68.8,-40,-98,0,5,BR:BT-549;BR:HS 578T;BR:MCF7;BR:MDA-MB-231;BR:T-47D,0.378230901780586,FALSE,FALSE,not_patient_scored
exemestane,melphalan,exemestane + melphalan,-26,-23,2,-42,0.25,4,BR:BT-549;BR:HS 578T;BR:MCF7;BR:T-47D,0.378230901780586,FALSE,FALSE,not_patient_scored
gefitinib,melphalan,gefitinib + melphalan,-13,-7.8,9,-21,0.4,5,BR:BT-549;BR:HS 578T;BR:MCF7;BR:MDA-MB-231;BR:T-47D,0.378230901780586,FALSE,FALSE,not_patient_scored
melphalan,pazopanib,melphalan + pazopanib,-18,-16.2,5,-31,0.2,5,BR:BT-549;BR:HS 578T;BR:MCF7;BR:MDA-MB-231;BR:T-47D,0.378230901780586,FALSE,FALSE,not_patient_scored
lenalidomide,melphalan,lenalidomide + melphalan,11,3.6,31,-39,0.6,5,BR:BT-549;BR:HS 578T;BR:MCF7;BR:MDA-MB-231;BR:T-47D,0.841853340991767,FALSE,FALSE,not_patient_scored
melphalan,raloxifene,melphalan + raloxifene,-58,-60.4,-11,-123,0,5,BR:BT-549;BR:HS 578T;BR:MCF7;BR:MDA-MB-231;BR:T-47D,0.378230901780586,FALSE,FALSE,not_patient_scored
abiraterone,melphalan,abiraterone + melphalan,-24,-15,6,-32,0.4,5,BR:BT-549;BR:HS 578T;BR:MCF7;BR:MDA-MB-231;BR:T-47D,0.378230901780586,FALSE,FALSE,not_patient_scored
melphalan,vemurafenib,melphalan + vemurafenib,-44,-40.5,15,-100,0.1,5,BR:BT-549;BR:HS 578T;BR:MCF7;BR:MDA-MB-231;BR:T-47D,0.378230901780586,FALSE,FALSE,not_patient_scored
melphalan,vismodegib,melphalan + vismodegib,-43,-36.2,-7,-48,0,5,BR:BT-549;BR:HS 578T;BR:MCF7;BR:MDA-MB-231;BR:T-47D,0.378230901780586,FALSE,FALSE,not_patient_scored
crizotinib,melphalan,crizotinib + melphalan,-53,-52.7,-19,-106,0,5,BR:BT-549;BR:HS 578T;BR:MCF7;BR:MDA-MB-231;BR:T-47D,0.378230901780586,FALSE,FALSE,not_patient_scored
axitinib,melphalan,axitinib + melphalan,-22,-27.8,-10,-68,0,5,BR:BT-549;BR:HS 578T;BR:MCF7;BR:MDA-MB-231;BR:T-47D,0.378230901780586,FALSE,FALSE,not_patient_scored
melphalan,vandetanib,melphalan + vandetanib,-60,-47.2,6,-100,0.2,5,BR:BT-549;BR:HS 578T;BR:MCF7;BR:MDA-MB-231;BR:T-47D,0.378230901780586,FALSE,FALSE,not_patient_scored
cabazitaxel,melphalan,cabazitaxel + melphalan,-72,-70.25,-39,-98,0,4,BR:BT-549;BR:MCF7;BR:MDA-MB-231;BR:T-47D,0.378230901780586,FALSE,FALSE,not_patient_scored
melphalan,ruxolitinib,melphalan + ruxolitinib,-48,-41.4,-23,-60,0,5,BR:BT-549;BR:HS 578T;BR:MCF7;BR:MDA-MB-231;BR:T-47D,0.378230901780586,FALSE,FALSE,not_patient_scored
actinomycin d,triethylenemelamine,actinomycin d + triethylenemelamine,-20,-26.4,25,-78,0.2,5,BR:BT-549;BR:HS 578T;BR:MCF7;BR:MDA-MB-231;BR:T-47D,0.378230901780586,FALSE,FALSE,not_patient_scored
thiotepa,triethylenemelamine,thiotepa + triethylenemelamine,-51,-47.2,-7,-77,0,5,BR:BT-549;BR:HS 578T;BR:MCF7;BR:MDA-MB-231;BR:T-47D,0.378230901780586,FALSE,FALSE,not_patient_scored
floxuridine,triethylenemelamine,floxuridine + triethylenemelamine,-17,-18.2,72,-79,0.2,5,BR:BT-549;BR:HS 578T;BR:MCF7;BR:MDA-MB-231;BR:T-47D,0.378230901780586,FALSE,FALSE,not_patient_scored
cytarabine,triethylenemelamine,cytarabine + triethylenemelamine,-40,-57.2,-18,-110,0,5,BR:BT-549;BR:HS 578T;BR:MCF7;BR:MDA-MB-231;BR:T-47D,0.378230901780586,FALSE,FALSE,not_patient_scored
triethylenemelamine,vincristine,triethylenemelamine + vincristine,-8,-13,9,-38,0.4,5,BR:BT-549;BR:HS 578T;BR:MCF7;BR:MDA-MB-231;BR:T-47D,0.378230901780586,FALSE,FALSE,not_patient_scored
azacitidine,triethylenemelamine,azacitidine + triethylenemelamine,15,16.8,60,-26,0.8,5,BR:BT-549;BR:HS 578T;BR:MCF7;BR:MDA-MB-231;BR:T-47D,0.864541451273215,FALSE,FALSE,not_patient_scored
cladribine,triethylenemelamine,cladribine + triethylenemelamine,6,6.8,48,-22,0.6,5,BR:BT-549;BR:HS 578T;BR:MCF7;BR:MDA-MB-231;BR:T-47D,0.802508137085966,FALSE,FALSE,not_patient_scored
fludarabine,triethylenemelamine,fludarabine + triethylenemelamine,-1,-4.6,28,-49,0.4,5,BR:BT-549;BR:HS 578T;BR:MCF7;BR:MDA-MB-231;BR:T-47D,0.378230901780586,FALSE,FALSE,not_patient_scored
isotretinoin,triethylenemelamine,isotretinoin + triethylenemelamine,-39,-37.2,11,-87,0.2,5,BR:BT-549;BR:HS 578T;BR:MCF7;BR:MDA-MB-231;BR:T-47D,0.378230901780586,FALSE,FALSE,not_patient_scored
paclitaxel,triethylenemelamine,paclitaxel + triethylenemelamine,-91,-75.4,23,-143,0.2,5,BR:BT-549;BR:HS 578T;BR:MCF7;BR:MDA-MB-231;BR:T-47D,0.378230901780586,TRUE,FALSE,tier_B_one_drug_patient_scored
tamoxifen,triethylenemelamine,tamoxifen + triethylenemelamine,-5,-38,27,-156,0.2,5,BR:BT-549;BR:HS 578T;BR:MCF7;BR:MDA-MB-231;BR:T-47D,0.378230901780586,FALSE,FALSE,not_patient_scored
rapamycin,triethylenemelamine,rapamycin + triethylenemelamine,-30,-24.6,21,-55,0.2,5,BR:BT-549;BR:HS 578T;BR:MCF7;BR:MDA-MB-231;BR:T-47D,0.378230901780586,TRUE,FALSE,tier_B_one_drug_patient_scored
carboplatin,triethylenemelamine,carboplatin + triethylenemelamine,-21,-15.8,26,-45,0.2,5,BR:BT-549;BR:HS 578T;BR:MCF7;BR:MDA-MB-231;BR:T-47D,0.378230901780586,FALSE,FALSE,not_patient_scored
triethylenemelamine,valrubicin,triethylenemelamine + valrubicin,-28,-21.2,6,-40,0.2,5,BR:BT-549;BR:HS 578T;BR:MCF7;BR:MDA-MB-231;BR:T-47D,0.378230901780586,FALSE,FALSE,not_patient_scored
temozolomide,triethylenemelamine,temozolomide + triethylenemelamine,-18,-12.6,14,-30,0.2,5,BR:BT-549;BR:HS 578T;BR:MCF7;BR:MDA-MB-231;BR:T-47D,0.378230901780586,FALSE,FALSE,not_patient_scored
clofarabine,triethylenemelamine,clofarabine + triethylenemelamine,-33,-36.2,2,-63,0.2,5,BR:BT-549;BR:HS 578T;BR:MCF7;BR:MDA-MB-231;BR:T-47D,0.378230901780586,FALSE,FALSE,not_patient_scored
gemcitabine,triethylenemelamine,gemcitabine + triethylenemelamine,-27,-28.6,-10,-41,0,5,BR:BT-549;BR:HS 578T;BR:MCF7;BR:MDA-MB-231;BR:T-47D,0.378230901780586,TRUE,FALSE,tier_B_one_drug_patient_scored
docetaxel,triethylenemelamine,docetaxel + triethylenemelamine,-13,-9.8,35,-58,0.4,5,BR:BT-549;BR:HS 578T;BR:MCF7;BR:MDA-MB-231;BR:T-47D,0.378230901780586,TRUE,FALSE,tier_B_one_drug_patient_scored
7 ethyl 10 hydroxycamptothecin,triethylenemelamine,7 ethyl 10 hydroxycamptothecin + triethylenemelamine,-1,-12.4,11,-62,0.4,5,BR:BT-549;BR:HS 578T;BR:MCF7;BR:MDA-MB-231;BR:T-47D,0.378230901780586,FALSE,FALSE,not_patient_scored
nelarabine,triethylenemelamine,nelarabine + triethylenemelamine,-7,-14.2,46,-79,0.2,5,BR:BT-549;BR:HS 578T;BR:MCF7;BR:MDA-MB-231;BR:T-47D,0.378230901780586,FALSE,FALSE,not_patient_scored
triethylenemelamine,vorinostat,triethylenemelamine + vorinostat,-7,-5.4,39,-39,0.4,5,BR:BT-549;BR:HS 578T;BR:MCF7;BR:MDA-MB-231;BR:T-47D,0.378230901780586,FALSE,FALSE,not_patient_scored
capecitabine,triethylenemelamine,capecitabine + triethylenemelamine,-6,-15,11,-74,0.4,5,BR:BT-549;BR:HS 578T;BR:MCF7;BR:MDA-MB-231;BR:T-47D,0.378230901780586,FALSE,FALSE,not_patient_scored
letrozole,triethylenemelamine,letrozole + triethylenemelamine,-12,-23.2,52,-109,0.4,5,BR:BT-549;BR:HS 578T;BR:MCF7;BR:MDA-MB-231;BR:T-47D,0.378230901780586,FALSE,FALSE,not_patient_scored
celecoxib,triethylenemelamine,celecoxib + triethylenemelamine,-67,-64.4,-28,-98,0,5,BR:BT-549;BR:HS 578T;BR:MCF7;BR:MDA-MB-231;BR:T-47D,0.378230901780586,FALSE,FALSE,not_patient_scored
triethylenemelamine,zoledronate,triethylenemelamine + zoledronate,-10,-27,5,-92,0.4,5,BR:BT-549;BR:HS 578T;BR:MCF7;BR:MDA-MB-231;BR:T-47D,0.378230901780586,FALSE,FALSE,not_patient_scored
dasatinib,triethylenemelamine,dasatinib + triethylenemelamine,-1,-2.2,30,-25,0.4,5,BR:BT-549;BR:HS 578T;BR:MCF7;BR:MDA-MB-231;BR:T-47D,0.378230901780586,FALSE,FALSE,not_patient_scored
everolimus,triethylenemelamine,everolimus + triethylenemelamine,-11,-18.6,-2,-38,0,5,BR:BT-549;BR:HS 578T;BR:MCF7;BR:MDA-MB-231;BR:T-47D,0.378230901780586,FALSE,FALSE,not_patient_scored
imatinib,triethylenemelamine,imatinib + triethylenemelamine,-65,-64.2,-44,-86,0,5,BR:BT-549;BR:HS 578T;BR:MCF7;BR:MDA-MB-231;BR:T-47D,0.378230901780586,FALSE,FALSE,not_patient_scored
lapatinib,triethylenemelamine,lapatinib + triethylenemelamine,-4,-41.8,-2,-144,0,5,BR:BT-549;BR:HS 578T;BR:MCF7;BR:MDA-MB-231;BR:T-47D,0.378230901780586,TRUE,FALSE,tier_B_one_drug_patient_scored
nilotinib,triethylenemelamine,nilotinib + triethylenemelamine,-17,-13.4,16,-44,0.2,5,BR:BT-549;BR:HS 578T;BR:MCF7;BR:MDA-MB-231;BR:T-47D,0.378230901780586,FALSE,FALSE,not_patient_scored
sunitinib,triethylenemelamine,sunitinib + triethylenemelamine,5,-12.2,14,-57,0.6,5,BR:BT-549;BR:HS 578T;BR:MCF7;BR:MDA-MB-231;BR:T-47D,0.793030825196247,FALSE,FALSE,not_patient_scored
depsipeptide,triethylenemelamine,depsipeptide + triethylenemelamine,58,56,123,-1,0.8,5,BR:BT-549;BR:HS 578T;BR:MCF7;BR:MDA-MB-231;BR:T-47D,0.971280873061459,FALSE,FALSE,not_patient_scored
altretamine,triethylenemelamine,altretamine + triethylenemelamine,-23,-11,39,-26,0.2,5,BR:BT-549;BR:HS 578T;BR:MCF7;BR:MDA-MB-231;BR:T-47D,0.378230901780586,FALSE,FALSE,not_patient_scored
5-fluorouracil,altretamine,5-fluorouracil + altretamine,-4,-20.2,12,-81,0.2,5,BR:BT-549;BR:HS 578T;BR:MCF7;BR:MDA-MB-231;BR:T-47D,0.378230901780586,TRUE,FALSE,tier_B_one_drug_patient_scored
altretamine,uracil mustard,altretamine + uracil mustard,-45,-39,7,-78,0.2,5,BR:BT-549;BR:HS 578T;BR:MCF7;BR:MDA-MB-231;BR:T-47D,0.378230901780586,FALSE,FALSE,not_patient_scored
altretamine,dacarbazine,altretamine + dacarbazine,-46,-45,-15,-75,0,5,BR:BT-549;BR:HS 578T;BR:MCF7;BR:MDA-MB-231;BR:T-47D,0.378230901780586,FALSE,FALSE,not_patient_scored
altretamine,megestrol acetate,altretamine + megestrol acetate,-65,-58.2,55,-161,0.2,5,BR:BT-549;BR:HS 578T;BR:MCF7;BR:MDA-MB-231;BR:T-47D,0.378230901780586,FALSE,FALSE,not_patient_scored
altretamine,lomustine,altretamine + lomustine,-1,2.6,44,-21,0.4,5,BR:BT-549;BR:HS 578T;BR:MCF7;BR:MDA-MB-231;BR:T-47D,0.378230901780586,FALSE,FALSE,not_patient_scored
altretamine,daunorubicin,altretamine + daunorubicin,-24,-27.2,28,-77,0.2,5,BR:BT-549;BR:HS 578T;BR:MCF7;BR:MDA-MB-231;BR:T-47D,0.378230901780586,FALSE,FALSE,not_patient_scored
altretamine,teniposide,altretamine + teniposide,-11,-18.6,23,-67,0.4,5,BR:BT-549;BR:HS 578T;BR:MCF7;BR:MDA-MB-231;BR:T-47D,0.378230901780586,FALSE,FALSE,not_patient_scored
altretamine,doxorubicin,altretamine + doxorubicin,8,12,38,-22,0.8,5,BR:BT-549;BR:HS 578T;BR:MCF7;BR:MDA-MB-231;BR:T-47D,0.818973769864063,FALSE,TRUE,tier_B_one_drug_patient_scored
altretamine,etoposide,altretamine + etoposide,-34,-27,4,-44,0.2,5,BR:BT-549;BR:HS 578T;BR:MCF7;BR:MDA-MB-231;BR:T-47D,0.378230901780586,FALSE,FALSE,not_patient_scored
altretamine,dexrazoxane,altretamine + dexrazoxane,-48,-22,84,-80,0.2,5,BR:BT-549;BR:HS 578T;BR:MCF7;BR:MDA-MB-231;BR:T-47D,0.378230901780586,FALSE,FALSE,not_patient_scored
altretamine,mitoxantrone,altretamine + mitoxantrone,0,17.4,61,-2,0.4,5,BR:BT-549;BR:HS 578T;BR:MCF7;BR:MDA-MB-231;BR:T-47D,0.378230901780586,FALSE,FALSE,not_patient_scored
altretamine,vinorelbine,altretamine + vinorelbine,-12,-10,16,-33,0.2,5,BR:BT-549;BR:HS 578T;BR:MCF7;BR:MDA-MB-231;BR:T-47D,0.378230901780586,FALSE,FALSE,not_patient_scored
altretamine,pemetrexed,altretamine + pemetrexed,-42,-35.6,-10,-64,0,5,BR:BT-549;BR:HS 578T;BR:MCF7;BR:MDA-MB-231;BR:T-47D,0.378230901780586,FALSE,FALSE,not_patient_scored
altretamine,exemestane,altretamine + exemestane,-51,-51.8,-44,-62,0,5,BR:BT-549;BR:HS 578T;BR:MCF7;BR:MDA-MB-231;BR:T-47D,0.378230901780586,FALSE,FALSE,not_patient_scored
altretamine,gefitinib,altretamine + gefitinib,-29,-23,23,-63,0.2,5,BR:BT-549;BR:HS 578T;BR:MCF7;BR:MDA-MB-231;BR:T-47D,0.378230901780586,FALSE,FALSE,not_patient_scored
altretamine,pazopanib,altretamine + pazopanib,-37,-47.6,-18,-103,0,5,BR:BT-549;BR:HS 578T;BR:MCF7;BR:MDA-MB-231;BR:T-47D,0.378230901780586,FALSE,FALSE,not_patient_scored
altretamine,lenalidomide,altretamine + lenalidomide,-18,-21.4,-1,-40,0,5,BR:BT-549;BR:HS 578T;BR:MCF7;BR:MDA-MB-231;BR:T-47D,0.378230901780586,FALSE,FALSE,not_patient_scored
altretamine,raloxifene,altretamine + raloxifene,-90,-93.8,-76,-122,0,5,BR:BT-549;BR:HS 578T;BR:MCF7;BR:MDA-MB-231;BR:T-47D,0.378230901780586,FALSE,FALSE,not_patient_scored
abiraterone,altretamine,abiraterone + altretamine,-52,-63.2,-24,-157,0,5,BR:BT-549;BR:HS 578T;BR:MCF7;BR:MDA-MB-231;BR:T-47D,0.378230901780586,FALSE,FALSE,not_patient_scored
altretamine,vemurafenib,altretamine + vemurafenib,-61,-71.6,-45,-139,0,5,BR:BT-549;BR:HS 578T;BR:MCF7;BR:MDA-MB-231;BR:T-47D,0.378230901780586,FALSE,FALSE,not_patient_scored
altretamine,vismodegib,altretamine + vismodegib,-56,-46.75,12,-87,0.25,4,BR:BT-549;BR:MCF7;BR:MDA-MB-231;BR:T-47D,0.378230901780586,FALSE,FALSE,not_patient_scored
altretamine,crizotinib,altretamine + crizotinib,-70.5,-71.4,-19,-137,0,5,BR:BT-549;BR:HS 578T;BR:MCF7;BR:MDA-MB-231;BR:T-47D,0.378230901780586,FALSE,FALSE,not_patient_scored
altretamine,axitinib,altretamine + axitinib,-83,-65.8,27,-124,0.2,5,BR:BT-549;BR:HS 578T;BR:MCF7;BR:MDA-MB-231;BR:T-47D,0.378230901780586,FALSE,FALSE,not_patient_scored
altretamine,vandetanib,altretamine + vandetanib,-74,-83.6,-8,-199,0,5,BR:BT-549;BR:HS 578T;BR:MCF7;BR:MDA-MB-231;BR:T-47D,0.378230901780586,FALSE,FALSE,not_patient_scored
altretamine,cabazitaxel,altretamine + cabazitaxel,49,55.5,78,46,1,4,BR:BT-549;BR:MCF7;BR:MDA-MB-231;BR:T-47D,0.959697491862914,FALSE,FALSE,not_patient_scored
altretamine,ruxolitinib,altretamine + ruxolitinib,-73,-84.8,-32,-160,0,5,BR:BT-549;BR:HS 578T;BR:MCF7;BR:MDA-MB-231;BR:T-47D,0.378230901780586,FALSE,FALSE,not_patient_scored
acrichine,methotrexate,acrichine + methotrexate,-37,-34.6,-9,-54,0,5,BR:BT-549;BR:HS 578T;BR:MCF7;BR:MDA-MB-231;BR:T-47D,0.378230901780586,FALSE,FALSE,not_patient_scored
acrichine,busulfan,acrichine + busulfan,-2,-0.8,46,-50,0.4,5,BR:BT-549;BR:HS 578T;BR:MCF7;BR:MDA-MB-231;BR:T-47D,0.378230901780586,FALSE,FALSE,not_patient_scored
6 thioguanine,acrichine,6 thioguanine + acrichine,-32,-33.2,-18,-55,0,5,BR:BT-549;BR:HS 578T;BR:MCF7;BR:MDA-MB-231;BR:T-47D,0.378230901780586,FALSE,FALSE,not_patient_scored
6 mercaptopurine,acrichine,6 mercaptopurine + acrichine,-20,-23,-2,-39,0,5,BR:BT-549;BR:HS 578T;BR:MCF7;BR:MDA-MB-231;BR:T-47D,0.378230901780586,FALSE,FALSE,not_patient_scored
acrichine,nitrogen mustard,acrichine + nitrogen mustard,-11,-18.4,19,-65,0.4,5,BR:BT-549;BR:HS 578T;BR:MCF7;BR:MDA-MB-231;BR:T-47D,0.378230901780586,FALSE,FALSE,not_patient_scored
acrichine,allopurinol,acrichine + allopurinol,-3,-8.4,35,-52,0.4,5,BR:BT-549;BR:HS 578T;BR:MCF7;BR:MDA-MB-231;BR:T-47D,0.378230901780586,FALSE,FALSE,not_patient_scored
acrichine,actinomycin d,acrichine + actinomycin d,24,7.6,48,-53,0.6,5,BR:BT-549;BR:HS 578T;BR:MCF7;BR:MDA-MB-231;BR:T-47D,0.904843959410301,FALSE,FALSE,not_patient_scored
acrichine,chlorambucil,acrichine + chlorambucil,-48,-63.2,-41,-133,0,5,BR:BT-549;BR:HS 578T;BR:MCF7;BR:MDA-MB-231;BR:T-47D,0.378230901780586,FALSE,FALSE,not_patient_scored
acrichine,thiotepa,acrichine + thiotepa,4,-1.8,26,-50,0.6,5,BR:BT-549;BR:HS 578T;BR:MCF7;BR:MDA-MB-231;BR:T-47D,0.783553513306529,FALSE,FALSE,not_patient_scored
acrichine,melphalan,acrichine + melphalan,-30,-32.6,-6,-71,0,5,BR:BT-549;BR:HS 578T;BR:MCF7;BR:MDA-MB-231;BR:T-47D,0.378230901780586,FALSE,FALSE,not_patient_scored
acrichine,triethylenemelamine,acrichine + triethylenemelamine,-47,-45.4,-8,-87,0,5,BR:BT-549;BR:HS 578T;BR:MCF7;BR:MDA-MB-231;BR:T-47D,0.378230901780586,FALSE,FALSE,not_patient_scored
acrichine,altretamine,acrichine + altretamine,-40,-46,-27,-92,0,5,BR:BT-549;BR:HS 578T;BR:MCF7;BR:MDA-MB-231;BR:T-47D,0.378230901780586,FALSE,FALSE,not_patient_scored
acrichine,aminolevulinic acid,acrichine + aminolevulinic acid,-39,-38.2,-10,-66,0,5,BR:BT-549;BR:HS 578T;BR:MCF7;BR:MDA-MB-231;BR:T-47D,0.378230901780586,FALSE,FALSE,not_patient_scored
5-fluorouracil,acrichine,5-fluorouracil + acrichine,-21,-21.8,-1,-46,0,5,BR:BT-549;BR:HS 578T;BR:MCF7;BR:MDA-MB-231;BR:T-47D,0.378230901780586,TRUE,FALSE,tier_B_one_drug_patient_scored
acrichine,mithramycin,acrichine + mithramycin,12,3,19,-20,0.6,5,BR:BT-549;BR:HS 578T;BR:MCF7;BR:MDA-MB-231;BR:T-47D,0.847118514263833,FALSE,FALSE,not_patient_scored
acrichine,floxuridine,acrichine + floxuridine,-6,-9.8,20,-35,0.2,5,BR:BT-549;BR:HS 578T;BR:MCF7;BR:MDA-MB-231;BR:T-47D,0.378230901780586,FALSE,FALSE,not_patient_scored
acrichine,hydroxyurea,acrichine + hydroxyurea,-21,-19.4,13,-50,0.2,5,BR:BT-549;BR:HS 578T;BR:MCF7;BR:MDA-MB-231;BR:T-47D,0.378230901780586,FALSE,FALSE,not_patient_scored
acrichine,uracil mustard,acrichine + uracil mustard,-72,-55.8,2,-82,0.2,5,BR:BT-549;BR:HS 578T;BR:MCF7;BR:MDA-MB-231;BR:T-47D,0.378230901780586,FALSE,FALSE,not_patient_scored
acrichine,mitotane,acrichine + mitotane,5,6.8,29,-10,0.6,5,BR:BT-549;BR:HS 578T;BR:MCF7;BR:MDA-MB-231;BR:T-47D,0.793030825196247,FALSE,FALSE,not_patient_scored
acrichine,dacarbazine,acrichine + dacarbazine,-56,-46.4,-1,-77,0,5,BR:BT-549;BR:HS 578T;BR:MCF7;BR:MDA-MB-231;BR:T-47D,0.378230901780586,FALSE,FALSE,not_patient_scored
acrichine,vinblastine,acrichine + vinblastine,15,-4.2,28,-44,0.6,5,BR:BT-549;BR:HS 578T;BR:MCF7;BR:MDA-MB-231;BR:T-47D,0.864541451273215,FALSE,FALSE,not_patient_scored
acrichine,cytarabine,acrichine + cytarabine,-7,-0.8,32,-30,0.4,5,BR:BT-549;BR:HS 578T;BR:MCF7;BR:MDA-MB-231;BR:T-47D,0.378230901780586,FALSE,FALSE,not_patient_scored
acrichine,vincristine,acrichine + vincristine,-21,-16.4,34,-63,0.4,5,BR:BT-549;BR:HS 578T;BR:MCF7;BR:MDA-MB-231;BR:T-47D,0.378230901780586,FALSE,FALSE,not_patient_scored
acrichine,megestrol acetate,acrichine + megestrol acetate,-39,-55.4,-12,-98,0,5,BR:BT-549;BR:HS 578T;BR:MCF7;BR:MDA-MB-231;BR:T-47D,0.378230901780586,FALSE,FALSE,not_patient_scored
acrichine,lomustine,acrichine + lomustine,-34,-30.4,-7,-53,0,5,BR:BT-549;BR:HS 578T;BR:MCF7;BR:MDA-MB-231;BR:T-47D,0.378230901780586,FALSE,FALSE,not_patient_scored
acrichine,daunorubicin,acrichine + daunorubicin,-23,-8.4,73,-59,0.2,5,BR:BT-549;BR:HS 578T;BR:MCF7;BR:MDA-MB-231;BR:T-47D,0.378230901780586,FALSE,FALSE,not_patient_scored
acrichine,azacitidine,acrichine + azacitidine,7,-2,29,-43,0.6,5,BR:BT-549;BR:HS 578T;BR:MCF7;BR:MDA-MB-231;BR:T-47D,0.810453762205629,FALSE,FALSE,not_patient_scored
acrichine,cladribine,acrichine + cladribine,-24,-22.4,2,-36,0.2,5,BR:BT-549;BR:HS 578T;BR:MCF7;BR:MDA-MB-231;BR:T-47D,0.378230901780586,FALSE,FALSE,not_patient_scored
acrichine,fludarabine,acrichine + fludarabine,-6,-10.4,15,-32,0.2,5,BR:BT-549;BR:HS 578T;BR:MCF7;BR:MDA-MB-231;BR:T-47D,0.378230901780586,FALSE,FALSE,not_patient_scored
acrichine,isotretinoin,acrichine + isotretinoin,-45,-44.8,-2,-93,0,5,BR:BT-549;BR:HS 578T;BR:MCF7;BR:MDA-MB-231;BR:T-47D,0.378230901780586,FALSE,FALSE,not_patient_scored
acrichine,teniposide,acrichine + teniposide,-25,-35.6,-5,-78,0,5,BR:BT-549;BR:HS 578T;BR:MCF7;BR:MDA-MB-231;BR:T-47D,0.378230901780586,FALSE,FALSE,not_patient_scored
acrichine,doxorubicin,acrichine + doxorubicin,21,7.6,32,-24,0.6,5,BR:BT-549;BR:HS 578T;BR:MCF7;BR:MDA-MB-231;BR:T-47D,0.892111813134214,FALSE,TRUE,tier_B_one_drug_patient_scored
acrichine,bleomycin,acrichine + bleomycin,-22,-32.2,-5,-77,0,5,BR:BT-549;BR:HS 578T;BR:MCF7;BR:MDA-MB-231;BR:T-47D,0.378230901780586,FALSE,FALSE,not_patient_scored
acrichine,paclitaxel,acrichine + paclitaxel,-45,-28.2,44,-58,0.2,5,BR:BT-549;BR:HS 578T;BR:MCF7;BR:MDA-MB-231;BR:T-47D,0.378230901780586,FALSE,TRUE,tier_B_one_drug_patient_scored
acrichine,bendamustine,acrichine + bendamustine,-13,-11.6,2,-22,0.2,5,BR:BT-549;BR:HS 578T;BR:MCF7;BR:MDA-MB-231;BR:T-47D,0.378230901780586,FALSE,FALSE,not_patient_scored
acrichine,etoposide,acrichine + etoposide,-32,-30,-2,-55,0,5,BR:BT-549;BR:HS 578T;BR:MCF7;BR:MDA-MB-231;BR:T-47D,0.378230901780586,FALSE,FALSE,not_patient_scored
acrichine,dexrazoxane,acrichine + dexrazoxane,-3,-1.2,4,-5,0.4,5,BR:BT-549;BR:HS 578T;BR:MCF7;BR:MDA-MB-231;BR:T-47D,0.378230901780586,FALSE,FALSE,not_patient_scored
acrichine,tamoxifen,acrichine + tamoxifen,-3,-7.4,7,-26,0.2,5,BR:BT-549;BR:HS 578T;BR:MCF7;BR:MDA-MB-231;BR:T-47D,0.378230901780586,FALSE,FALSE,not_patient_scored
acrichine,rapamycin,acrichine + rapamycin,9,12.8,40,-7,0.8,5,BR:BT-549;BR:HS 578T;BR:MCF7;BR:MDA-MB-231;BR:T-47D,0.827685238368754,FALSE,TRUE,tier_B_one_drug_patient_scored
acrichine,carboplatin,acrichine + carboplatin,9,-5.75,10,-51,0.75,4,BR:HS 578T;BR:MCF7;BR:MDA-MB-231;BR:T-47D,0.827685238368754,FALSE,FALSE,not_patient_scored
acrichine,valrubicin,acrichine + valrubicin,-16,-30.8,28,-113,0.4,5,BR:BT-549;BR:HS 578T;BR:MCF7;BR:MDA-MB-231;BR:T-47D,0.378230901780586,FALSE,FALSE,not_patient_scored
acrichine,mitoxantrone,acrichine + mitoxantrone,25,61.6,157,10,1,5,BR:BT-549;BR:HS 578T;BR:MCF7;BR:MDA-MB-231;BR:T-47D,0.908673176335439,FALSE,FALSE,not_patient_scored
acrichine,temozolomide,acrichine + temozolomide,-21,-18.8,48,-76,0.2,5,BR:BT-549;BR:HS 578T;BR:MCF7;BR:MDA-MB-231;BR:T-47D,0.378230901780586,FALSE,FALSE,not_patient_scored
acrichine,clofarabine,acrichine + clofarabine,5,-7.8,32,-51,0.6,5,BR:BT-549;BR:HS 578T;BR:MCF7;BR:MDA-MB-231;BR:T-47D,0.793030825196247,FALSE,FALSE,not_patient_scored
acrichine,vinorelbine,acrichine + vinorelbine,35,37.8,106,-9,0.6,5,BR:BT-549;BR:HS 578T;BR:MCF7;BR:MDA-MB-231;BR:T-47D,0.936434999042696,FALSE,FALSE,not_patient_scored
acrichine,gemcitabine,acrichine + gemcitabine,-33,-36.4,8,-97,0.2,5,BR:BT-549;BR:HS 578T;BR:MCF7;BR:MDA-MB-231;BR:T-47D,0.378230901780586,FALSE,TRUE,tier_B_one_drug_patient_scored
acrichine,docetaxel,acrichine + docetaxel,44,18.2,57,-67,0.8,5,BR:BT-549;BR:HS 578T;BR:MCF7;BR:MDA-MB-231;BR:T-47D,0.952709170974536,FALSE,TRUE,tier_B_one_drug_patient_scored
7 ethyl 10 hydroxycamptothecin,acrichine,7 ethyl 10 hydroxycamptothecin + acrichine,8,24.2,84,-6,0.8,5,BR:BT-549;BR:HS 578T;BR:MCF7;BR:MDA-MB-231;BR:T-47D,0.818973769864063,FALSE,FALSE,not_patient_scored
acrichine,nelarabine,acrichine + nelarabine,-23,-30.6,-7,-54,0,5,BR:BT-549;BR:HS 578T;BR:MCF7;BR:MDA-MB-231;BR:T-47D,0.378230901780586,FALSE,FALSE,not_patient_scored
acrichine,pemetrexed,acrichine + pemetrexed,-22,-18,6,-40,0.2,5,BR:BT-549;BR:HS 578T;BR:MCF7;BR:MDA-MB-231;BR:T-47D,0.378230901780586,FALSE,FALSE,not_patient_scored
acrichine,vorinostat,acrichine + vorinostat,-62,-62.4,-35,-86,0,5,BR:BT-549;BR:HS 578T;BR:MCF7;BR:MDA-MB-231;BR:T-47D,0.378230901780586,FALSE,FALSE,not_patient_scored
acrichine,capecitabine,acrichine + capecitabine,-17,-20,30,-76,0.4,5,BR:BT-549;BR:HS 578T;BR:MCF7;BR:MDA-MB-231;BR:T-47D,0.378230901780586,FALSE,FALSE,not_patient_scored
acrichine,exemestane,acrichine + exemestane,-6,11.2,62,-33,0.4,5,BR:BT-549;BR:HS 578T;BR:MCF7;BR:MDA-MB-231;BR:T-47D,0.378230901780586,FALSE,FALSE,not_patient_scored
acrichine,gefitinib,acrichine + gefitinib,32,40.8,64,26,1,5,BR:BT-549;BR:HS 578T;BR:MCF7;BR:MDA-MB-231;BR:T-47D,0.929638139000574,FALSE,FALSE,not_patient_scored
acrichine,fulvestrant,acrichine + fulvestrant,-70,-91.4,-46,-136,0,5,BR:BT-549;BR:HS 578T;BR:MCF7;BR:MDA-MB-231;BR:T-47D,0.378230901780586,FALSE,FALSE,not_patient_scored
acrichine,anastrozole,acrichine + anastrozole,-30,-23.2,12,-51,0.2,5,BR:BT-549;BR:HS 578T;BR:MCF7;BR:MDA-MB-231;BR:T-47D,0.378230901780586,FALSE,FALSE,not_patient_scored
acrichine,letrozole,acrichine + letrozole,-1,-0.8,22,-36,0.4,5,BR:BT-549;BR:HS 578T;BR:MCF7;BR:MDA-MB-231;BR:T-47D,0.378230901780586,FALSE,FALSE,not_patient_scored
acrichine,celecoxib,acrichine + celecoxib,-14,-12.4,31,-60,0.4,5,BR:BT-549;BR:HS 578T;BR:MCF7;BR:MDA-MB-231;BR:T-47D,0.378230901780586,FALSE,FALSE,not_patient_scored
acrichine,zoledronate,acrichine + zoledronate,-61,-64.2,-50,-84,0,5,BR:BT-549;BR:HS 578T;BR:MCF7;BR:MDA-MB-231;BR:T-47D,0.378230901780586,FALSE,FALSE,not_patient_scored
acrichine,dasatinib,acrichine + dasatinib,7,1.6,48,-54,0.6,5,BR:BT-549;BR:HS 578T;BR:MCF7;BR:MDA-MB-231;BR:T-47D,0.810453762205629,FALSE,FALSE,not_patient_scored
acrichine,everolimus,acrichine + everolimus,-77,-87,-44,-140,0,5,BR:BT-549;BR:HS 578T;BR:MCF7;BR:MDA-MB-231;BR:T-47D,0.378230901780586,FALSE,FALSE,not_patient_scored
acrichine,pazopanib,acrichine + pazopanib,-44,-43.4,9,-90,0.2,5,BR:BT-549;BR:HS 578T;BR:MCF7;BR:MDA-MB-231;BR:T-47D,0.378230901780586,FALSE,FALSE,not_patient_scored
acrichine,imatinib,acrichine + imatinib,11,4.2,21,-20,0.6,5,BR:BT-549;BR:HS 578T;BR:MCF7;BR:MDA-MB-231;BR:T-47D,0.841853340991767,FALSE,FALSE,not_patient_scored
acrichine,lapatinib,acrichine + lapatinib,-33,-30.8,43,-88,0.2,5,BR:BT-549;BR:HS 578T;BR:MCF7;BR:MDA-MB-231;BR:T-47D,0.378230901780586,FALSE,TRUE,tier_B_one_drug_patient_scored
acrichine,nilotinib,acrichine + nilotinib,-79,-76.8,-62,-92,0,5,BR:BT-549;BR:HS 578T;BR:MCF7;BR:MDA-MB-231;BR:T-47D,0.378230901780586,FALSE,FALSE,not_patient_scored
acrichine,sorafenib,acrichine + sorafenib,-95,-104.25,-86,-141,0,4,BR:BT-549;BR:HS 578T;BR:MCF7;BR:T-47D,0.378230901780586,FALSE,FALSE,not_patient_scored
acrichine,lenalidomide,acrichine + lenalidomide,8,3.8,22,-27,0.6,5,BR:BT-549;BR:HS 578T;BR:MCF7;BR:MDA-MB-231;BR:T-47D,0.818973769864063,FALSE,FALSE,not_patient_scored
acrichine,raloxifene,acrichine + raloxifene,-53,-45.4,-18,-75,0,5,BR:BT-549;BR:HS 578T;BR:MCF7;BR:MDA-MB-231;BR:T-47D,0.378230901780586,FALSE,FALSE,not_patient_scored
abiraterone,acrichine,abiraterone + acrichine,-22,-24.6,3,-58,0.2,5,BR:BT-549;BR:HS 578T;BR:MCF7;BR:MDA-MB-231;BR:T-47D,0.378230901780586,FALSE,FALSE,not_patient_scored
acrichine,sunitinib,acrichine + sunitinib,-70,-72.2,-51,-91,0,5,BR:BT-549;BR:HS 578T;BR:MCF7;BR:MDA-MB-231;BR:T-47D,0.378230901780586,FALSE,FALSE,not_patient_scored
acrichine,vemurafenib,acrichine + vemurafenib,-47,-43.8,29,-118,0.2,5,BR:BT-549;BR:HS 578T;BR:MCF7;BR:MDA-MB-231;BR:T-47D,0.378230901780586,FALSE,FALSE,not_patient_scored
acrichine,depsipeptide,acrichine + depsipeptide,10,14.4,72,-58,0.6,5,BR:BT-549;BR:HS 578T;BR:MCF7;BR:MDA-MB-231;BR:T-47D,0.835343672219031,FALSE,FALSE,not_patient_scored
acrichine,pralatrexate,acrichine + pralatrexate,-50,-55.4,-4,-122,0,5,BR:BT-549;BR:HS 578T;BR:MCF7;BR:MDA-MB-231;BR:T-47D,0.378230901780586,FALSE,FALSE,not_patient_scored
acrichine,vismodegib,acrichine + vismodegib,-5,-17,15,-77,0.4,5,BR:BT-549;BR:HS 578T;BR:MCF7;BR:MDA-MB-231;BR:T-47D,0.378230901780586,FALSE,FALSE,not_patient_scored
acrichine,crizotinib,acrichine + crizotinib,-36,-37.4,16,-86,0.2,5,BR:BT-549;BR:HS 578T;BR:MCF7;BR:MDA-MB-231;BR:T-47D,0.378230901780586,FALSE,FALSE,not_patient_scored
acrichine,axitinib,acrichine + axitinib,-40,-43.6,-4,-70,0,5,BR:BT-549;BR:HS 578T;BR:MCF7;BR:MDA-MB-231;BR:T-47D,0.378230901780586,FALSE,FALSE,not_patient_scored
acrichine,vandetanib,acrichine + vandetanib,-8,-19.6,6,-72,0.2,5,BR:BT-549;BR:HS 578T;BR:MCF7;BR:MDA-MB-231;BR:T-47D,0.378230901780586,FALSE,FALSE,not_patient_scored
acrichine,cabazitaxel,acrichine + cabazitaxel,-25,-13,16,-33,0.4,5,BR:BT-549;BR:HS 578T;BR:MCF7;BR:MDA-MB-231;BR:T-47D,0.378230901780586,FALSE,FALSE,not_patient_scored
acrichine,ruxolitinib,acrichine + ruxolitinib,-42,-52.4,-27,-78,0,5,BR:BT-549;BR:HS 578T;BR:MCF7;BR:MDA-MB-231;BR:T-47D,0.378230901780586,FALSE,FALSE,not_patient_scored
aminolevulinic acid,methotrexate,aminolevulinic acid + methotrexate,-43,-30.4,59,-71,0.2,5,BR:BT-549;BR:HS 578T;BR:MCF7;BR:MDA-MB-231;BR:T-47D,0.378230901780586,FALSE,FALSE,not_patient_scored
6 thioguanine,aminolevulinic acid,6 thioguanine + aminolevulinic acid,-33,-40,-18,-65,0,5,BR:BT-549;BR:HS 578T;BR:MCF7;BR:MDA-MB-231;BR:T-47D,0.378230901780586,FALSE,FALSE,not_patient_scored
6 mercaptopurine,aminolevulinic acid,6 mercaptopurine + aminolevulinic acid,-23,-18.8,16,-55,0.2,5,BR:BT-549;BR:HS 578T;BR:MCF7;BR:MDA-MB-231;BR:T-47D,0.378230901780586,FALSE,FALSE,not_patient_scored
aminolevulinic acid,nitrogen mustard,aminolevulinic acid + nitrogen mustard,-33,-36.6,-19,-53,0,5,BR:BT-549;BR:HS 578T;BR:MCF7;BR:MDA-MB-231;BR:T-47D,0.378230901780586,FALSE,FALSE,not_patient_scored
actinomycin d,aminolevulinic acid,actinomycin d + aminolevulinic acid,28,1.8,36,-71,0.6,5,BR:BT-549;BR:HS 578T;BR:MCF7;BR:MDA-MB-231;BR:T-47D,0.91738464484013,FALSE,FALSE,not_patient_scored
aminolevulinic acid,chlorambucil,aminolevulinic acid + chlorambucil,-45,-49.6,-5,-118,0,5,BR:BT-549;BR:HS 578T;BR:MCF7;BR:MDA-MB-231;BR:T-47D,0.378230901780586,FALSE,FALSE,not_patient_scored
aminolevulinic acid,thiotepa,aminolevulinic acid + thiotepa,-27,-24,2,-44,0.2,5,BR:BT-549;BR:HS 578T;BR:MCF7;BR:MDA-MB-231;BR:T-47D,0.378230901780586,FALSE,FALSE,not_patient_scored
aminolevulinic acid,melphalan,aminolevulinic acid + melphalan,-32,-38,3,-91,0.2,5,BR:BT-549;BR:HS 578T;BR:MCF7;BR:MDA-MB-231;BR:T-47D,0.378230901780586,FALSE,FALSE,not_patient_scored
aminolevulinic acid,triethylenemelamine,aminolevulinic acid + triethylenemelamine,-120,-110.2,-59,-176,0,5,BR:BT-549;BR:HS 578T;BR:MCF7;BR:MDA-MB-231;BR:T-47D,0.378230901780586,FALSE,FALSE,not_patient_scored
altretamine,aminolevulinic acid,altretamine + aminolevulinic acid,-52,-50.2,-22,-87,0,5,BR:BT-549;BR:HS 578T;BR:MCF7;BR:MDA-MB-231;BR:T-47D,0.378230901780586,FALSE,FALSE,not_patient_scored
5-fluorouracil,aminolevulinic acid,5-fluorouracil + aminolevulinic acid,2,4.8,33,-16,0.6,5,BR:BT-549;BR:HS 578T;BR:MCF7;BR:MDA-MB-231;BR:T-47D,0.768140915182845,TRUE,FALSE,tier_B_one_drug_patient_scored
aminolevulinic acid,mithramycin,aminolevulinic acid + mithramycin,-8,-10.4,37,-55,0.4,5,BR:BT-549;BR:HS 578T;BR:MCF7;BR:MDA-MB-231;BR:T-47D,0.378230901780586,FALSE,FALSE,not_patient_scored
aminolevulinic acid,floxuridine,aminolevulinic acid + floxuridine,-26,-18.2,17,-43,0.2,5,BR:BT-549;BR:HS 578T;BR:MCF7;BR:MDA-MB-231;BR:T-47D,0.378230901780586,FALSE,FALSE,not_patient_scored
aminolevulinic acid,hydroxyurea,aminolevulinic acid + hydroxyurea,-15,-11.6,-1,-20,0,5,BR:BT-549;BR:HS 578T;BR:MCF7;BR:MDA-MB-231;BR:T-47D,0.378230901780586,FALSE,FALSE,not_patient_scored
aminolevulinic acid,uracil mustard,aminolevulinic acid + uracil mustard,-27,-23.6,3,-42,0.2,5,BR:BT-549;BR:HS 578T;BR:MCF7;BR:MDA-MB-231;BR:T-47D,0.378230901780586,FALSE,FALSE,not_patient_scored
aminolevulinic acid,mitotane,aminolevulinic acid + mitotane,-21,-19.8,2,-39,0.2,5,BR:BT-549;BR:HS 578T;BR:MCF7;BR:MDA-MB-231;BR:T-47D,0.378230901780586,FALSE,FALSE,not_patient_scored
aminolevulinic acid,dacarbazine,aminolevulinic acid + dacarbazine,-6,-8.6,42,-61,0.4,5,BR:BT-549;BR:HS 578T;BR:MCF7;BR:MDA-MB-231;BR:T-47D,0.378230901780586,FALSE,FALSE,not_patient_scored
aminolevulinic acid,vinblastine,aminolevulinic acid + vinblastine,-24,-24.6,29,-72,0.4,5,BR:BT-549;BR:HS 578T;BR:MCF7;BR:MDA-MB-231;BR:T-47D,0.378230901780586,FALSE,FALSE,not_patient_scored
aminolevulinic acid,cytarabine,aminolevulinic acid + cytarabine,-30,-26.2,19,-93,0.4,5,BR:BT-549;BR:HS 578T;BR:MCF7;BR:MDA-MB-231;BR:T-47D,0.378230901780586,FALSE,FALSE,not_patient_scored
aminolevulinic acid,vincristine,aminolevulinic acid + vincristine,-35,-28.4,15,-77,0.2,5,BR:BT-549;BR:HS 578T;BR:MCF7;BR:MDA-MB-231;BR:T-47D,0.378230901780586,FALSE,FALSE,not_patient_scored
aminolevulinic acid,megestrol acetate,aminolevulinic acid + megestrol acetate,-52,-75,13,-154,0.2,5,BR:BT-549;BR:HS 578T;BR:MCF7;BR:MDA-MB-231;BR:T-47D,0.378230901780586,FALSE,FALSE,not_patient_scored
aminolevulinic acid,lomustine,aminolevulinic acid + lomustine,-21,-29.8,23,-71,0.2,5,BR:BT-549;BR:HS 578T;BR:MCF7;BR:MDA-MB-231;BR:T-47D,0.378230901780586,FALSE,FALSE,not_patient_scored
aminolevulinic acid,daunorubicin,aminolevulinic acid + daunorubicin,28,12.6,64,-77,0.8,5,BR:BT-549;BR:HS 578T;BR:MCF7;BR:MDA-MB-231;BR:T-47D,0.91738464484013,FALSE,FALSE,not_patient_scored
aminolevulinic acid,azacitidine,aminolevulinic acid + azacitidine,-16,9.2,71,-46,0.4,5,BR:BT-549;BR:HS 578T;BR:MCF7;BR:MDA-MB-231;BR:T-47D,0.378230901780586,FALSE,FALSE,not_patient_scored
aminolevulinic acid,cladribine,aminolevulinic acid + cladribine,-51,-33.4,17,-60,0.2,5,BR:BT-549;BR:HS 578T;BR:MCF7;BR:MDA-MB-231;BR:T-47D,0.378230901780586,FALSE,FALSE,not_patient_scored
aminolevulinic acid,fludarabine,aminolevulinic acid + fludarabine,-38,-35.6,-21,-53,0,5,BR:BT-549;BR:HS 578T;BR:MCF7;BR:MDA-MB-231;BR:T-47D,0.378230901780586,FALSE,FALSE,not_patient_scored
aminolevulinic acid,isotretinoin,aminolevulinic acid + isotretinoin,-18,-29,10,-113,0.4,5,BR:BT-549;BR:HS 578T;BR:MCF7;BR:MDA-MB-231;BR:T-47D,0.378230901780586,FALSE,FALSE,not_patient_scored
aminolevulinic acid,teniposide,aminolevulinic acid + teniposide,-6,12,71,-21,0.4,5,BR:BT-549;BR:HS 578T;BR:MCF7;BR:MDA-MB-231;BR:T-47D,0.378230901780586,FALSE,FALSE,not_patient_scored
aminolevulinic acid,doxorubicin,aminolevulinic acid + doxorubicin,-18,-20.6,-7,-44,0,5,BR:BT-549;BR:HS 578T;BR:MCF7;BR:MDA-MB-231;BR:T-47D,0.378230901780586,FALSE,TRUE,tier_B_one_drug_patient_scored
aminolevulinic acid,bleomycin,aminolevulinic acid + bleomycin,-27,-35.6,19,-88,0.2,5,BR:BT-549;BR:HS 578T;BR:MCF7;BR:MDA-MB-231;BR:T-47D,0.378230901780586,FALSE,FALSE,not_patient_scored
aminolevulinic acid,paclitaxel,aminolevulinic acid + paclitaxel,-63,-75.75,-32,-145,0,4,BR:HS 578T;BR:MCF7;BR:MDA-MB-231;BR:T-47D,0.378230901780586,FALSE,TRUE,tier_B_one_drug_patient_scored
aminolevulinic acid,bendamustine,aminolevulinic acid + bendamustine,-25,-16.4,20,-33,0.2,5,BR:BT-549;BR:HS 578T;BR:MCF7;BR:MDA-MB-231;BR:T-47D,0.378230901780586,FALSE,FALSE,not_patient_scored
aminolevulinic acid,etoposide,aminolevulinic acid + etoposide,-4,-1.4,30,-34,0.4,5,BR:BT-549;BR:HS 578T;BR:MCF7;BR:MDA-MB-231;BR:T-47D,0.378230901780586,FALSE,FALSE,not_patient_scored
aminolevulinic acid,dexrazoxane,aminolevulinic acid + dexrazoxane,17,15.8,35,-2,0.8,5,BR:BT-549;BR:HS 578T;BR:MCF7;BR:MDA-MB-231;BR:T-47D,0.874114493586062,FALSE,FALSE,not_patient_scored
aminolevulinic acid,tamoxifen,aminolevulinic acid + tamoxifen,-58,-54.2,-27,-91,0,5,BR:BT-549;BR:HS 578T;BR:MCF7;BR:MDA-MB-231;BR:T-47D,0.378230901780586,FALSE,FALSE,not_patient_scored
aminolevulinic acid,rapamycin,aminolevulinic acid + rapamycin,-32,-10.8,44,-57,0.4,5,BR:BT-549;BR:HS 578T;BR:MCF7;BR:MDA-MB-231;BR:T-47D,0.378230901780586,FALSE,TRUE,tier_B_one_drug_patient_scored
aminolevulinic acid,carboplatin,aminolevulinic acid + carboplatin,-15,-14.4,2,-22,0.2,5,BR:BT-549;BR:HS 578T;BR:MCF7;BR:MDA-MB-231;BR:T-47D,0.378230901780586,FALSE,FALSE,not_patient_scored
aminolevulinic acid,valrubicin,aminolevulinic acid + valrubicin,16.5,31,121,-30,0.75,4,BR:HS 578T;BR:MCF7;BR:MDA-MB-231;BR:T-47D,0.872008424277235,FALSE,FALSE,not_patient_scored
aminolevulinic acid,mitoxantrone,aminolevulinic acid + mitoxantrone,18,23.4,84,-13,0.8,5,BR:BT-549;BR:HS 578T;BR:MCF7;BR:MDA-MB-231;BR:T-47D,0.878996745165614,FALSE,FALSE,not_patient_scored
aminolevulinic acid,temozolomide,aminolevulinic acid + temozolomide,-13,-24,13,-79,0.4,5,BR:BT-549;BR:HS 578T;BR:MCF7;BR:MDA-MB-231;BR:T-47D,0.378230901780586,FALSE,FALSE,not_patient_scored
aminolevulinic acid,clofarabine,aminolevulinic acid + clofarabine,-32,-31.2,8,-83,0.2,5,BR:BT-549;BR:HS 578T;BR:MCF7;BR:MDA-MB-231;BR:T-47D,0.378230901780586,FALSE,FALSE,not_patient_scored
aminolevulinic acid,vinorelbine,aminolevulinic acid + vinorelbine,-5,-5.2,16,-32,0.4,5,BR:BT-549;BR:HS 578T;BR:MCF7;BR:MDA-MB-231;BR:T-47D,0.378230901780586,FALSE,FALSE,not_patient_scored
aminolevulinic acid,gemcitabine,aminolevulinic acid + gemcitabine,-46,-54.8,-16,-124,0,5,BR:BT-549;BR:HS 578T;BR:MCF7;BR:MDA-MB-231;BR:T-47D,0.378230901780586,FALSE,TRUE,tier_B_one_drug_patient_scored
aminolevulinic acid,docetaxel,aminolevulinic acid + docetaxel,-98,-111.333333333333,-87,-149,0,3,BR:MCF7;BR:MDA-MB-231;BR:T-47D,0.378230901780586,FALSE,TRUE,tier_B_one_drug_patient_scored
7 ethyl 10 hydroxycamptothecin,aminolevulinic acid,7 ethyl 10 hydroxycamptothecin + aminolevulinic acid,1,-0.6,76,-66,0.6,5,BR:BT-549;BR:HS 578T;BR:MCF7;BR:MDA-MB-231;BR:T-47D,0.759908098793797,FALSE,FALSE,not_patient_scored
aminolevulinic acid,nelarabine,aminolevulinic acid + nelarabine,-56,-57.8,-33,-98,0,5,BR:BT-549;BR:HS 578T;BR:MCF7;BR:MDA-MB-231;BR:T-47D,0.378230901780586,FALSE,FALSE,not_patient_scored
aminolevulinic acid,pemetrexed,aminolevulinic acid + pemetrexed,-34,-24.2,6,-51,0.2,5,BR:BT-549;BR:HS 578T;BR:MCF7;BR:MDA-MB-231;BR:T-47D,0.378230901780586,FALSE,FALSE,not_patient_scored
aminolevulinic acid,vorinostat,aminolevulinic acid + vorinostat,-32,-38.6,25,-102,0.2,5,BR:BT-549;BR:HS 578T;BR:MCF7;BR:MDA-MB-231;BR:T-47D,0.378230901780586,FALSE,FALSE,not_patient_scored
aminolevulinic acid,capecitabine,aminolevulinic acid + capecitabine,-26,-30.4,10,-82,0.2,5,BR:BT-549;BR:HS 578T;BR:MCF7;BR:MDA-MB-231;BR:T-47D,0.378230901780586,FALSE,FALSE,not_patient_scored
aminolevulinic acid,exemestane,aminolevulinic acid + exemestane,-30,-17,22,-43,0.4,5,BR:BT-549;BR:HS 578T;BR:MCF7;BR:MDA-MB-231;BR:T-47D,0.378230901780586,FALSE,FALSE,not_patient_scored
aminolevulinic acid,gefitinib,aminolevulinic acid + gefitinib,0,-2.4,14,-21,0.4,5,BR:BT-549;BR:HS 578T;BR:MCF7;BR:MDA-MB-231;BR:T-47D,0.378230901780586,FALSE,FALSE,not_patient_scored
aminolevulinic acid,fulvestrant,aminolevulinic acid + fulvestrant,-18,-18.2,0,-50,0,5,BR:BT-549;BR:HS 578T;BR:MCF7;BR:MDA-MB-231;BR:T-47D,0.378230901780586,FALSE,FALSE,not_patient_scored
aminolevulinic acid,anastrozole,aminolevulinic acid + anastrozole,-20,-21.8,25,-62,0.2,5,BR:BT-549;BR:HS 578T;BR:MCF7;BR:MDA-MB-231;BR:T-47D,0.378230901780586,FALSE,FALSE,not_patient_scored
aminolevulinic acid,letrozole,aminolevulinic acid + letrozole,-48,-36.2,14,-57,0.2,5,BR:BT-549;BR:HS 578T;BR:MCF7;BR:MDA-MB-231;BR:T-47D,0.378230901780586,FALSE,FALSE,not_patient_scored
aminolevulinic acid,celecoxib,aminolevulinic acid + celecoxib,-11,-21,0,-58,0,5,BR:BT-549;BR:HS 578T;BR:MCF7;BR:MDA-MB-231;BR:T-47D,0.378230901780586,FALSE,FALSE,not_patient_scored
aminolevulinic acid,dasatinib,aminolevulinic acid + dasatinib,-13,-24.6,15,-90,0.2,5,BR:BT-549;BR:HS 578T;BR:MCF7;BR:MDA-MB-231;BR:T-47D,0.378230901780586,FALSE,FALSE,not_patient_scored
aminolevulinic acid,everolimus,aminolevulinic acid + everolimus,-17,-17.4,15,-37,0.2,5,BR:BT-549;BR:HS 578T;BR:MCF7;BR:MDA-MB-231;BR:T-47D,0.378230901780586,FALSE,FALSE,not_patient_scored
aminolevulinic acid,pazopanib,aminolevulinic acid + pazopanib,-55,-43.4,23,-89,0.2,5,BR:BT-549;BR:HS 578T;BR:MCF7;BR:MDA-MB-231;BR:T-47D,0.378230901780586,FALSE,FALSE,not_patient_scored
aminolevulinic acid,imatinib,aminolevulinic acid + imatinib,-20,-15.8,3,-29,0.2,5,BR:BT-549;BR:HS 578T;BR:MCF7;BR:MDA-MB-231;BR:T-47D,0.378230901780586,FALSE,FALSE,not_patient_scored
aminolevulinic acid,lapatinib,aminolevulinic acid + lapatinib,-18,-14.4,19,-36,0.2,5,BR:BT-549;BR:HS 578T;BR:MCF7;BR:MDA-MB-231;BR:T-47D,0.378230901780586,FALSE,TRUE,tier_B_one_drug_patient_scored
aminolevulinic acid,nilotinib,aminolevulinic acid + nilotinib,-53,-56.2,-1,-121,0,5,BR:BT-549;BR:HS 578T;BR:MCF7;BR:MDA-MB-231;BR:T-47D,0.378230901780586,FALSE,FALSE,not_patient_scored
aminolevulinic acid,sorafenib,aminolevulinic acid + sorafenib,-88,-67.8,3,-110,0.2,5,BR:BT-549;BR:HS 578T;BR:MCF7;BR:MDA-MB-231;BR:T-47D,0.378230901780586,FALSE,FALSE,not_patient_scored
aminolevulinic acid,lenalidomide,aminolevulinic acid + lenalidomide,-6,-8.2,4,-28,0.2,5,BR:BT-549;BR:HS 578T;BR:MCF7;BR:MDA-MB-231;BR:T-47D,0.378230901780586,FALSE,FALSE,not_patient_scored
aminolevulinic acid,raloxifene,aminolevulinic acid + raloxifene,-29,-36.8,-11,-84,0,5,BR:BT-549;BR:HS 578T;BR:MCF7;BR:MDA-MB-231;BR:T-47D,0.378230901780586,FALSE,FALSE,not_patient_scored
abiraterone,aminolevulinic acid,abiraterone + aminolevulinic acid,-24,-25,8,-66,0.2,5,BR:BT-549;BR:HS 578T;BR:MCF7;BR:MDA-MB-231;BR:T-47D,0.378230901780586,FALSE,FALSE,not_patient_scored
aminolevulinic acid,sunitinib,aminolevulinic acid + sunitinib,-34,-39.2,-23,-61,0,5,BR:BT-549;BR:HS 578T;BR:MCF7;BR:MDA-MB-231;BR:T-47D,0.378230901780586,FALSE,FALSE,not_patient_scored
aminolevulinic acid,vemurafenib,aminolevulinic acid + vemurafenib,-36,-44.8,-29,-69,0,5,BR:BT-549;BR:HS 578T;BR:MCF7;BR:MDA-MB-231;BR:T-47D,0.378230901780586,FALSE,FALSE,not_patient_scored
aminolevulinic acid,depsipeptide,aminolevulinic acid + depsipeptide,-31,-38,-5,-85,0,5,BR:BT-549;BR:HS 578T;BR:MCF7;BR:MDA-MB-231;BR:T-47D,0.378230901780586,FALSE,FALSE,not_patient_scored
aminolevulinic acid,pralatrexate,aminolevulinic acid + pralatrexate,-57,-42.8,0,-68,0,5,BR:BT-549;BR:HS 578T;BR:MCF7;BR:MDA-MB-231;BR:T-47D,0.378230901780586,FALSE,FALSE,not_patient_scored
aminolevulinic acid,vismodegib,aminolevulinic acid + vismodegib,-43,-40.4,19,-96,0.2,5,BR:BT-549;BR:HS 578T;BR:MCF7;BR:MDA-MB-231;BR:T-47D,0.378230901780586,FALSE,FALSE,not_patient_scored
aminolevulinic acid,crizotinib,aminolevulinic acid + crizotinib,-34,-40.4,21,-101,0.2,5,BR:BT-549;BR:HS 578T;BR:MCF7;BR:MDA-MB-231;BR:T-47D,0.378230901780586,FALSE,FALSE,not_patient_scored
aminolevulinic acid,axitinib,aminolevulinic acid + axitinib,-48,-41.4,-21,-65,0,5,BR:BT-549;BR:HS 578T;BR:MCF7;BR:MDA-MB-231;BR:T-47D,0.378230901780586,FALSE,FALSE,not_patient_scored
aminolevulinic acid,vandetanib,aminolevulinic acid + vandetanib,-37,-41.2,23,-133,0.2,5,BR:BT-549;BR:HS 578T;BR:MCF7;BR:MDA-MB-231;BR:T-47D,0.378230901780586,FALSE,FALSE,not_patient_scored
aminolevulinic acid,cabazitaxel,aminolevulinic acid + cabazitaxel,26,42.4,102,6,1,5,BR:BT-549;BR:HS 578T;BR:MCF7;BR:MDA-MB-231;BR:T-47D,0.911640819452422,FALSE,FALSE,not_patient_scored
aminolevulinic acid,ruxolitinib,aminolevulinic acid + ruxolitinib,-36,-50.8,-11,-117,0,5,BR:BT-549;BR:HS 578T;BR:MCF7;BR:MDA-MB-231;BR:T-47D,0.378230901780586,FALSE,FALSE,not_patient_scored
5-fluorouracil,triethylenemelamine,5-fluorouracil + triethylenemelamine,-47,-57.4,-26,-119,0,5,BR:BT-549;BR:HS 578T;BR:MCF7;BR:MDA-MB-231;BR:T-47D,0.378230901780586,TRUE,FALSE,tier_B_one_drug_patient_scored
5-fluorouracil,uracil mustard,5-fluorouracil + uracil mustard,-43,-42.8,-6,-77,0,5,BR:BT-549;BR:HS 578T;BR:MCF7;BR:MDA-MB-231;BR:T-47D,0.378230901780586,TRUE,FALSE,tier_B_one_drug_patient_scored
5-fluorouracil,dacarbazine,5-fluorouracil + dacarbazine,-28,-30.2,-18,-44,0,5,BR:BT-549;BR:HS 578T;BR:MCF7;BR:MDA-MB-231;BR:T-47D,0.378230901780586,TRUE,FALSE,tier_B_one_drug_patient_scored
5-fluorouracil,megestrol acetate,5-fluorouracil + megestrol acetate,-61,-56.8,-19,-83,0,5,BR:BT-549;BR:HS 578T;BR:MCF7;BR:MDA-MB-231;BR:T-47D,0.378230901780586,TRUE,FALSE,tier_B_one_drug_patient_scored
5-fluorouracil,lomustine,5-fluorouracil + lomustine,-15,-31.8,-9,-81,0,5,BR:BT-549;BR:HS 578T;BR:MCF7;BR:MDA-MB-231;BR:T-47D,0.378230901780586,TRUE,FALSE,tier_B_one_drug_patient_scored
5-fluorouracil,daunorubicin,5-fluorouracil + daunorubicin,-33,-28.6,9,-57,0.2,5,BR:BT-549;BR:HS 578T;BR:MCF7;BR:MDA-MB-231;BR:T-47D,0.378230901780586,TRUE,FALSE,tier_B_one_drug_patient_scored
5-fluorouracil,teniposide,5-fluorouracil + teniposide,-47,-48.8,-35,-59,0,5,BR:BT-549;BR:HS 578T;BR:MCF7;BR:MDA-MB-231;BR:T-47D,0.378230901780586,TRUE,FALSE,tier_B_one_drug_patient_scored
5-fluorouracil,doxorubicin,5-fluorouracil + doxorubicin,-14,-17,-5,-28,0,5,BR:BT-549;BR:HS 578T;BR:MCF7;BR:MDA-MB-231;BR:T-47D,0.378230901780586,TRUE,TRUE,tier_A_both_drugs_patient_scored
5-fluorouracil,etoposide,5-fluorouracil + etoposide,-63,-65.6,-47,-87,0,5,BR:BT-549;BR:HS 578T;BR:MCF7;BR:MDA-MB-231;BR:T-47D,0.378230901780586,TRUE,FALSE,tier_B_one_drug_patient_scored
5-fluorouracil,dexrazoxane,5-fluorouracil + dexrazoxane,-46,-46.8,-41,-58,0,5,BR:BT-549;BR:HS 578T;BR:MCF7;BR:MDA-MB-231;BR:T-47D,0.378230901780586,TRUE,FALSE,tier_B_one_drug_patient_scored
5-fluorouracil,mitoxantrone,5-fluorouracil + mitoxantrone,-57,-48,-9,-64,0,5,BR:BT-549;BR:HS 578T;BR:MCF7;BR:MDA-MB-231;BR:T-47D,0.378230901780586,TRUE,FALSE,tier_B_one_drug_patient_scored
5-fluorouracil,vinorelbine,5-fluorouracil + vinorelbine,-24,-30,-10,-54,0,5,BR:BT-549;BR:HS 578T;BR:MCF7;BR:MDA-MB-231;BR:T-47D,0.378230901780586,TRUE,FALSE,tier_B_one_drug_patient_scored
5-fluorouracil,pemetrexed,5-fluorouracil + pemetrexed,-74,-63.6,-21,-84,0,5,BR:BT-549;BR:HS 578T;BR:MCF7;BR:MDA-MB-231;BR:T-47D,0.378230901780586,TRUE,FALSE,tier_B_one_drug_patient_scored
5-fluorouracil,exemestane,5-fluorouracil + exemestane,-37,-35.8,-6,-58,0,5,BR:BT-549;BR:HS 578T;BR:MCF7;BR:MDA-MB-231;BR:T-47D,0.378230901780586,TRUE,FALSE,tier_B_one_drug_patient_scored
5-fluorouracil,gefitinib,5-fluorouracil + gefitinib,-25,-22.6,3,-48,0.2,5,BR:BT-549;BR:HS 578T;BR:MCF7;BR:MDA-MB-231;BR:T-47D,0.378230901780586,TRUE,FALSE,tier_B_one_drug_patient_scored
5-fluorouracil,pazopanib,5-fluorouracil + pazopanib,15,23.2,71,-8,0.6,5,BR:BT-549;BR:HS 578T;BR:MCF7;BR:MDA-MB-231;BR:T-47D,0.864541451273215,TRUE,FALSE,tier_B_one_drug_patient_scored
5-fluorouracil,lenalidomide,5-fluorouracil + lenalidomide,9,9.4,49,-18,0.6,5,BR:BT-549;BR:HS 578T;BR:MCF7;BR:MDA-MB-231;BR:T-47D,0.827685238368754,TRUE,FALSE,tier_B_one_drug_patient_scored
5-fluorouracil,raloxifene,5-fluorouracil + raloxifene,-25,-35.6,6,-117,0.2,5,BR:BT-549;BR:HS 578T;BR:MCF7;BR:MDA-MB-231;BR:T-47D,0.378230901780586,TRUE,FALSE,tier_B_one_drug_patient_scored
5-fluorouracil,abiraterone,5-fluorouracil + abiraterone,22,23.4,46,1,1,5,BR:BT-549;BR:HS 578T;BR:MCF7;BR:MDA-MB-231;BR:T-47D,0.896802603867509,TRUE,FALSE,tier_B_one_drug_patient_scored
5-fluorouracil,vemurafenib,5-fluorouracil + vemurafenib,5,14.1,85,-45,0.7,5,BR:BT-549;BR:HS 578T;BR:MCF7;BR:MDA-MB-231;BR:T-47D,0.793030825196247,TRUE,FALSE,tier_B_one_drug_patient_scored
5-fluorouracil,vismodegib,5-fluorouracil + vismodegib,-5,2.8,36,-33,0.4,5,BR:BT-549;BR:HS 578T;BR:MCF7;BR:MDA-MB-231;BR:T-47D,0.378230901780586,TRUE,FALSE,tier_B_one_drug_patient_scored
5-fluorouracil,crizotinib,5-fluorouracil + crizotinib,-1,-5,28,-41,0.4,5,BR:BT-549;BR:HS 578T;BR:MCF7;BR:MDA-MB-231;BR:T-47D,0.378230901780586,TRUE,FALSE,tier_B_one_drug_patient_scored
5-fluorouracil,axitinib,5-fluorouracil + axitinib,24,21.2,58,-11,0.8,5,BR:BT-549;BR:HS 578T;BR:MCF7;BR:MDA-MB-231;BR:T-47D,0.904843959410301,TRUE,FALSE,tier_B_one_drug_patient_scored
5-fluorouracil,vandetanib,5-fluorouracil + vandetanib,-9,4.8,65,-32,0.4,5,BR:BT-549;BR:HS 578T;BR:MCF7;BR:MDA-MB-231;BR:T-47D,0.378230901780586,TRUE,FALSE,tier_B_one_drug_patient_scored
5-fluorouracil,cabazitaxel,5-fluorouracil + cabazitaxel,16,32.2,79,13,1,5,BR:BT-549;BR:HS 578T;BR:MCF7;BR:MDA-MB-231;BR:T-47D,0.869519433275895,TRUE,FALSE,tier_B_one_drug_patient_scored
5-fluorouracil,ruxolitinib,5-fluorouracil + ruxolitinib,3,9.8,45,-17,0.6,5,BR:BT-549;BR:HS 578T;BR:MCF7;BR:MDA-MB-231;BR:T-47D,0.775895079456251,TRUE,FALSE,tier_B_one_drug_patient_scored
6 thioguanine,mithramycin,6 thioguanine + mithramycin,-17,-4.8,62,-38,0.2,5,BR:BT-549;BR:HS 578T;BR:MCF7;BR:MDA-MB-231;BR:T-47D,0.378230901780586,FALSE,FALSE,not_patient_scored
actinomycin d,mithramycin,actinomycin d + mithramycin,7,-19.2,32,-80,0.6,5,BR:BT-549;BR:HS 578T;BR:MCF7;BR:MDA-MB-231;BR:T-47D,0.810453762205629,FALSE,FALSE,not_patient_scored
chlorambucil,mithramycin,chlorambucil + mithramycin,131,144.8,258,72,1,5,BR:BT-549;BR:HS 578T;BR:MCF7;BR:MDA-MB-231;BR:T-47D,0.995309209266705,FALSE,FALSE,not_patient_scored
mithramycin,thiotepa,mithramycin + thiotepa,-19,-15,17,-39,0.4,5,BR:BT-549;BR:HS 578T;BR:MCF7;BR:MDA-MB-231;BR:T-47D,0.378230901780586,FALSE,FALSE,not_patient_scored
melphalan,mithramycin,melphalan + mithramycin,-20,-18.8,3,-49,0.4,5,BR:BT-549;BR:HS 578T;BR:MCF7;BR:MDA-MB-231;BR:T-47D,0.378230901780586,FALSE,FALSE,not_patient_scored
mithramycin,triethylenemelamine,mithramycin + triethylenemelamine,-12,-14.6,8,-60,0.4,5,BR:BT-549;BR:HS 578T;BR:MCF7;BR:MDA-MB-231;BR:T-47D,0.378230901780586,FALSE,FALSE,not_patient_scored
altretamine,mithramycin,altretamine + mithramycin,8,18.8,94,-13,0.6,5,BR:BT-549;BR:HS 578T;BR:MCF7;BR:MDA-MB-231;BR:T-47D,0.818973769864063,FALSE,FALSE,not_patient_scored
5-fluorouracil,mithramycin,5-fluorouracil + mithramycin,39,38.3333333333333,67,9,1,3,BR:HS 578T;BR:MCF7;BR:MDA-MB-231,0.944572085008616,TRUE,FALSE,tier_B_one_drug_patient_scored
floxuridine,mithramycin,floxuridine + mithramycin,-21,-24.5,9,-65,0.25,4,BR:BT-549;BR:MCF7;BR:MDA-MB-231;BR:T-47D,0.378230901780586,FALSE,FALSE,not_patient_scored
mithramycin,uracil mustard,mithramycin + uracil mustard,41,69,169,22,1,5,BR:BT-549;BR:HS 578T;BR:MCF7;BR:MDA-MB-231;BR:T-47D,0.947635458548727,FALSE,FALSE,not_patient_scored
dacarbazine,mithramycin,dacarbazine + mithramycin,-62,-78.4,-18,-184,0,5,BR:BT-549;BR:HS 578T;BR:MCF7;BR:MDA-MB-231;BR:T-47D,0.378230901780586,FALSE,FALSE,not_patient_scored
cytarabine,mithramycin,cytarabine + mithramycin,1,3.4,49,-22,0.6,5,BR:BT-549;BR:HS 578T;BR:MCF7;BR:MDA-MB-231;BR:T-47D,0.759908098793797,FALSE,FALSE,not_patient_scored
mithramycin,vincristine,mithramycin + vincristine,-11,-27.2,15,-102,0.2,5,BR:BT-549;BR:HS 578T;BR:MCF7;BR:MDA-MB-231;BR:T-47D,0.378230901780586,FALSE,FALSE,not_patient_scored
megestrol acetate,mithramycin,megestrol acetate + mithramycin,-69,-51,3,-87,0.333333333333333,3,BR:MCF7;BR:MDA-MB-231;BR:T-47D,0.378230901780586,FALSE,FALSE,not_patient_scored
lomustine,mithramycin,lomustine + mithramycin,-47,-32.5,33,-69,0.25,4,BR:BT-549;BR:HS 578T;BR:MCF7;BR:MDA-MB-231,0.378230901780586,FALSE,FALSE,not_patient_scored
daunorubicin,mithramycin,daunorubicin + mithramycin,78,63.25,124,-27,0.75,4,BR:HS 578T;BR:MCF7;BR:MDA-MB-231;BR:T-47D,0.983917288914417,FALSE,FALSE,not_patient_scored
azacitidine,mithramycin,azacitidine + mithramycin,3,-0.6,18,-25,0.6,5,BR:BT-549;BR:HS 578T;BR:MCF7;BR:MDA-MB-231;BR:T-47D,0.775895079456251,FALSE,FALSE,not_patient_scored
cladribine,mithramycin,cladribine + mithramycin,-23,-24.4,32,-84,0.2,5,BR:BT-549;BR:HS 578T;BR:MCF7;BR:MDA-MB-231;BR:T-47D,0.378230901780586,FALSE,FALSE,not_patient_scored
fludarabine,mithramycin,fludarabine + mithramycin,-22,-22,-2,-34,0,5,BR:BT-549;BR:HS 578T;BR:MCF7;BR:MDA-MB-231;BR:T-47D,0.378230901780586,FALSE,FALSE,not_patient_scored
isotretinoin,mithramycin,isotretinoin + mithramycin,-5,13.2,62,-14,0.4,5,BR:BT-549;BR:HS 578T;BR:MCF7;BR:MDA-MB-231;BR:T-47D,0.378230901780586,FALSE,FALSE,not_patient_scored
mithramycin,teniposide,mithramycin + teniposide,54,77.2,165,36,1,5,BR:BT-549;BR:HS 578T;BR:MCF7;BR:MDA-MB-231;BR:T-47D,0.966973004020678,FALSE,FALSE,not_patient_scored
mithramycin,paclitaxel,mithramycin + paclitaxel,54,49.4,81,14,1,5,BR:BT-549;BR:HS 578T;BR:MCF7;BR:MDA-MB-231;BR:T-47D,0.966973004020678,FALSE,TRUE,tier_B_one_drug_patient_scored
etoposide,mithramycin,etoposide + mithramycin,51,68.2,137,43,1,5,BR:BT-549;BR:HS 578T;BR:MCF7;BR:MDA-MB-231;BR:T-47D,0.962952326249282,FALSE,FALSE,not_patient_scored
dexrazoxane,mithramycin,dexrazoxane + mithramycin,-24,-19.6,27,-51,0.2,5,BR:BT-549;BR:HS 578T;BR:MCF7;BR:MDA-MB-231;BR:T-47D,0.378230901780586,FALSE,FALSE,not_patient_scored
mithramycin,tamoxifen,mithramycin + tamoxifen,85,68.4,111,5,1,5,BR:BT-549;BR:HS 578T;BR:MCF7;BR:MDA-MB-231;BR:T-47D,0.9868849320314,FALSE,FALSE,not_patient_scored
carboplatin,mithramycin,carboplatin + mithramycin,-1,-5,10,-41,0.4,5,BR:BT-549;BR:HS 578T;BR:MCF7;BR:MDA-MB-231;BR:T-47D,0.378230901780586,FALSE,FALSE,not_patient_scored
mithramycin,mitoxantrone,mithramycin + mitoxantrone,130,164.4,279,87,1,5,BR:BT-549;BR:HS 578T;BR:MCF7;BR:MDA-MB-231;BR:T-47D,0.995117748420448,FALSE,FALSE,not_patient_scored
mithramycin,temozolomide,mithramycin + temozolomide,-20,-24,-1,-43,0,5,BR:BT-549;BR:HS 578T;BR:MCF7;BR:MDA-MB-231;BR:T-47D,0.378230901780586,FALSE,FALSE,not_patient_scored
mithramycin,vinorelbine,mithramycin + vinorelbine,99,120.2,255,54,1,5,BR:BT-549;BR:HS 578T;BR:MCF7;BR:MDA-MB-231;BR:T-47D,0.990044035994639,FALSE,FALSE,not_patient_scored
docetaxel,mithramycin,docetaxel + mithramycin,52,53.6,111,-7,0.8,5,BR:BT-549;BR:HS 578T;BR:MCF7;BR:MDA-MB-231;BR:T-47D,0.964675473865594,TRUE,FALSE,tier_B_one_drug_patient_scored
7 ethyl 10 hydroxycamptothecin,mithramycin,7 ethyl 10 hydroxycamptothecin + mithramycin,16,10.4,27,-19,0.8,5,BR:BT-549;BR:HS 578T;BR:MCF7;BR:MDA-MB-231;BR:T-47D,0.869519433275895,FALSE,FALSE,not_patient_scored
mithramycin,pemetrexed,mithramycin + pemetrexed,-20,-22.4,12,-43,0.2,5,BR:BT-549;BR:HS 578T;BR:MCF7;BR:MDA-MB-231;BR:T-47D,0.378230901780586,FALSE,FALSE,not_patient_scored
mithramycin,vorinostat,mithramycin + vorinostat,1,-2.6,19,-23,0.6,5,BR:BT-549;BR:HS 578T;BR:MCF7;BR:MDA-MB-231;BR:T-47D,0.759908098793797,FALSE,FALSE,not_patient_scored
exemestane,mithramycin,exemestane + mithramycin,8,9.8,38,-28,0.6,5,BR:BT-549;BR:HS 578T;BR:MCF7;BR:MDA-MB-231;BR:T-47D,0.818973769864063,FALSE,FALSE,not_patient_scored
gefitinib,mithramycin,gefitinib + mithramycin,160,154.2,217,100,1,5,BR:BT-549;BR:HS 578T;BR:MCF7;BR:MDA-MB-231;BR:T-47D,0.997032356883017,FALSE,FALSE,not_patient_scored
letrozole,mithramycin,letrozole + mithramycin,-20,-38.2,-9,-122,0,5,BR:BT-549;BR:HS 578T;BR:MCF7;BR:MDA-MB-231;BR:T-47D,0.378230901780586,FALSE,FALSE,not_patient_scored
celecoxib,mithramycin,celecoxib + mithramycin,-29,-35.8,11,-100,0.2,5,BR:BT-549;BR:HS 578T;BR:MCF7;BR:MDA-MB-231;BR:T-47D,0.378230901780586,FALSE,FALSE,not_patient_scored
mithramycin,zoledronate,mithramycin + zoledronate,-3,-8,7,-41,0.2,5,BR:BT-549;BR:HS 578T;BR:MCF7;BR:MDA-MB-231;BR:T-47D,0.378230901780586,FALSE,FALSE,not_patient_scored
dasatinib,mithramycin,dasatinib + mithramycin,7,0.4,11,-23,0.6,5,BR:BT-549;BR:HS 578T;BR:MCF7;BR:MDA-MB-231;BR:T-47D,0.810453762205629,FALSE,FALSE,not_patient_scored
everolimus,mithramycin,everolimus + mithramycin,15,6.6,23,-21,0.6,5,BR:BT-549;BR:HS 578T;BR:MCF7;BR:MDA-MB-231;BR:T-47D,0.864541451273215,FALSE,FALSE,not_patient_scored
mithramycin,pazopanib,mithramycin + pazopanib,18.5,20,40,3,1,4,BR:BT-549;BR:MCF7;BR:MDA-MB-231;BR:T-47D,0.881772927436339,FALSE,FALSE,not_patient_scored
imatinib,mithramycin,imatinib + mithramycin,-31,-30.8,13,-67,0.2,5,BR:BT-549;BR:HS 578T;BR:MCF7;BR:MDA-MB-231;BR:T-47D,0.378230901780586,FALSE,FALSE,not_patient_scored
lapatinib,mithramycin,lapatinib + mithramycin,-27,-18.4,9,-31,0.2,5,BR:BT-549;BR:HS 578T;BR:MCF7;BR:MDA-MB-231;BR:T-47D,0.378230901780586,TRUE,FALSE,tier_B_one_drug_patient_scored
lenalidomide,mithramycin,lenalidomide + mithramycin,-17,-18.6,-4,-46,0,5,BR:BT-549;BR:HS 578T;BR:MCF7;BR:MDA-MB-231;BR:T-47D,0.378230901780586,FALSE,FALSE,not_patient_scored
mithramycin,raloxifene,mithramycin + raloxifene,-79,-76.4,49,-192,0.2,5,BR:BT-549;BR:HS 578T;BR:MCF7;BR:MDA-MB-231;BR:T-47D,0.378230901780586,FALSE,FALSE,not_patient_scored
abiraterone,mithramycin,abiraterone + mithramycin,69,66.8,121,-3,0.8,5,BR:BT-549;BR:HS 578T;BR:MCF7;BR:MDA-MB-231;BR:T-47D,0.978843576488608,FALSE,FALSE,not_patient_scored
mithramycin,sunitinib,mithramycin + sunitinib,-27,-32.2,-10,-66,0,5,BR:BT-549;BR:HS 578T;BR:MCF7;BR:MDA-MB-231;BR:T-47D,0.378230901780586,FALSE,FALSE,not_patient_scored
mithramycin,vemurafenib,mithramycin + vemurafenib,42,27.3333333333333,98,-58,0.666666666666667,3,BR:BT-549;BR:MCF7;BR:MDA-MB-231,0.949645797434425,FALSE,FALSE,not_patient_scored
depsipeptide,mithramycin,depsipeptide + mithramycin,-6,-7.8,37,-77,0.4,5,BR:BT-549;BR:HS 578T;BR:MCF7;BR:MDA-MB-231;BR:T-47D,0.378230901780586,FALSE,FALSE,not_patient_scored
mithramycin,vismodegib,mithramycin + vismodegib,49,61.8,107,37,1,5,BR:BT-549;BR:HS 578T;BR:MCF7;BR:MDA-MB-231;BR:T-47D,0.959697491862914,FALSE,FALSE,not_patient_scored
crizotinib,mithramycin,crizotinib + mithramycin,-121,-90.6,-9,-156,0,5,BR:BT-549;BR:HS 578T;BR:MCF7;BR:MDA-MB-231;BR:T-47D,0.378230901780586,FALSE,FALSE,not_patient_scored
axitinib,mithramycin,axitinib + mithramycin,-7,-26.6,37,-112,0.4,5,BR:BT-549;BR:HS 578T;BR:MCF7;BR:MDA-MB-231;BR:T-47D,0.378230901780586,FALSE,FALSE,not_patient_scored
mithramycin,vandetanib,mithramycin + vandetanib,22,10,86,-64,0.6,5,BR:BT-549;BR:HS 578T;BR:MCF7;BR:MDA-MB-231;BR:T-47D,0.896802603867509,FALSE,FALSE,not_patient_scored
cabazitaxel,mithramycin,cabazitaxel + mithramycin,136,134.6,185,83,1,5,BR:BT-549;BR:HS 578T;BR:MCF7;BR:MDA-MB-231;BR:T-47D,0.996075052651733,FALSE,FALSE,not_patient_scored
mithramycin,ruxolitinib,mithramycin + ruxolitinib,-40,-34.4,44,-101,0.2,5,BR:BT-549;BR:HS 578T;BR:MCF7;BR:MDA-MB-231;BR:T-47D,0.378230901780586,FALSE,FALSE,not_patient_scored
methotrexate,pipobroman,methotrexate + pipobroman,-62,-48,34,-138,0.4,5,BR:BT-549;BR:HS 578T;BR:MCF7;BR:MDA-MB-231;BR:T-47D,0.378230901780586,FALSE,FALSE,not_patient_scored
6 thioguanine,pipobroman,6 thioguanine + pipobroman,-32,-28.8,19,-73,0.2,5,BR:BT-549;BR:HS 578T;BR:MCF7;BR:MDA-MB-231;BR:T-47D,0.378230901780586,FALSE,FALSE,not_patient_scored
6 mercaptopurine,pipobroman,6 mercaptopurine + pipobroman,-2,-15.8,50,-81,0.4,5,BR:BT-549;BR:HS 578T;BR:MCF7;BR:MDA-MB-231;BR:T-47D,0.378230901780586,FALSE,FALSE,not_patient_scored
nitrogen mustard,pipobroman,nitrogen mustard + pipobroman,-17,-23.6,-6,-49,0,5,BR:BT-549;BR:HS 578T;BR:MCF7;BR:MDA-MB-231;BR:T-47D,0.378230901780586,FALSE,FALSE,not_patient_scored
actinomycin d,pipobroman,actinomycin d + pipobroman,-15,-34.6,23,-113,0.4,5,BR:BT-549;BR:HS 578T;BR:MCF7;BR:MDA-MB-231;BR:T-47D,0.378230901780586,FALSE,FALSE,not_patient_scored
chlorambucil,pipobroman,chlorambucil + pipobroman,4,17.6,67,-16,0.6,5,BR:BT-549;BR:HS 578T;BR:MCF7;BR:MDA-MB-231;BR:T-47D,0.783553513306529,FALSE,FALSE,not_patient_scored
pipobroman,thiotepa,pipobroman + thiotepa,-35,-48.6,-22,-95,0,5,BR:BT-549;BR:HS 578T;BR:MCF7;BR:MDA-MB-231;BR:T-47D,0.378230901780586,FALSE,FALSE,not_patient_scored
melphalan,pipobroman,melphalan + pipobroman,31,45.8,96,2,1,5,BR:BT-549;BR:HS 578T;BR:MCF7;BR:MDA-MB-231;BR:T-47D,0.926287574191078,FALSE,FALSE,not_patient_scored
pipobroman,triethylenemelamine,pipobroman + triethylenemelamine,-32,-28,11,-60,0.2,5,BR:BT-549;BR:HS 578T;BR:MCF7;BR:MDA-MB-231;BR:T-47D,0.378230901780586,FALSE,FALSE,not_patient_scored
altretamine,pipobroman,altretamine + pipobroman,-23,-27.4,28,-80,0.2,5,BR:BT-549;BR:HS 578T;BR:MCF7;BR:MDA-MB-231;BR:T-47D,0.378230901780586,FALSE,FALSE,not_patient_scored
acrichine,pipobroman,acrichine + pipobroman,-23,-33.8,16,-93,0.2,5,BR:BT-549;BR:HS 578T;BR:MCF7;BR:MDA-MB-231;BR:T-47D,0.378230901780586,FALSE,FALSE,not_patient_scored
aminolevulinic acid,pipobroman,aminolevulinic acid + pipobroman,-15,-25.2,2,-87,0.2,5,BR:BT-549;BR:HS 578T;BR:MCF7;BR:MDA-MB-231;BR:T-47D,0.378230901780586,FALSE,FALSE,not_patient_scored
5-fluorouracil,pipobroman,5-fluorouracil + pipobroman,-14,-14.4,20,-36,0.2,5,BR:BT-549;BR:HS 578T;BR:MCF7;BR:MDA-MB-231;BR:T-47D,0.378230901780586,TRUE,FALSE,tier_B_one_drug_patient_scored
mithramycin,pipobroman,mithramycin + pipobroman,-12,-10.4,5,-21,0.2,5,BR:BT-549;BR:HS 578T;BR:MCF7;BR:MDA-MB-231;BR:T-47D,0.378230901780586,FALSE,FALSE,not_patient_scored
floxuridine,pipobroman,floxuridine + pipobroman,-34,-44,-19,-89,0,4,BR:BT-549;BR:MCF7;BR:MDA-MB-231;BR:T-47D,0.378230901780586,FALSE,FALSE,not_patient_scored
hydroxyurea,pipobroman,hydroxyurea + pipobroman,4,-6,17,-51,0.6,5,BR:BT-549;BR:HS 578T;BR:MCF7;BR:MDA-MB-231;BR:T-47D,0.783553513306529,FALSE,FALSE,not_patient_scored
pipobroman,uracil mustard,pipobroman + uracil mustard,35,38.4,60,15,1,5,BR:BT-549;BR:HS 578T;BR:MCF7;BR:MDA-MB-231;BR:T-47D,0.936434999042696,FALSE,FALSE,not_patient_scored
mitotane,pipobroman,mitotane + pipobroman,12,9.8,38,-20,0.6,5,BR:BT-549;BR:HS 578T;BR:MCF7;BR:MDA-MB-231;BR:T-47D,0.847118514263833,FALSE,FALSE,not_patient_scored
dacarbazine,pipobroman,dacarbazine + pipobroman,-69,-75,-35,-123,0,5,BR:BT-549;BR:HS 578T;BR:MCF7;BR:MDA-MB-231;BR:T-47D,0.378230901780586,FALSE,FALSE,not_patient_scored
pipobroman,vinblastine,pipobroman + vinblastine,-6,-19.2,44,-121,0.4,5,BR:BT-549;BR:HS 578T;BR:MCF7;BR:MDA-MB-231;BR:T-47D,0.378230901780586,FALSE,FALSE,not_patient_scored
cytarabine,pipobroman,cytarabine + pipobroman,-8,-11.2,10,-39,0.2,5,BR:BT-549;BR:HS 578T;BR:MCF7;BR:MDA-MB-231;BR:T-47D,0.378230901780586,FALSE,FALSE,not_patient_scored
pipobroman,vincristine,pipobroman + vincristine,-24,-20,35,-51,0.2,5,BR:BT-549;BR:HS 578T;BR:MCF7;BR:MDA-MB-231;BR:T-47D,0.378230901780586,FALSE,FALSE,not_patient_scored
megestrol acetate,pipobroman,megestrol acetate + pipobroman,-24,-32.6,86,-125,0.2,5,BR:BT-549;BR:HS 578T;BR:MCF7;BR:MDA-MB-231;BR:T-47D,0.378230901780586,FALSE,FALSE,not_patient_scored
lomustine,pipobroman,lomustine + pipobroman,7,20.6,90,-59,0.6,5,BR:BT-549;BR:HS 578T;BR:MCF7;BR:MDA-MB-231;BR:T-47D,0.810453762205629,FALSE,FALSE,not_patient_scored
daunorubicin,pipobroman,daunorubicin + pipobroman,6,15.8,75,-27,0.6,5,BR:BT-549;BR:HS 578T;BR:MCF7;BR:MDA-MB-231;BR:T-47D,0.802508137085966,FALSE,FALSE,not_patient_scored
azacitidine,pipobroman,azacitidine + pipobroman,-35,-23.8,41,-86,0.4,5,BR:BT-549;BR:HS 578T;BR:MCF7;BR:MDA-MB-231;BR:T-47D,0.378230901780586,FALSE,FALSE,not_patient_scored
cladribine,pipobroman,cladribine + pipobroman,-36,-28.6,31,-58,0.2,5,BR:BT-549;BR:HS 578T;BR:MCF7;BR:MDA-MB-231;BR:T-47D,0.378230901780586,FALSE,FALSE,not_patient_scored
fludarabine,pipobroman,fludarabine + pipobroman,-9,-17.2,12,-46,0.4,5,BR:BT-549;BR:HS 578T;BR:MCF7;BR:MDA-MB-231;BR:T-47D,0.378230901780586,FALSE,FALSE,not_patient_scored
isotretinoin,pipobroman,isotretinoin + pipobroman,-14,-16,33,-66,0.4,5,BR:BT-549;BR:HS 578T;BR:MCF7;BR:MDA-MB-231;BR:T-47D,0.378230901780586,FALSE,FALSE,not_patient_scored
pipobroman,teniposide,pipobroman + teniposide,36,38.8,57,26,1,5,BR:BT-549;BR:HS 578T;BR:MCF7;BR:MDA-MB-231;BR:T-47D,0.938828259620908,FALSE,FALSE,not_patient_scored
doxorubicin,pipobroman,doxorubicin + pipobroman,-9,-22.4,14,-75,0.2,5,BR:BT-549;BR:HS 578T;BR:MCF7;BR:MDA-MB-231;BR:T-47D,0.378230901780586,TRUE,FALSE,tier_B_one_drug_patient_scored
bleomycin,pipobroman,bleomycin + pipobroman,-25,-22.2,15,-51,0.2,5,BR:BT-549;BR:HS 578T;BR:MCF7;BR:MDA-MB-231;BR:T-47D,0.378230901780586,FALSE,FALSE,not_patient_scored
paclitaxel,pipobroman,paclitaxel + pipobroman,-69,-59.6,-39,-79,0,5,BR:BT-549;BR:HS 578T;BR:MCF7;BR:MDA-MB-231;BR:T-47D,0.378230901780586,TRUE,FALSE,tier_B_one_drug_patient_scored
bendamustine,pipobroman,bendamustine + pipobroman,5,-2.6,6,-18,0.6,5,BR:BT-549;BR:HS 578T;BR:MCF7;BR:MDA-MB-231;BR:T-47D,0.793030825196247,FALSE,FALSE,not_patient_scored
etoposide,pipobroman,etoposide + pipobroman,7,1.2,14,-14,0.6,5,BR:BT-549;BR:HS 578T;BR:MCF7;BR:MDA-MB-231;BR:T-47D,0.810453762205629,FALSE,FALSE,not_patient_scored
dexrazoxane,pipobroman,dexrazoxane + pipobroman,28,23.4,50,-9,0.6,5,BR:BT-549;BR:HS 578T;BR:MCF7;BR:MDA-MB-231;BR:T-47D,0.91738464484013,FALSE,FALSE,not_patient_scored
pipobroman,tamoxifen,pipobroman + tamoxifen,-21,-20.4,3,-44,0.2,5,BR:BT-549;BR:HS 578T;BR:MCF7;BR:MDA-MB-231;BR:T-47D,0.378230901780586,FALSE,FALSE,not_patient_scored
pipobroman,rapamycin,pipobroman + rapamycin,-26,-17,35,-40,0.2,5,BR:BT-549;BR:HS 578T;BR:MCF7;BR:MDA-MB-231;BR:T-47D,0.378230901780586,FALSE,TRUE,tier_B_one_drug_patient_scored
carboplatin,pipobroman,carboplatin + pipobroman,-13,-27.8,17,-110,0.2,5,BR:BT-549;BR:HS 578T;BR:MCF7;BR:MDA-MB-231;BR:T-47D,0.378230901780586,FALSE,FALSE,not_patient_scored
pipobroman,valrubicin,pipobroman + valrubicin,-44,-67,14,-187,0.4,5,BR:BT-549;BR:HS 578T;BR:MCF7;BR:MDA-MB-231;BR:T-47D,0.378230901780586,FALSE,FALSE,not_patient_scored
mitoxantrone,pipobroman,mitoxantrone + pipobroman,36,35.2,42,25,1,5,BR:BT-549;BR:HS 578T;BR:MCF7;BR:MDA-MB-231;BR:T-47D,0.938828259620908,FALSE,FALSE,not_patient_scored
pipobroman,temozolomide,pipobroman + temozolomide,-24,-29.4,4,-88,0.4,5,BR:BT-549;BR:HS 578T;BR:MCF7;BR:MDA-MB-231;BR:T-47D,0.378230901780586,FALSE,FALSE,not_patient_scored
clofarabine,pipobroman,clofarabine + pipobroman,-16,-7.2,44,-42,0.2,5,BR:BT-549;BR:HS 578T;BR:MCF7;BR:MDA-MB-231;BR:T-47D,0.378230901780586,FALSE,FALSE,not_patient_scored
pipobroman,vinorelbine,pipobroman + vinorelbine,8,-0.2,53,-62,0.6,5,BR:BT-549;BR:HS 578T;BR:MCF7;BR:MDA-MB-231;BR:T-47D,0.818973769864063,FALSE,FALSE,not_patient_scored
gemcitabine,pipobroman,gemcitabine + pipobroman,-38,-27.4,10,-58,0.4,5,BR:BT-549;BR:HS 578T;BR:MCF7;BR:MDA-MB-231;BR:T-47D,0.378230901780586,TRUE,FALSE,tier_B_one_drug_patient_scored
docetaxel,pipobroman,docetaxel + pipobroman,-41,-27.4,45,-108,0.4,5,BR:BT-549;BR:HS 578T;BR:MCF7;BR:MDA-MB-231;BR:T-47D,0.378230901780586,TRUE,FALSE,tier_B_one_drug_patient_scored
7 ethyl 10 hydroxycamptothecin,pipobroman,7 ethyl 10 hydroxycamptothecin + pipobroman,-10,-6.6,6,-22,0.4,5,BR:BT-549;BR:HS 578T;BR:MCF7;BR:MDA-MB-231;BR:T-47D,0.378230901780586,FALSE,FALSE,not_patient_scored
nelarabine,pipobroman,nelarabine + pipobroman,-22,-9.6,20,-34,0.4,5,BR:BT-549;BR:HS 578T;BR:MCF7;BR:MDA-MB-231;BR:T-47D,0.378230901780586,FALSE,FALSE,not_patient_scored
pemetrexed,pipobroman,pemetrexed + pipobroman,-9,-12.8,26,-58,0.4,5,BR:BT-549;BR:HS 578T;BR:MCF7;BR:MDA-MB-231;BR:T-47D,0.378230901780586,FALSE,FALSE,not_patient_scored
pipobroman,vorinostat,pipobroman + vorinostat,43,33.8,98,-49,0.6,5,BR:BT-549;BR:HS 578T;BR:MCF7;BR:MDA-MB-231;BR:T-47D,0.951081753781352,FALSE,FALSE,not_patient_scored
capecitabine,pipobroman,capecitabine + pipobroman,13.5,13.5,40,-13,0.75,4,BR:HS 578T;BR:MCF7;BR:MDA-MB-231;BR:T-47D,0.855734252345395,FALSE,FALSE,not_patient_scored
exemestane,pipobroman,exemestane + pipobroman,32,17.2,45,-19,0.6,5,BR:BT-549;BR:HS 578T;BR:MCF7;BR:MDA-MB-231;BR:T-47D,0.929638139000574,FALSE,FALSE,not_patient_scored
gefitinib,pipobroman,gefitinib + pipobroman,47,38.4,59,-4,0.8,5,BR:BT-549;BR:HS 578T;BR:MCF7;BR:MDA-MB-231;BR:T-47D,0.956538387899674,FALSE,FALSE,not_patient_scored
fulvestrant,pipobroman,fulvestrant + pipobroman,-30,-39,3,-79,0.2,5,BR:BT-549;BR:HS 578T;BR:MCF7;BR:MDA-MB-231;BR:T-47D,0.378230901780586,FALSE,FALSE,not_patient_scored
anastrozole,pipobroman,anastrozole + pipobroman,-18,-15.4,40,-50,0.2,5,BR:BT-549;BR:HS 578T;BR:MCF7;BR:MDA-MB-231;BR:T-47D,0.378230901780586,FALSE,FALSE,not_patient_scored
letrozole,pipobroman,letrozole + pipobroman,3,-15.8,24,-90,0.6,5,BR:BT-549;BR:HS 578T;BR:MCF7;BR:MDA-MB-231;BR:T-47D,0.775895079456251,FALSE,FALSE,not_patient_scored
celecoxib,pipobroman,celecoxib + pipobroman,22,-0.6,75,-98,0.6,5,BR:BT-549;BR:HS 578T;BR:MCF7;BR:MDA-MB-231;BR:T-47D,0.896802603867509,FALSE,FALSE,not_patient_scored
pipobroman,zoledronate,pipobroman + zoledronate,-1,0.2,62,-51,0.4,5,BR:BT-549;BR:HS 578T;BR:MCF7;BR:MDA-MB-231;BR:T-47D,0.378230901780586,FALSE,FALSE,not_patient_scored
dasatinib,pipobroman,dasatinib + pipobroman,-20,-29.2,11,-112,0.2,5,BR:BT-549;BR:HS 578T;BR:MCF7;BR:MDA-MB-231;BR:T-47D,0.378230901780586,FALSE,FALSE,not_patient_scored
everolimus,pipobroman,everolimus + pipobroman,-18,-30.2,-9,-89,0,5,BR:BT-549;BR:HS 578T;BR:MCF7;BR:MDA-MB-231;BR:T-47D,0.378230901780586,FALSE,FALSE,not_patient_scored
pazopanib,pipobroman,pazopanib + pipobroman,-12,-23.6,1,-76,0.2,5,BR:BT-549;BR:HS 578T;BR:MCF7;BR:MDA-MB-231;BR:T-47D,0.378230901780586,FALSE,FALSE,not_patient_scored
imatinib,pipobroman,imatinib + pipobroman,-1,6,71,-44,0.4,5,BR:BT-549;BR:HS 578T;BR:MCF7;BR:MDA-MB-231;BR:T-47D,0.378230901780586,FALSE,FALSE,not_patient_scored
lapatinib,pipobroman,lapatinib + pipobroman,-16,-19.8,16,-73,0.2,5,BR:BT-549;BR:HS 578T;BR:MCF7;BR:MDA-MB-231;BR:T-47D,0.378230901780586,TRUE,FALSE,tier_B_one_drug_patient_scored
nilotinib,pipobroman,nilotinib + pipobroman,-5,-3.8,58,-43,0.4,5,BR:BT-549;BR:HS 578T;BR:MCF7;BR:MDA-MB-231;BR:T-47D,0.378230901780586,FALSE,FALSE,not_patient_scored
pipobroman,sorafenib,pipobroman + sorafenib,-93,-73.2,78,-181,0.4,5,BR:BT-549;BR:HS 578T;BR:MCF7;BR:MDA-MB-231;BR:T-47D,0.378230901780586,FALSE,FALSE,not_patient_scored
lenalidomide,pipobroman,lenalidomide + pipobroman,0,15.2,66,-7,0.4,5,BR:BT-549;BR:HS 578T;BR:MCF7;BR:MDA-MB-231;BR:T-47D,0.378230901780586,FALSE,FALSE,not_patient_scored
pipobroman,raloxifene,pipobroman + raloxifene,-48,-58.4,19,-176,0.2,5,BR:BT-549;BR:HS 578T;BR:MCF7;BR:MDA-MB-231;BR:T-47D,0.378230901780586,FALSE,FALSE,not_patient_scored
abiraterone,pipobroman,abiraterone + pipobroman,-13,-24.4,-7,-75,0,5,BR:BT-549;BR:HS 578T;BR:MCF7;BR:MDA-MB-231;BR:T-47D,0.378230901780586,FALSE,FALSE,not_patient_scored
pipobroman,sunitinib,pipobroman + sunitinib,-12,-6.6,47,-64,0.4,5,BR:BT-549;BR:HS 578T;BR:MCF7;BR:MDA-MB-231;BR:T-47D,0.378230901780586,FALSE,FALSE,not_patient_scored
pipobroman,vemurafenib,pipobroman + vemurafenib,-23,-14.4,13,-33,0.2,5,BR:BT-549;BR:HS 578T;BR:MCF7;BR:MDA-MB-231;BR:T-47D,0.378230901780586,FALSE,FALSE,not_patient_scored
depsipeptide,pipobroman,depsipeptide + pipobroman,16,20.8,91,-32,0.6,5,BR:BT-549;BR:HS 578T;BR:MCF7;BR:MDA-MB-231;BR:T-47D,0.869519433275895,FALSE,FALSE,not_patient_scored
pipobroman,pralatrexate,pipobroman + pralatrexate,-26,-44,2,-130,0.2,5,BR:BT-549;BR:HS 578T;BR:MCF7;BR:MDA-MB-231;BR:T-47D,0.378230901780586,FALSE,FALSE,not_patient_scored
pipobroman,vismodegib,pipobroman + vismodegib,-32,-26.2,25,-70,0.2,5,BR:BT-549;BR:HS 578T;BR:MCF7;BR:MDA-MB-231;BR:T-47D,0.378230901780586,FALSE,FALSE,not_patient_scored
crizotinib,pipobroman,crizotinib + pipobroman,-46,-50.4,-12,-95,0,5,BR:BT-549;BR:HS 578T;BR:MCF7;BR:MDA-MB-231;BR:T-47D,0.378230901780586,FALSE,FALSE,not_patient_scored
axitinib,pipobroman,axitinib + pipobroman,-30,-21.8,29,-52,0.2,5,BR:BT-549;BR:HS 578T;BR:MCF7;BR:MDA-MB-231;BR:T-47D,0.378230901780586,FALSE,FALSE,not_patient_scored
pipobroman,vandetanib,pipobroman + vandetanib,-22,-11.8,23,-34,0.4,5,BR:BT-549;BR:HS 578T;BR:MCF7;BR:MDA-MB-231;BR:T-47D,0.378230901780586,FALSE,FALSE,not_patient_scored
cabazitaxel,pipobroman,cabazitaxel + pipobroman,-18,-25.4,14,-84,0.2,5,BR:BT-549;BR:HS 578T;BR:MCF7;BR:MDA-MB-231;BR:T-47D,0.378230901780586,FALSE,FALSE,not_patient_scored
pipobroman,ruxolitinib,pipobroman + ruxolitinib,-18,-56.8,-11,-158,0,5,BR:BT-549;BR:HS 578T;BR:MCF7;BR:MDA-MB-231;BR:T-47D,0.378230901780586,FALSE,FALSE,not_patient_scored
cyclophosphamide,methotrexate,cyclophosphamide + methotrexate,-10,-31.2,9,-96,0.2,5,BR:BT-549;BR:HS 578T;BR:MCF7;BR:MDA-MB-231;BR:T-47D,0.378230901780586,FALSE,FALSE,not_patient_scored
busulfan,cyclophosphamide,busulfan + cyclophosphamide,-41,-57.4,-4,-109,0,5,BR:BT-549;BR:HS 578T;BR:MCF7;BR:MDA-MB-231;BR:T-47D,0.378230901780586,FALSE,FALSE,not_patient_scored
6 thioguanine,cyclophosphamide,6 thioguanine + cyclophosphamide,-53,-49,-2,-98,0,5,BR:BT-549;BR:HS 578T;BR:MCF7;BR:MDA-MB-231;BR:T-47D,0.378230901780586,FALSE,FALSE,not_patient_scored
6 mercaptopurine,cyclophosphamide,6 mercaptopurine + cyclophosphamide,-10,4.4,66,-56,0.4,5,BR:BT-549;BR:HS 578T;BR:MCF7;BR:MDA-MB-231;BR:T-47D,0.378230901780586,FALSE,FALSE,not_patient_scored
cyclophosphamide,nitrogen mustard,cyclophosphamide + nitrogen mustard,4,-4.8,27,-40,0.6,5,BR:BT-549;BR:HS 578T;BR:MCF7;BR:MDA-MB-231;BR:T-47D,0.783553513306529,FALSE,FALSE,not_patient_scored
allopurinol,cyclophosphamide,allopurinol + cyclophosphamide,-21,-31.8,-1,-94,0,5,BR:BT-549;BR:HS 578T;BR:MCF7;BR:MDA-MB-231;BR:T-47D,0.378230901780586,FALSE,FALSE,not_patient_scored
actinomycin d,cyclophosphamide,actinomycin d + cyclophosphamide,-24,-34,24,-108,0.2,5,BR:BT-549;BR:HS 578T;BR:MCF7;BR:MDA-MB-231;BR:T-47D,0.378230901780586,FALSE,FALSE,not_patient_scored
chlorambucil,cyclophosphamide,chlorambucil + cyclophosphamide,-26,-34.4,-7,-81,0,5,BR:BT-549;BR:HS 578T;BR:MCF7;BR:MDA-MB-231;BR:T-47D,0.378230901780586,FALSE,FALSE,not_patient_scored
cyclophosphamide,thiotepa,cyclophosphamide + thiotepa,-52,-38.6,25,-67,0.2,5,BR:BT-549;BR:HS 578T;BR:MCF7;BR:MDA-MB-231;BR:T-47D,0.378230901780586,FALSE,FALSE,not_patient_scored
cyclophosphamide,melphalan,cyclophosphamide + melphalan,-26,-55.6,-6,-168,0,5,BR:BT-549;BR:HS 578T;BR:MCF7;BR:MDA-MB-231;BR:T-47D,0.378230901780586,FALSE,FALSE,not_patient_scored
cyclophosphamide,triethylenemelamine,cyclophosphamide + triethylenemelamine,-41,-49.4,-22,-84,0,5,BR:BT-549;BR:HS 578T;BR:MCF7;BR:MDA-MB-231;BR:T-47D,0.378230901780586,FALSE,FALSE,not_patient_scored
altretamine,cyclophosphamide,altretamine + cyclophosphamide,-75,-101,-60,-205,0,5,BR:BT-549;BR:HS 578T;BR:MCF7;BR:MDA-MB-231;BR:T-47D,0.378230901780586,FALSE,FALSE,not_patient_scored
acrichine,cyclophosphamide,acrichine + cyclophosphamide,-3,-24.2,19,-98,0.2,5,BR:BT-549;BR:HS 578T;BR:MCF7;BR:MDA-MB-231;BR:T-47D,0.378230901780586,FALSE,FALSE,not_patient_scored
aminolevulinic acid,cyclophosphamide,aminolevulinic acid + cyclophosphamide,-35,-28.2,23,-66,0.2,5,BR:BT-549;BR:HS 578T;BR:MCF7;BR:MDA-MB-231;BR:T-47D,0.378230901780586,FALSE,FALSE,not_patient_scored
5-fluorouracil,cyclophosphamide,5-fluorouracil + cyclophosphamide,-1,-12.2,30,-85,0.4,5,BR:BT-549;BR:HS 578T;BR:MCF7;BR:MDA-MB-231;BR:T-47D,0.378230901780586,TRUE,FALSE,tier_B_one_drug_patient_scored
cyclophosphamide,mithramycin,cyclophosphamide + mithramycin,-27,-27,8,-73,0.2,5,BR:BT-549;BR:HS 578T;BR:MCF7;BR:MDA-MB-231;BR:T-47D,0.378230901780586,FALSE,FALSE,not_patient_scored
cyclophosphamide,pipobroman,cyclophosphamide + pipobroman,-39,-56,1,-136,0.2,5,BR:BT-549;BR:HS 578T;BR:MCF7;BR:MDA-MB-231;BR:T-47D,0.378230901780586,FALSE,FALSE,not_patient_scored
cyclophosphamide,mitomycin,cyclophosphamide + mitomycin,-39,-52.8,-32,-107,0,5,BR:BT-549;BR:HS 578T;BR:MCF7;BR:MDA-MB-231;BR:T-47D,0.378230901780586,FALSE,FALSE,not_patient_scored
cyclophosphamide,floxuridine,cyclophosphamide + floxuridine,-31,-26.6,-5,-46,0,5,BR:BT-549;BR:HS 578T;BR:MCF7;BR:MDA-MB-231;BR:T-47D,0.378230901780586,FALSE,FALSE,not_patient_scored
cyclophosphamide,hydroxyurea,cyclophosphamide + hydroxyurea,-14,-11.6,12,-30,0.2,5,BR:BT-549;BR:HS 578T;BR:MCF7;BR:MDA-MB-231;BR:T-47D,0.378230901780586,FALSE,FALSE,not_patient_scored
cyclophosphamide,uracil mustard,cyclophosphamide + uracil mustard,-1,-8,23,-60,0.2,5,BR:BT-549;BR:HS 578T;BR:MCF7;BR:MDA-MB-231;BR:T-47D,0.378230901780586,FALSE,FALSE,not_patient_scored
cyclophosphamide,mitotane,cyclophosphamide + mitotane,-17,-19.6,3,-47,0.2,5,BR:BT-549;BR:HS 578T;BR:MCF7;BR:MDA-MB-231;BR:T-47D,0.378230901780586,FALSE,FALSE,not_patient_scored
cyclophosphamide,dacarbazine,cyclophosphamide + dacarbazine,-76,-70.4,-22,-106,0,5,BR:BT-549;BR:HS 578T;BR:MCF7;BR:MDA-MB-231;BR:T-47D,0.378230901780586,FALSE,FALSE,not_patient_scored
cyclophosphamide,methoxsalen,cyclophosphamide + methoxsalen,-95,-86.4,-46,-120,0,5,BR:BT-549;BR:HS 578T;BR:MCF7;BR:MDA-MB-231;BR:T-47D,0.378230901780586,FALSE,FALSE,not_patient_scored
cyclophosphamide,vinblastine,cyclophosphamide + vinblastine,-36,-47.2,-22,-90,0,5,BR:BT-549;BR:HS 578T;BR:MCF7;BR:MDA-MB-231;BR:T-47D,0.378230901780586,FALSE,FALSE,not_patient_scored
cyclophosphamide,cytarabine,cyclophosphamide + cytarabine,2,7.6,42,-32,0.6,5,BR:BT-549;BR:HS 578T;BR:MCF7;BR:MDA-MB-231;BR:T-47D,0.768140915182845,FALSE,FALSE,not_patient_scored
cyclophosphamide,thalidomide,cyclophosphamide + thalidomide,-71,-71.4,-39,-104,0,5,BR:BT-549;BR:HS 578T;BR:MCF7;BR:MDA-MB-231;BR:T-47D,0.378230901780586,FALSE,FALSE,not_patient_scored
cyclophosphamide,vincristine,cyclophosphamide + vincristine,-42,-27.2,25,-71,0.4,5,BR:BT-549;BR:HS 578T;BR:MCF7;BR:MDA-MB-231;BR:T-47D,0.378230901780586,FALSE,FALSE,not_patient_scored
cyclophosphamide,megestrol acetate,cyclophosphamide + megestrol acetate,-155,-134.2,44,-341,0.2,5,BR:BT-549;BR:HS 578T;BR:MCF7;BR:MDA-MB-231;BR:T-47D,0.378230901780586,FALSE,FALSE,not_patient_scored
cyclophosphamide,procarbazine,cyclophosphamide + procarbazine,-66,-59.8,-43,-73,0,5,BR:BT-549;BR:HS 578T;BR:MCF7;BR:MDA-MB-231;BR:T-47D,0.378230901780586,FALSE,FALSE,not_patient_scored
cyclophosphamide,lomustine,cyclophosphamide + lomustine,9,-2.6,40,-68,0.6,5,BR:BT-549;BR:HS 578T;BR:MCF7;BR:MDA-MB-231;BR:T-47D,0.827685238368754,FALSE,FALSE,not_patient_scored
cyclophosphamide,daunorubicin,cyclophosphamide + daunorubicin,-16,-11,62,-97,0.4,5,BR:BT-549;BR:HS 578T;BR:MCF7;BR:MDA-MB-231;BR:T-47D,0.378230901780586,FALSE,FALSE,not_patient_scored
cyclophosphamide,streptozocin,cyclophosphamide + streptozocin,-59,-52,-31,-71,0,5,BR:BT-549;BR:HS 578T;BR:MCF7;BR:MDA-MB-231;BR:T-47D,0.378230901780586,FALSE,FALSE,not_patient_scored
azacitidine,cyclophosphamide,azacitidine + cyclophosphamide,-34,-22.4,17,-53,0.4,5,BR:BT-549;BR:HS 578T;BR:MCF7;BR:MDA-MB-231;BR:T-47D,0.378230901780586,FALSE,FALSE,not_patient_scored
cladribine,cyclophosphamide,cladribine + cyclophosphamide,7,-14.2,16,-109,0.8,5,BR:BT-549;BR:HS 578T;BR:MCF7;BR:MDA-MB-231;BR:T-47D,0.810453762205629,FALSE,FALSE,not_patient_scored
cyclophosphamide,fludarabine,cyclophosphamide + fludarabine,-23,-28,-3,-71,0,5,BR:BT-549;BR:HS 578T;BR:MCF7;BR:MDA-MB-231;BR:T-47D,0.378230901780586,FALSE,FALSE,not_patient_scored
cyclophosphamide,isotretinoin,cyclophosphamide + isotretinoin,-30,-34,1,-84,0.2,5,BR:BT-549;BR:HS 578T;BR:MCF7;BR:MDA-MB-231;BR:T-47D,0.378230901780586,FALSE,FALSE,not_patient_scored
cyclophosphamide,teniposide,cyclophosphamide + teniposide,14,3.2,42,-77,0.8,5,BR:BT-549;BR:HS 578T;BR:MCF7;BR:MDA-MB-231;BR:T-47D,0.858989086731763,FALSE,FALSE,not_patient_scored
cyclophosphamide,doxorubicin,cyclophosphamide + doxorubicin,-57,-52.4,0,-86,0,5,BR:BT-549;BR:HS 578T;BR:MCF7;BR:MDA-MB-231;BR:T-47D,0.378230901780586,FALSE,TRUE,tier_B_one_drug_patient_scored
bleomycin,cyclophosphamide,bleomycin + cyclophosphamide,-12,-18.4,1,-42,0.2,5,BR:BT-549;BR:HS 578T;BR:MCF7;BR:MDA-MB-231;BR:T-47D,0.378230901780586,FALSE,FALSE,not_patient_scored
cyclophosphamide,paclitaxel,cyclophosphamide + paclitaxel,-28,-19.75,35,-58,0.25,4,BR:BT-549;BR:MCF7;BR:MDA-MB-231;BR:T-47D,0.378230901780586,FALSE,TRUE,tier_B_one_drug_patient_scored
bendamustine,cyclophosphamide,bendamustine + cyclophosphamide,-22,-17.8,19,-51,0.2,5,BR:BT-549;BR:HS 578T;BR:MCF7;BR:MDA-MB-231;BR:T-47D,0.378230901780586,FALSE,FALSE,not_patient_scored
cyclophosphamide,etoposide,cyclophosphamide + etoposide,-25,-20,13,-38,0.2,5,BR:BT-549;BR:HS 578T;BR:MCF7;BR:MDA-MB-231;BR:T-47D,0.378230901780586,FALSE,FALSE,not_patient_scored
cyclophosphamide,dexrazoxane,cyclophosphamide + dexrazoxane,-29,-25.8,38,-101,0.4,5,BR:BT-549;BR:HS 578T;BR:MCF7;BR:MDA-MB-231;BR:T-47D,0.378230901780586,FALSE,FALSE,not_patient_scored
cyclophosphamide,tamoxifen,cyclophosphamide + tamoxifen,-20,-29.6,-2,-64,0,5,BR:BT-549;BR:HS 578T;BR:MCF7;BR:MDA-MB-231;BR:T-47D,0.378230901780586,FALSE,FALSE,not_patient_scored
cyclophosphamide,rapamycin,cyclophosphamide + rapamycin,-7,-5.75,28,-37,0.5,4,BR:BT-549;BR:MCF7;BR:MDA-MB-231;BR:T-47D,0.378230901780586,FALSE,TRUE,tier_B_one_drug_patient_scored
carboplatin,cyclophosphamide,carboplatin + cyclophosphamide,-35,-56.6,3,-116,0.2,5,BR:BT-549;BR:HS 578T;BR:MCF7;BR:MDA-MB-231;BR:T-47D,0.378230901780586,FALSE,FALSE,not_patient_scored
cyclophosphamide,valrubicin,cyclophosphamide + valrubicin,-53,-82.4,36,-269,0.4,5,BR:BT-549;BR:HS 578T;BR:MCF7;BR:MDA-MB-231;BR:T-47D,0.378230901780586,FALSE,FALSE,not_patient_scored
cyclophosphamide,mitoxantrone,cyclophosphamide + mitoxantrone,20,6.8,34,-58,0.8,5,BR:BT-549;BR:HS 578T;BR:MCF7;BR:MDA-MB-231;BR:T-47D,0.888091135362818,FALSE,FALSE,not_patient_scored
cyclophosphamide,temozolomide,cyclophosphamide + temozolomide,-16,-20.8,9,-45,0.2,5,BR:BT-549;BR:HS 578T;BR:MCF7;BR:MDA-MB-231;BR:T-47D,0.378230901780586,FALSE,FALSE,not_patient_scored
clofarabine,cyclophosphamide,clofarabine + cyclophosphamide,-4,0.2,59,-47,0.4,5,BR:BT-549;BR:HS 578T;BR:MCF7;BR:MDA-MB-231;BR:T-47D,0.378230901780586,FALSE,FALSE,not_patient_scored
cyclophosphamide,vinorelbine,cyclophosphamide + vinorelbine,6,-5.6,39,-89,0.8,5,BR:BT-549;BR:HS 578T;BR:MCF7;BR:MDA-MB-231;BR:T-47D,0.802508137085966,FALSE,FALSE,not_patient_scored
cyclophosphamide,gemcitabine,cyclophosphamide + gemcitabine,-7,-1.4,40,-39,0.4,5,BR:BT-549;BR:HS 578T;BR:MCF7;BR:MDA-MB-231;BR:T-47D,0.378230901780586,FALSE,TRUE,tier_B_one_drug_patient_scored
cyclophosphamide,docetaxel,cyclophosphamide + docetaxel,-57.5,-37.5,32,-67,0.25,4,BR:HS 578T;BR:MCF7;BR:MDA-MB-231;BR:T-47D,0.378230901780586,FALSE,TRUE,tier_B_one_drug_patient_scored
7 ethyl 10 hydroxycamptothecin,cyclophosphamide,7 ethyl 10 hydroxycamptothecin + cyclophosphamide,-6,-5.2,49,-59,0.2,5,BR:BT-549;BR:HS 578T;BR:MCF7;BR:MDA-MB-231;BR:T-47D,0.378230901780586,FALSE,FALSE,not_patient_scored
cyclophosphamide,nelarabine,cyclophosphamide + nelarabine,-91,-99,29,-192,0.2,5,BR:BT-549;BR:HS 578T;BR:MCF7;BR:MDA-MB-231;BR:T-47D,0.378230901780586,FALSE,FALSE,not_patient_scored
cyclophosphamide,pemetrexed,cyclophosphamide + pemetrexed,-21,-45.6,-10,-108,0,5,BR:BT-549;BR:HS 578T;BR:MCF7;BR:MDA-MB-231;BR:T-47D,0.378230901780586,FALSE,FALSE,not_patient_scored
cyclophosphamide,vorinostat,cyclophosphamide + vorinostat,-34,-52.4,8,-147,0.2,5,BR:BT-549;BR:HS 578T;BR:MCF7;BR:MDA-MB-231;BR:T-47D,0.378230901780586,FALSE,FALSE,not_patient_scored
capecitabine,cyclophosphamide,capecitabine + cyclophosphamide,-63,-62.6,36,-153,0.2,5,BR:BT-549;BR:HS 578T;BR:MCF7;BR:MDA-MB-231;BR:T-47D,0.378230901780586,FALSE,FALSE,not_patient_scored
cyclophosphamide,exemestane,cyclophosphamide + exemestane,-19,-31.4,-3,-72,0,5,BR:BT-549;BR:HS 578T;BR:MCF7;BR:MDA-MB-231;BR:T-47D,0.378230901780586,FALSE,FALSE,not_patient_scored
cyclophosphamide,gefitinib,cyclophosphamide + gefitinib,-12,-28,22,-136,0.4,5,BR:BT-549;BR:HS 578T;BR:MCF7;BR:MDA-MB-231;BR:T-47D,0.378230901780586,FALSE,FALSE,not_patient_scored
anastrozole,cyclophosphamide,anastrozole + cyclophosphamide,-41,-37,35,-135,0.4,5,BR:BT-549;BR:HS 578T;BR:MCF7;BR:MDA-MB-231;BR:T-47D,0.378230901780586,FALSE,FALSE,not_patient_scored
celecoxib,cyclophosphamide,celecoxib + cyclophosphamide,-30,-36,-5,-100,0,5,BR:BT-549;BR:HS 578T;BR:MCF7;BR:MDA-MB-231;BR:T-47D,0.378230901780586,FALSE,FALSE,not_patient_scored
cyclophosphamide,zoledronate,cyclophosphamide + zoledronate,-35,-31,5,-63,0.2,5,BR:BT-549;BR:HS 578T;BR:MCF7;BR:MDA-MB-231;BR:T-47D,0.378230901780586,FALSE,FALSE,not_patient_scored
cyclophosphamide,dasatinib,cyclophosphamide + dasatinib,-13,-12.6,27,-50,0.4,5,BR:BT-549;BR:HS 578T;BR:MCF7;BR:MDA-MB-231;BR:T-47D,0.378230901780586,FALSE,FALSE,not_patient_scored
cyclophosphamide,everolimus,cyclophosphamide + everolimus,0,-5.2,27,-38,0.4,5,BR:BT-549;BR:HS 578T;BR:MCF7;BR:MDA-MB-231;BR:T-47D,0.378230901780586,FALSE,FALSE,not_patient_scored
cyclophosphamide,pazopanib,cyclophosphamide + pazopanib,4,-18.6,37,-118,0.6,5,BR:BT-549;BR:HS 578T;BR:MCF7;BR:MDA-MB-231;BR:T-47D,0.783553513306529,FALSE,FALSE,not_patient_scored
cyclophosphamide,imatinib,cyclophosphamide + imatinib,-50,-47.8,8,-132,0.2,5,BR:BT-549;BR:HS 578T;BR:MCF7;BR:MDA-MB-231;BR:T-47D,0.378230901780586,FALSE,FALSE,not_patient_scored
cyclophosphamide,lapatinib,cyclophosphamide + lapatinib,-11.5,-14.5,-6,-29,0,4,BR:HS 578T;BR:MCF7;BR:MDA-MB-231;BR:T-47D,0.378230901780586,FALSE,TRUE,tier_B_one_drug_patient_scored
cyclophosphamide,nilotinib,cyclophosphamide + nilotinib,-64,-72.2,-42,-105,0,5,BR:BT-549;BR:HS 578T;BR:MCF7;BR:MDA-MB-231;BR:T-47D,0.378230901780586,FALSE,FALSE,not_patient_scored
cyclophosphamide,sorafenib,cyclophosphamide + sorafenib,-39,-45.25,-5,-98,0,4,BR:HS 578T;BR:MCF7;BR:MDA-MB-231;BR:T-47D,0.378230901780586,FALSE,FALSE,not_patient_scored
cyclophosphamide,lenalidomide,cyclophosphamide + lenalidomide,-13,-30.4,-8,-81,0,5,BR:BT-549;BR:HS 578T;BR:MCF7;BR:MDA-MB-231;BR:T-47D,0.378230901780586,FALSE,FALSE,not_patient_scored
cyclophosphamide,raloxifene,cyclophosphamide + raloxifene,-55,-71,-19,-184,0,5,BR:BT-549;BR:HS 578T;BR:MCF7;BR:MDA-MB-231;BR:T-47D,0.378230901780586,FALSE,FALSE,not_patient_scored
abiraterone,cyclophosphamide,abiraterone + cyclophosphamide,-40,-37.4,2,-73,0.2,5,BR:BT-549;BR:HS 578T;BR:MCF7;BR:MDA-MB-231;BR:T-47D,0.378230901780586,FALSE,FALSE,not_patient_scored
cyclophosphamide,sunitinib,cyclophosphamide + sunitinib,-128,-115.2,-42,-217,0,5,BR:BT-549;BR:HS 578T;BR:MCF7;BR:MDA-MB-231;BR:T-47D,0.378230901780586,FALSE,FALSE,not_patient_scored
cyclophosphamide,vemurafenib,cyclophosphamide + vemurafenib,-38,-47.2,-5,-113,0,5,BR:BT-549;BR:HS 578T;BR:MCF7;BR:MDA-MB-231;BR:T-47D,0.378230901780586,FALSE,FALSE,not_patient_scored
cyclophosphamide,depsipeptide,cyclophosphamide + depsipeptide,-38,-21.8,31,-44,0.2,5,BR:BT-549;BR:HS 578T;BR:MCF7;BR:MDA-MB-231;BR:T-47D,0.378230901780586,FALSE,FALSE,not_patient_scored
cyclophosphamide,pralatrexate,cyclophosphamide + pralatrexate,-33.5,-51.5,8,-147,0.25,4,BR:HS 578T;BR:MCF7;BR:MDA-MB-231;BR:T-47D,0.378230901780586,FALSE,FALSE,not_patient_scored
cyclophosphamide,vismodegib,cyclophosphamide + vismodegib,-18,-27.8,1,-63,0.2,5,BR:BT-549;BR:HS 578T;BR:MCF7;BR:MDA-MB-231;BR:T-47D,0.378230901780586,FALSE,FALSE,not_patient_scored
crizotinib,cyclophosphamide,crizotinib + cyclophosphamide,-66,-64.2,-6,-103,0,5,BR:BT-549;BR:HS 578T;BR:MCF7;BR:MDA-MB-231;BR:T-47D,0.378230901780586,FALSE,FALSE,not_patient_scored
axitinib,cyclophosphamide,axitinib + cyclophosphamide,-50,-64,-10,-162,0,5,BR:BT-549;BR:HS 578T;BR:MCF7;BR:MDA-MB-231;BR:T-47D,0.378230901780586,FALSE,FALSE,not_patient_scored
cyclophosphamide,vandetanib,cyclophosphamide + vandetanib,-9,-38.2,-5,-135,0,5,BR:BT-549;BR:HS 578T;BR:MCF7;BR:MDA-MB-231;BR:T-47D,0.378230901780586,FALSE,FALSE,not_patient_scored
cabazitaxel,cyclophosphamide,cabazitaxel + cyclophosphamide,10,-6.8,56,-108,0.6,5,BR:BT-549;BR:HS 578T;BR:MCF7;BR:MDA-MB-231;BR:T-47D,0.835343672219031,FALSE,FALSE,not_patient_scored
cyclophosphamide,ruxolitinib,cyclophosphamide + ruxolitinib,-41,-74.4,9,-218,0.2,5,BR:BT-549;BR:HS 578T;BR:MCF7;BR:MDA-MB-231;BR:T-47D,0.378230901780586,FALSE,FALSE,not_patient_scored
methotrexate,mitomycin,methotrexate + mitomycin,-39.5,-56.75,26,-174,0.25,4,BR:BT-549;BR:MCF7;BR:MDA-MB-231;BR:T-47D,0.378230901780586,FALSE,FALSE,not_patient_scored
busulfan,mitomycin,busulfan + mitomycin,-43,-35.6,-13,-60,0,5,BR:BT-549;BR:HS 578T;BR:MCF7;BR:MDA-MB-231;BR:T-47D,0.378230901780586,FALSE,FALSE,not_patient_scored
6 thioguanine,mitomycin,6 thioguanine + mitomycin,-54,-45.6,-16,-57,0,5,BR:BT-549;BR:HS 578T;BR:MCF7;BR:MDA-MB-231;BR:T-47D,0.378230901780586,FALSE,FALSE,not_patient_scored
6 mercaptopurine,mitomycin,6 mercaptopurine + mitomycin,-51,-65.2,-25,-106,0,5,BR:BT-549;BR:HS 578T;BR:MCF7;BR:MDA-MB-231;BR:T-47D,0.378230901780586,FALSE,FALSE,not_patient_scored
mitomycin,nitrogen mustard,mitomycin + nitrogen mustard,-41,-32.4,2,-57,0.2,5,BR:BT-549;BR:HS 578T;BR:MCF7;BR:MDA-MB-231;BR:T-47D,0.378230901780586,FALSE,FALSE,not_patient_scored
allopurinol,mitomycin,allopurinol + mitomycin,-20,-25.2,25,-89,0.2,5,BR:BT-549;BR:HS 578T;BR:MCF7;BR:MDA-MB-231;BR:T-47D,0.378230901780586,FALSE,FALSE,not_patient_scored
actinomycin d,mitomycin,actinomycin d + mitomycin,-48,-40.4,-1,-100,0,5,BR:BT-549;BR:HS 578T;BR:MCF7;BR:MDA-MB-231;BR:T-47D,0.378230901780586,FALSE,FALSE,not_patient_scored
chlorambucil,mitomycin,chlorambucil + mitomycin,-39,-44.2,-20,-72,0,5,BR:BT-549;BR:HS 578T;BR:MCF7;BR:MDA-MB-231;BR:T-47D,0.378230901780586,FALSE,FALSE,not_patient_scored
mitomycin,thiotepa,mitomycin + thiotepa,-23,-25.4,-6,-52,0,5,BR:BT-549;BR:HS 578T;BR:MCF7;BR:MDA-MB-231;BR:T-47D,0.378230901780586,FALSE,FALSE,not_patient_scored
melphalan,mitomycin,melphalan + mitomycin,-41,-45.2,-31,-61,0,5,BR:BT-549;BR:HS 578T;BR:MCF7;BR:MDA-MB-231;BR:T-47D,0.378230901780586,FALSE,FALSE,not_patient_scored
mitomycin,triethylenemelamine,mitomycin + triethylenemelamine,-44,-34.4,8,-73,0.2,5,BR:BT-549;BR:HS 578T;BR:MCF7;BR:MDA-MB-231;BR:T-47D,0.378230901780586,FALSE,FALSE,not_patient_scored
altretamine,mitomycin,altretamine + mitomycin,-73,-68.2,-36,-111,0,5,BR:BT-549;BR:HS 578T;BR:MCF7;BR:MDA-MB-231;BR:T-47D,0.378230901780586,FALSE,FALSE,not_patient_scored
acrichine,mitomycin,acrichine + mitomycin,-10,-28.6,58,-119,0.2,5,BR:BT-549;BR:HS 578T;BR:MCF7;BR:MDA-MB-231;BR:T-47D,0.378230901780586,FALSE,FALSE,not_patient_scored
aminolevulinic acid,mitomycin,aminolevulinic acid + mitomycin,-75,-49,18,-91,0.2,5,BR:BT-549;BR:HS 578T;BR:MCF7;BR:MDA-MB-231;BR:T-47D,0.378230901780586,FALSE,FALSE,not_patient_scored
5-fluorouracil,mitomycin,5-fluorouracil + mitomycin,-35,-28.4,29,-61,0.2,5,BR:BT-549;BR:HS 578T;BR:MCF7;BR:MDA-MB-231;BR:T-47D,0.378230901780586,TRUE,FALSE,tier_B_one_drug_patient_scored
mithramycin,mitomycin,mithramycin + mitomycin,-10,-2.4,39,-34,0.4,5,BR:BT-549;BR:HS 578T;BR:MCF7;BR:MDA-MB-231;BR:T-47D,0.378230901780586,FALSE,FALSE,not_patient_scored
mitomycin,pipobroman,mitomycin + pipobroman,-34,-67,-17,-163,0,5,BR:BT-549;BR:HS 578T;BR:MCF7;BR:MDA-MB-231;BR:T-47D,0.378230901780586,FALSE,FALSE,not_patient_scored
floxuridine,mitomycin,floxuridine + mitomycin,-53,-49.4,-11,-85,0,5,BR:BT-549;BR:HS 578T;BR:MCF7;BR:MDA-MB-231;BR:T-47D,0.378230901780586,FALSE,FALSE,not_patient_scored
hydroxyurea,mitomycin,hydroxyurea + mitomycin,-24,-28,9,-71,0.2,5,BR:BT-549;BR:HS 578T;BR:MCF7;BR:MDA-MB-231;BR:T-47D,0.378230901780586,FALSE,FALSE,not_patient_scored
mitomycin,uracil mustard,mitomycin + uracil mustard,-61,-57.6,-17,-96,0,5,BR:BT-549;BR:HS 578T;BR:MCF7;BR:MDA-MB-231;BR:T-47D,0.378230901780586,FALSE,FALSE,not_patient_scored
mitomycin,mitotane,mitomycin + mitotane,-17,-30.6,4,-114,0.4,5,BR:BT-549;BR:HS 578T;BR:MCF7;BR:MDA-MB-231;BR:T-47D,0.378230901780586,FALSE,FALSE,not_patient_scored
dacarbazine,mitomycin,dacarbazine + mitomycin,-37,-43.4,-17,-102,0,5,BR:BT-549;BR:HS 578T;BR:MCF7;BR:MDA-MB-231;BR:T-47D,0.378230901780586,FALSE,FALSE,not_patient_scored
mitomycin,vinblastine,mitomycin + vinblastine,-29,-13.8,32,-57,0.4,5,BR:BT-549;BR:HS 578T;BR:MCF7;BR:MDA-MB-231;BR:T-47D,0.378230901780586,FALSE,FALSE,not_patient_scored
cytarabine,mitomycin,cytarabine + mitomycin,-20,-42,-12,-114,0,5,BR:BT-549;BR:HS 578T;BR:MCF7;BR:MDA-MB-231;BR:T-47D,0.378230901780586,FALSE,FALSE,not_patient_scored
mitomycin,thalidomide,mitomycin + thalidomide,-7,24,205,-60,0.4,5,BR:BT-549;BR:HS 578T;BR:MCF7;BR:MDA-MB-231;BR:T-47D,0.378230901780586,FALSE,FALSE,not_patient_scored
mitomycin,vincristine,mitomycin + vincristine,-17,-6.2,54,-32,0.2,5,BR:BT-549;BR:HS 578T;BR:MCF7;BR:MDA-MB-231;BR:T-47D,0.378230901780586,FALSE,FALSE,not_patient_scored
megestrol acetate,mitomycin,megestrol acetate + mitomycin,-72,-86.2,-30,-161,0,5,BR:BT-549;BR:HS 578T;BR:MCF7;BR:MDA-MB-231;BR:T-47D,0.378230901780586,FALSE,FALSE,not_patient_scored
mitomycin,procarbazine,mitomycin + procarbazine,-60,-12.4,180,-111,0.4,5,BR:BT-549;BR:HS 578T;BR:MCF7;BR:MDA-MB-231;BR:T-47D,0.378230901780586,FALSE,FALSE,not_patient_scored
lomustine,mitomycin,lomustine + mitomycin,-44,-53.2,-23,-116,0,5,BR:BT-549;BR:HS 578T;BR:MCF7;BR:MDA-MB-231;BR:T-47D,0.378230901780586,FALSE,FALSE,not_patient_scored
daunorubicin,mitomycin,daunorubicin + mitomycin,3,-12.8,29,-66,0.6,5,BR:BT-549;BR:HS 578T;BR:MCF7;BR:MDA-MB-231;BR:T-47D,0.775895079456251,FALSE,FALSE,not_patient_scored
mitomycin,streptozocin,mitomycin + streptozocin,-1,23.2,184,-60,0.4,5,BR:BT-549;BR:HS 578T;BR:MCF7;BR:MDA-MB-231;BR:T-47D,0.378230901780586,FALSE,FALSE,not_patient_scored
azacitidine,mitomycin,azacitidine + mitomycin,10,-0.8,70,-95,0.6,5,BR:BT-549;BR:HS 578T;BR:MCF7;BR:MDA-MB-231;BR:T-47D,0.835343672219031,FALSE,FALSE,not_patient_scored
cladribine,mitomycin,cladribine + mitomycin,-15,-6.6,59,-40,0.2,5,BR:BT-549;BR:HS 578T;BR:MCF7;BR:MDA-MB-231;BR:T-47D,0.378230901780586,FALSE,FALSE,not_patient_scored
fludarabine,mitomycin,fludarabine + mitomycin,-11,-24,-5,-56,0,5,BR:BT-549;BR:HS 578T;BR:MCF7;BR:MDA-MB-231;BR:T-47D,0.378230901780586,FALSE,FALSE,not_patient_scored
isotretinoin,mitomycin,isotretinoin + mitomycin,-20,-23,33,-71,0.2,5,BR:BT-549;BR:HS 578T;BR:MCF7;BR:MDA-MB-231;BR:T-47D,0.378230901780586,FALSE,FALSE,not_patient_scored
mitomycin,teniposide,mitomycin + teniposide,-38,-27.8,9,-42,0.2,5,BR:BT-549;BR:HS 578T;BR:MCF7;BR:MDA-MB-231;BR:T-47D,0.378230901780586,FALSE,FALSE,not_patient_scored
doxorubicin,mitomycin,doxorubicin + mitomycin,-5,-11.8,55,-88,0.4,5,BR:BT-549;BR:HS 578T;BR:MCF7;BR:MDA-MB-231;BR:T-47D,0.378230901780586,TRUE,FALSE,tier_B_one_drug_patient_scored
bleomycin,mitomycin,bleomycin + mitomycin,-25,-28.4,-6,-49,0,5,BR:BT-549;BR:HS 578T;BR:MCF7;BR:MDA-MB-231;BR:T-47D,0.378230901780586,FALSE,FALSE,not_patient_scored
mitomycin,paclitaxel,mitomycin + paclitaxel,-45.5,-54.5,-36,-91,0,4,BR:BT-549;BR:MCF7;BR:MDA-MB-231;BR:T-47D,0.378230901780586,FALSE,TRUE,tier_B_one_drug_patient_scored
bendamustine,mitomycin,bendamustine + mitomycin,-22,-20.8,-13,-32,0,5,BR:BT-549;BR:HS 578T;BR:MCF7;BR:MDA-MB-231;BR:T-47D,0.378230901780586,FALSE,FALSE,not_patient_scored
etoposide,mitomycin,etoposide + mitomycin,-30,-33.6,-4,-54,0,5,BR:BT-549;BR:HS 578T;BR:MCF7;BR:MDA-MB-231;BR:T-47D,0.378230901780586,FALSE,FALSE,not_patient_scored
dexrazoxane,mitomycin,dexrazoxane + mitomycin,-68,-74.6,-44,-122,0,5,BR:BT-549;BR:HS 578T;BR:MCF7;BR:MDA-MB-231;BR:T-47D,0.378230901780586,FALSE,FALSE,not_patient_scored
mitomycin,tamoxifen,mitomycin + tamoxifen,-20,-28.2,-9,-65,0,5,BR:BT-549;BR:HS 578T;BR:MCF7;BR:MDA-MB-231;BR:T-47D,0.378230901780586,FALSE,FALSE,not_patient_scored
mitomycin,rapamycin,mitomycin + rapamycin,-21,14,71,-24,0.4,5,BR:BT-549;BR:HS 578T;BR:MCF7;BR:MDA-MB-231;BR:T-47D,0.378230901780586,FALSE,TRUE,tier_B_one_drug_patient_scored
carboplatin,mitomycin,carboplatin + mitomycin,-37,-19.4,59,-62,0.2,5,BR:BT-549;BR:HS 578T;BR:MCF7;BR:MDA-MB-231;BR:T-47D,0.378230901780586,FALSE,FALSE,not_patient_scored
mitomycin,valrubicin,mitomycin + valrubicin,-9,-37.6,32,-225,0.4,5,BR:BT-549;BR:HS 578T;BR:MCF7;BR:MDA-MB-231;BR:T-47D,0.378230901780586,FALSE,FALSE,not_patient_scored
mitomycin,mitoxantrone,mitomycin + mitoxantrone,-19,-15.8,18,-41,0.2,5,BR:BT-549;BR:HS 578T;BR:MCF7;BR:MDA-MB-231;BR:T-47D,0.378230901780586,FALSE,FALSE,not_patient_scored
mitomycin,temozolomide,mitomycin + temozolomide,-8,-17.4,13,-63,0.4,5,BR:BT-549;BR:HS 578T;BR:MCF7;BR:MDA-MB-231;BR:T-47D,0.378230901780586,FALSE,FALSE,not_patient_scored
clofarabine,mitomycin,clofarabine + mitomycin,23,2.6,56,-66,0.6,5,BR:BT-549;BR:HS 578T;BR:MCF7;BR:MDA-MB-231;BR:T-47D,0.901014742485162,FALSE,FALSE,not_patient_scored
mitomycin,vinorelbine,mitomycin + vinorelbine,-32,-32.4,7,-98,0.4,5,BR:BT-549;BR:HS 578T;BR:MCF7;BR:MDA-MB-231;BR:T-47D,0.378230901780586,FALSE,FALSE,not_patient_scored
gemcitabine,mitomycin,gemcitabine + mitomycin,-22,-10.6,28,-49,0.4,5,BR:BT-549;BR:HS 578T;BR:MCF7;BR:MDA-MB-231;BR:T-47D,0.378230901780586,TRUE,FALSE,tier_B_one_drug_patient_scored
docetaxel,mitomycin,docetaxel + mitomycin,-17,-9.4,88,-76,0.2,5,BR:BT-549;BR:HS 578T;BR:MCF7;BR:MDA-MB-231;BR:T-47D,0.378230901780586,TRUE,FALSE,tier_B_one_drug_patient_scored
7 ethyl 10 hydroxycamptothecin,mitomycin,7 ethyl 10 hydroxycamptothecin + mitomycin,-19,-12,69,-57,0.2,5,BR:BT-549;BR:HS 578T;BR:MCF7;BR:MDA-MB-231;BR:T-47D,0.378230901780586,FALSE,FALSE,not_patient_scored
mitomycin,nelarabine,mitomycin + nelarabine,-92,-71.6,-10,-132,0,5,BR:BT-549;BR:HS 578T;BR:MCF7;BR:MDA-MB-231;BR:T-47D,0.378230901780586,FALSE,FALSE,not_patient_scored
mitomycin,pemetrexed,mitomycin + pemetrexed,8,-29.4,20,-101,0.6,5,BR:BT-549;BR:HS 578T;BR:MCF7;BR:MDA-MB-231;BR:T-47D,0.818973769864063,FALSE,FALSE,not_patient_scored
mitomycin,vorinostat,mitomycin + vorinostat,-30,-20.6,27,-74,0.4,5,BR:BT-549;BR:HS 578T;BR:MCF7;BR:MDA-MB-231;BR:T-47D,0.378230901780586,FALSE,FALSE,not_patient_scored
capecitabine,mitomycin,capecitabine + mitomycin,-88,-98.6,-30,-222,0,5,BR:BT-549;BR:HS 578T;BR:MCF7;BR:MDA-MB-231;BR:T-47D,0.378230901780586,FALSE,FALSE,not_patient_scored
exemestane,mitomycin,exemestane + mitomycin,25,7.6,41,-65,0.8,5,BR:BT-549;BR:HS 578T;BR:MCF7;BR:MDA-MB-231;BR:T-47D,0.908673176335439,FALSE,FALSE,not_patient_scored
gefitinib,mitomycin,gefitinib + mitomycin,-6,7.6,29,-7,0.4,5,BR:BT-549;BR:HS 578T;BR:MCF7;BR:MDA-MB-231;BR:T-47D,0.378230901780586,FALSE,FALSE,not_patient_scored
fulvestrant,mitomycin,fulvestrant + mitomycin,-22,-61,-1,-131,0,5,BR:BT-549;BR:HS 578T;BR:MCF7;BR:MDA-MB-231;BR:T-47D,0.378230901780586,FALSE,FALSE,not_patient_scored
anastrozole,mitomycin,anastrozole + mitomycin,-28.5,-32.25,-10,-62,0,4,BR:HS 578T;BR:MCF7;BR:MDA-MB-231;BR:T-47D,0.378230901780586,FALSE,FALSE,not_patient_scored
letrozole,mitomycin,letrozole + mitomycin,-37,-41.6,8,-91,0.2,5,BR:BT-549;BR:HS 578T;BR:MCF7;BR:MDA-MB-231;BR:T-47D,0.378230901780586,FALSE,FALSE,not_patient_scored
celecoxib,mitomycin,celecoxib + mitomycin,-32,-58.2,-13,-123,0,5,BR:BT-549;BR:HS 578T;BR:MCF7;BR:MDA-MB-231;BR:T-47D,0.378230901780586,FALSE,FALSE,not_patient_scored
mitomycin,zoledronate,mitomycin + zoledronate,-23,-27.6,18,-74,0.2,5,BR:BT-549;BR:HS 578T;BR:MCF7;BR:MDA-MB-231;BR:T-47D,0.378230901780586,FALSE,FALSE,not_patient_scored
dasatinib,mitomycin,dasatinib + mitomycin,-33,-41.8,-10,-82,0,5,BR:BT-549;BR:HS 578T;BR:MCF7;BR:MDA-MB-231;BR:T-47D,0.378230901780586,FALSE,FALSE,not_patient_scored
everolimus,mitomycin,everolimus + mitomycin,-43,-44.6,-17,-81,0,5,BR:BT-549;BR:HS 578T;BR:MCF7;BR:MDA-MB-231;BR:T-47D,0.378230901780586,FALSE,FALSE,not_patient_scored
mitomycin,pazopanib,mitomycin + pazopanib,-90,-126.4,-65,-208,0,5,BR:BT-549;BR:HS 578T;BR:MCF7;BR:MDA-MB-231;BR:T-47D,0.378230901780586,FALSE,FALSE,not_patient_scored
imatinib,mitomycin,imatinib + mitomycin,-101,-81.6,-26,-130,0,5,BR:BT-549;BR:HS 578T;BR:MCF7;BR:MDA-MB-231;BR:T-47D,0.378230901780586,FALSE,FALSE,not_patient_scored
lapatinib,mitomycin,lapatinib + mitomycin,-29,-28.4,14,-80,0.2,5,BR:BT-549;BR:HS 578T;BR:MCF7;BR:MDA-MB-231;BR:T-47D,0.378230901780586,TRUE,FALSE,tier_B_one_drug_patient_scored
mitomycin,nilotinib,mitomycin + nilotinib,-55,-49.4,2,-117,0.2,5,BR:BT-549;BR:HS 578T;BR:MCF7;BR:MDA-MB-231;BR:T-47D,0.378230901780586,FALSE,FALSE,not_patient_scored
mitomycin,sorafenib,mitomycin + sorafenib,-46,-45.2,13,-95,0.2,5,BR:BT-549;BR:HS 578T;BR:MCF7;BR:MDA-MB-231;BR:T-47D,0.378230901780586,FALSE,FALSE,not_patient_scored
lenalidomide,mitomycin,lenalidomide + mitomycin,28,32.4,59,1,1,5,BR:BT-549;BR:HS 578T;BR:MCF7;BR:MDA-MB-231;BR:T-47D,0.91738464484013,FALSE,FALSE,not_patient_scored
mitomycin,raloxifene,mitomycin + raloxifene,-25,-28,3,-72,0.2,5,BR:BT-549;BR:HS 578T;BR:MCF7;BR:MDA-MB-231;BR:T-47D,0.378230901780586,FALSE,FALSE,not_patient_scored
abiraterone,mitomycin,abiraterone + mitomycin,6,13.4,56,-21,0.8,5,BR:BT-549;BR:HS 578T;BR:MCF7;BR:MDA-MB-231;BR:T-47D,0.802508137085966,FALSE,FALSE,not_patient_scored
mitomycin,sunitinib,mitomycin + sunitinib,-65,-60.6,-9,-111,0,5,BR:BT-549;BR:HS 578T;BR:MCF7;BR:MDA-MB-231;BR:T-47D,0.378230901780586,FALSE,FALSE,not_patient_scored
mitomycin,vemurafenib,mitomycin + vemurafenib,-26,-19.6,-4,-32,0,5,BR:BT-549;BR:HS 578T;BR:MCF7;BR:MDA-MB-231;BR:T-47D,0.378230901780586,FALSE,FALSE,not_patient_scored
depsipeptide,mitomycin,depsipeptide + mitomycin,27,21.8,53,-9,0.8,5,BR:BT-549;BR:HS 578T;BR:MCF7;BR:MDA-MB-231;BR:T-47D,0.914225540876891,FALSE,FALSE,not_patient_scored
mitomycin,pralatrexate,mitomycin + pralatrexate,-54,-53.4,1,-86,0.2,5,BR:BT-549;BR:HS 578T;BR:MCF7;BR:MDA-MB-231;BR:T-47D,0.378230901780586,FALSE,FALSE,not_patient_scored
mitomycin,vismodegib,mitomycin + vismodegib,-10,-0.4,23,-19,0.4,5,BR:BT-549;BR:HS 578T;BR:MCF7;BR:MDA-MB-231;BR:T-47D,0.378230901780586,FALSE,FALSE,not_patient_scored
crizotinib,mitomycin,crizotinib + mitomycin,-6,-4.4,45,-35,0.2,5,BR:BT-549;BR:HS 578T;BR:MCF7;BR:MDA-MB-231;BR:T-47D,0.378230901780586,FALSE,FALSE,not_patient_scored
axitinib,mitomycin,axitinib + mitomycin,-4,-21.4,1,-82,0.2,5,BR:BT-549;BR:HS 578T;BR:MCF7;BR:MDA-MB-231;BR:T-47D,0.378230901780586,FALSE,FALSE,not_patient_scored
mitomycin,vandetanib,mitomycin + vandetanib,8,9.4,34,-13,0.6,5,BR:BT-549;BR:HS 578T;BR:MCF7;BR:MDA-MB-231;BR:T-47D,0.818973769864063,FALSE,FALSE,not_patient_scored
cabazitaxel,mitomycin,cabazitaxel + mitomycin,-45,-38.75,9,-74,0.25,4,BR:BT-549;BR:MCF7;BR:MDA-MB-231;BR:T-47D,0.378230901780586,FALSE,FALSE,not_patient_scored
mitomycin,ruxolitinib,mitomycin + ruxolitinib,-9,-19.2,-4,-58,0,5,BR:BT-549;BR:HS 578T;BR:MCF7;BR:MDA-MB-231;BR:T-47D,0.378230901780586,FALSE,FALSE,not_patient_scored
floxuridine,methotrexate,floxuridine + methotrexate,-70,-91.2,-42,-205,0,5,BR:BT-549;BR:HS 578T;BR:MCF7;BR:MDA-MB-231;BR:T-47D,0.378230901780586,FALSE,FALSE,not_patient_scored
6 thioguanine,floxuridine,6 thioguanine + floxuridine,-38,-53,-26,-89,0,5,BR:BT-549;BR:HS 578T;BR:MCF7;BR:MDA-MB-231;BR:T-47D,0.378230901780586,FALSE,FALSE,not_patient_scored
actinomycin d,floxuridine,actinomycin d + floxuridine,-37,-24.2,65,-58,0.2,5,BR:BT-549;BR:HS 578T;BR:MCF7;BR:MDA-MB-231;BR:T-47D,0.378230901780586,FALSE,FALSE,not_patient_scored
chlorambucil,floxuridine,chlorambucil + floxuridine,-92,-96,-34,-170,0,5,BR:BT-549;BR:HS 578T;BR:MCF7;BR:MDA-MB-231;BR:T-47D,0.378230901780586,FALSE,FALSE,not_patient_scored
floxuridine,thiotepa,floxuridine + thiotepa,8,-12.6,42,-71,0.6,5,BR:BT-549;BR:HS 578T;BR:MCF7;BR:MDA-MB-231;BR:T-47D,0.818973769864063,FALSE,FALSE,not_patient_scored
floxuridine,melphalan,floxuridine + melphalan,-89,-85.2,-47,-119,0,5,BR:BT-549;BR:HS 578T;BR:MCF7;BR:MDA-MB-231;BR:T-47D,0.378230901780586,FALSE,FALSE,not_patient_scored
altretamine,floxuridine,altretamine + floxuridine,-41,-50.8,-30,-90,0,5,BR:BT-549;BR:HS 578T;BR:MCF7;BR:MDA-MB-231;BR:T-47D,0.378230901780586,FALSE,FALSE,not_patient_scored
5-fluorouracil,floxuridine,5-fluorouracil + floxuridine,-93,-75.4,-5,-133,0,5,BR:BT-549;BR:HS 578T;BR:MCF7;BR:MDA-MB-231;BR:T-47D,0.378230901780586,TRUE,FALSE,tier_B_one_drug_patient_scored
floxuridine,uracil mustard,floxuridine + uracil mustard,-85,-84,11,-204,0.2,5,BR:BT-549;BR:HS 578T;BR:MCF7;BR:MDA-MB-231;BR:T-47D,0.378230901780586,FALSE,FALSE,not_patient_scored
dacarbazine,floxuridine,dacarbazine + floxuridine,-43,-37.2,-16,-53,0,5,BR:BT-549;BR:HS 578T;BR:MCF7;BR:MDA-MB-231;BR:T-47D,0.378230901780586,FALSE,FALSE,not_patient_scored
floxuridine,megestrol acetate,floxuridine + megestrol acetate,-63,-67,-23,-130,0,5,BR:BT-549;BR:HS 578T;BR:MCF7;BR:MDA-MB-231;BR:T-47D,0.378230901780586,FALSE,FALSE,not_patient_scored
floxuridine,lomustine,floxuridine + lomustine,-104,-68.6,3,-124,0.2,5,BR:BT-549;BR:HS 578T;BR:MCF7;BR:MDA-MB-231;BR:T-47D,0.378230901780586,FALSE,FALSE,not_patient_scored
daunorubicin,floxuridine,daunorubicin + floxuridine,-59,-33.8,26,-87,0.4,5,BR:BT-549;BR:HS 578T;BR:MCF7;BR:MDA-MB-231;BR:T-47D,0.378230901780586,FALSE,FALSE,not_patient_scored
floxuridine,teniposide,floxuridine + teniposide,-86,-76.2,13,-173,0.2,5,BR:BT-549;BR:HS 578T;BR:MCF7;BR:MDA-MB-231;BR:T-47D,0.378230901780586,FALSE,FALSE,not_patient_scored
etoposide,floxuridine,etoposide + floxuridine,-97,-85.2,8,-166,0.2,5,BR:BT-549;BR:HS 578T;BR:MCF7;BR:MDA-MB-231;BR:T-47D,0.378230901780586,FALSE,FALSE,not_patient_scored
dexrazoxane,floxuridine,dexrazoxane + floxuridine,-37,-40.8,-30,-64,0,5,BR:BT-549;BR:HS 578T;BR:MCF7;BR:MDA-MB-231;BR:T-47D,0.378230901780586,FALSE,FALSE,not_patient_scored
floxuridine,mitoxantrone,floxuridine + mitoxantrone,-73,-53.6,-3,-114,0,5,BR:BT-549;BR:HS 578T;BR:MCF7;BR:MDA-MB-231;BR:T-47D,0.378230901780586,FALSE,FALSE,not_patient_scored
floxuridine,vinorelbine,floxuridine + vinorelbine,-37,-27.6,13,-78,0.4,5,BR:BT-549;BR:HS 578T;BR:MCF7;BR:MDA-MB-231;BR:T-47D,0.378230901780586,FALSE,FALSE,not_patient_scored
floxuridine,pemetrexed,floxuridine + pemetrexed,7,-11.8,47,-133,0.6,5,BR:BT-549;BR:HS 578T;BR:MCF7;BR:MDA-MB-231;BR:T-47D,0.810453762205629,FALSE,FALSE,not_patient_scored
exemestane,floxuridine,exemestane + floxuridine,4,-3.2,49,-43,0.6,5,BR:BT-549;BR:HS 578T;BR:MCF7;BR:MDA-MB-231;BR:T-47D,0.783553513306529,FALSE,FALSE,not_patient_scored
floxuridine,gefitinib,floxuridine + gefitinib,15,12,32,-3,0.6,5,BR:BT-549;BR:HS 578T;BR:MCF7;BR:MDA-MB-231;BR:T-47D,0.864541451273215,FALSE,FALSE,not_patient_scored
floxuridine,letrozole,floxuridine + letrozole,-40,-36,-17,-55,0,5,BR:BT-549;BR:HS 578T;BR:MCF7;BR:MDA-MB-231;BR:T-47D,0.378230901780586,FALSE,FALSE,not_patient_scored
celecoxib,floxuridine,celecoxib + floxuridine,-10,1,74,-99,0.4,5,BR:BT-549;BR:HS 578T;BR:MCF7;BR:MDA-MB-231;BR:T-47D,0.378230901780586,FALSE,FALSE,not_patient_scored
floxuridine,pazopanib,floxuridine + pazopanib,13,16.8,42,-6,0.8,5,BR:BT-549;BR:HS 578T;BR:MCF7;BR:MDA-MB-231;BR:T-47D,0.852766609228413,FALSE,FALSE,not_patient_scored
floxuridine,lenalidomide,floxuridine + lenalidomide,8,4,25,-44,0.8,5,BR:BT-549;BR:HS 578T;BR:MCF7;BR:MDA-MB-231;BR:T-47D,0.818973769864063,FALSE,FALSE,not_patient_scored
floxuridine,raloxifene,floxuridine + raloxifene,-4,-4.2,23,-25,0.2,5,BR:BT-549;BR:HS 578T;BR:MCF7;BR:MDA-MB-231;BR:T-47D,0.378230901780586,FALSE,FALSE,not_patient_scored
abiraterone,floxuridine,abiraterone + floxuridine,-8,-3.4,28,-38,0.4,5,BR:BT-549;BR:HS 578T;BR:MCF7;BR:MDA-MB-231;BR:T-47D,0.378230901780586,FALSE,FALSE,not_patient_scored
floxuridine,vemurafenib,floxuridine + vemurafenib,11,8.8,46,-30,0.8,5,BR:BT-549;BR:HS 578T;BR:MCF7;BR:MDA-MB-231;BR:T-47D,0.841853340991767,FALSE,FALSE,not_patient_scored
floxuridine,vismodegib,floxuridine + vismodegib,20,4.4,24,-28,0.6,5,BR:BT-549;BR:HS 578T;BR:MCF7;BR:MDA-MB-231;BR:T-47D,0.888091135362818,FALSE,FALSE,not_patient_scored
crizotinib,floxuridine,crizotinib + floxuridine,-18,-10.6,13,-33,0.4,5,BR:BT-549;BR:HS 578T;BR:MCF7;BR:MDA-MB-231;BR:T-47D,0.378230901780586,FALSE,FALSE,not_patient_scored
axitinib,floxuridine,axitinib + floxuridine,1,-6.8,11,-38,0.6,5,BR:BT-549;BR:HS 578T;BR:MCF7;BR:MDA-MB-231;BR:T-47D,0.759908098793797,FALSE,FALSE,not_patient_scored
floxuridine,vandetanib,floxuridine + vandetanib,-9,-4.8,40,-67,0.4,5,BR:BT-549;BR:HS 578T;BR:MCF7;BR:MDA-MB-231;BR:T-47D,0.378230901780586,FALSE,FALSE,not_patient_scored
cabazitaxel,floxuridine,cabazitaxel + floxuridine,43,11.6,108,-77,0.6,5,BR:BT-549;BR:HS 578T;BR:MCF7;BR:MDA-MB-231;BR:T-47D,0.951081753781352,FALSE,FALSE,not_patient_scored
floxuridine,ruxolitinib,floxuridine + ruxolitinib,-28,-31.6,7,-71,0.4,5,BR:BT-549;BR:HS 578T;BR:MCF7;BR:MDA-MB-231;BR:T-47D,0.378230901780586,FALSE,FALSE,not_patient_scored
6 thioguanine,hydroxyurea,6 thioguanine + hydroxyurea,-54,-55.4,-21,-88,0,5,BR:BT-549;BR:HS 578T;BR:MCF7;BR:MDA-MB-231;BR:T-47D,0.378230901780586,FALSE,FALSE,not_patient_scored
actinomycin d,hydroxyurea,actinomycin d + hydroxyurea,-32,-34.2,13,-82,0.2,5,BR:BT-549;BR:HS 578T;BR:MCF7;BR:MDA-MB-231;BR:T-47D,0.378230901780586,FALSE,FALSE,not_patient_scored
chlorambucil,hydroxyurea,chlorambucil + hydroxyurea,-39,-38.4,-13,-65,0,5,BR:BT-549;BR:HS 578T;BR:MCF7;BR:MDA-MB-231;BR:T-47D,0.378230901780586,FALSE,FALSE,not_patient_scored
hydroxyurea,thiotepa,hydroxyurea + thiotepa,-43,-41.6,-27,-59,0,5,BR:BT-549;BR:HS 578T;BR:MCF7;BR:MDA-MB-231;BR:T-47D,0.378230901780586,FALSE,FALSE,not_patient_scored
hydroxyurea,melphalan,hydroxyurea + melphalan,-40,-36.6,5,-83,0.2,5,BR:BT-549;BR:HS 578T;BR:MCF7;BR:MDA-MB-231;BR:T-47D,0.378230901780586,FALSE,FALSE,not_patient_scored
hydroxyurea,triethylenemelamine,hydroxyurea + triethylenemelamine,-4,-14,-3,-51,0,5,BR:BT-549;BR:HS 578T;BR:MCF7;BR:MDA-MB-231;BR:T-47D,0.378230901780586,FALSE,FALSE,not_patient_scored
altretamine,hydroxyurea,altretamine + hydroxyurea,-69,-72.6,-33,-121,0,5,BR:BT-549;BR:HS 578T;BR:MCF7;BR:MDA-MB-231;BR:T-47D,0.378230901780586,FALSE,FALSE,not_patient_scored
5-fluorouracil,hydroxyurea,5-fluorouracil + hydroxyurea,15,9,21,-16,0.8,5,BR:BT-549;BR:HS 578T;BR:MCF7;BR:MDA-MB-231;BR:T-47D,0.864541451273215,TRUE,FALSE,tier_B_one_drug_patient_scored
hydroxyurea,mithramycin,hydroxyurea + mithramycin,32,3,34,-107,0.8,5,BR:BT-549;BR:HS 578T;BR:MCF7;BR:MDA-MB-231;BR:T-47D,0.929638139000574,FALSE,FALSE,not_patient_scored
floxuridine,hydroxyurea,floxuridine + hydroxyurea,-15,-15,6,-29,0.2,5,BR:BT-549;BR:HS 578T;BR:MCF7;BR:MDA-MB-231;BR:T-47D,0.378230901780586,FALSE,FALSE,not_patient_scored
hydroxyurea,uracil mustard,hydroxyurea + uracil mustard,-17,-20.6,-3,-51,0,5,BR:BT-549;BR:HS 578T;BR:MCF7;BR:MDA-MB-231;BR:T-47D,0.378230901780586,FALSE,FALSE,not_patient_scored
dacarbazine,hydroxyurea,dacarbazine + hydroxyurea,-52,-47.8,-16,-80,0,5,BR:BT-549;BR:HS 578T;BR:MCF7;BR:MDA-MB-231;BR:T-47D,0.378230901780586,FALSE,FALSE,not_patient_scored
cytarabine,hydroxyurea,cytarabine + hydroxyurea,-39,-44.2,-11,-94,0,5,BR:BT-549;BR:HS 578T;BR:MCF7;BR:MDA-MB-231;BR:T-47D,0.378230901780586,FALSE,FALSE,not_patient_scored
hydroxyurea,vincristine,hydroxyurea + vincristine,-38,-48.2,-5,-115,0,5,BR:BT-549;BR:HS 578T;BR:MCF7;BR:MDA-MB-231;BR:T-47D,0.378230901780586,FALSE,FALSE,not_patient_scored
hydroxyurea,megestrol acetate,hydroxyurea + megestrol acetate,-110,-88,-26,-131,0,5,BR:BT-549;BR:HS 578T;BR:MCF7;BR:MDA-MB-231;BR:T-47D,0.378230901780586,FALSE,FALSE,not_patient_scored
hydroxyurea,lomustine,hydroxyurea + lomustine,-2,-7,28,-48,0.4,5,BR:BT-549;BR:HS 578T;BR:MCF7;BR:MDA-MB-231;BR:T-47D,0.378230901780586,FALSE,FALSE,not_patient_scored
daunorubicin,hydroxyurea,daunorubicin + hydroxyurea,-2,6.6,68,-45,0.4,5,BR:BT-549;BR:HS 578T;BR:MCF7;BR:MDA-MB-231;BR:T-47D,0.378230901780586,FALSE,FALSE,not_patient_scored
azacitidine,hydroxyurea,azacitidine + hydroxyurea,-9,-14.8,3,-47,0.2,5,BR:BT-549;BR:HS 578T;BR:MCF7;BR:MDA-MB-231;BR:T-47D,0.378230901780586,FALSE,FALSE,not_patient_scored
cladribine,hydroxyurea,cladribine + hydroxyurea,-38,-31,35,-85,0.2,5,BR:BT-549;BR:HS 578T;BR:MCF7;BR:MDA-MB-231;BR:T-47D,0.378230901780586,FALSE,FALSE,not_patient_scored
fludarabine,hydroxyurea,fludarabine + hydroxyurea,-21,-25.4,4,-49,0.2,5,BR:BT-549;BR:HS 578T;BR:MCF7;BR:MDA-MB-231;BR:T-47D,0.378230901780586,FALSE,FALSE,not_patient_scored
hydroxyurea,isotretinoin,hydroxyurea + isotretinoin,-36,-33.8,19,-103,0.2,5,BR:BT-549;BR:HS 578T;BR:MCF7;BR:MDA-MB-231;BR:T-47D,0.378230901780586,FALSE,FALSE,not_patient_scored
hydroxyurea,teniposide,hydroxyurea + teniposide,38,22.4,45,-12,0.8,5,BR:BT-549;BR:HS 578T;BR:MCF7;BR:MDA-MB-231;BR:T-47D,0.943423319931074,FALSE,FALSE,not_patient_scored
hydroxyurea,paclitaxel,hydroxyurea + paclitaxel,23,36.2,161,-44,0.6,5,BR:BT-549;BR:HS 578T;BR:MCF7;BR:MDA-MB-231;BR:T-47D,0.901014742485162,FALSE,TRUE,tier_B_one_drug_patient_scored
etoposide,hydroxyurea,etoposide + hydroxyurea,-6,2.2,60,-43,0.4,5,BR:BT-549;BR:HS 578T;BR:MCF7;BR:MDA-MB-231;BR:T-47D,0.378230901780586,FALSE,FALSE,not_patient_scored
dexrazoxane,hydroxyurea,dexrazoxane + hydroxyurea,-11,2.8,50,-51,0.4,5,BR:BT-549;BR:HS 578T;BR:MCF7;BR:MDA-MB-231;BR:T-47D,0.378230901780586,FALSE,FALSE,not_patient_scored
hydroxyurea,tamoxifen,hydroxyurea + tamoxifen,0,-11.6,21,-57,0.4,5,BR:BT-549;BR:HS 578T;BR:MCF7;BR:MDA-MB-231;BR:T-47D,0.378230901780586,FALSE,FALSE,not_patient_scored
carboplatin,hydroxyurea,carboplatin + hydroxyurea,-38,-29.6,9,-79,0.4,5,BR:BT-549;BR:HS 578T;BR:MCF7;BR:MDA-MB-231;BR:T-47D,0.378230901780586,FALSE,FALSE,not_patient_scored
hydroxyurea,mitoxantrone,hydroxyurea + mitoxantrone,23,24.6,67,-4,0.8,5,BR:BT-549;BR:HS 578T;BR:MCF7;BR:MDA-MB-231;BR:T-47D,0.901014742485162,FALSE,FALSE,not_patient_scored
hydroxyurea,temozolomide,hydroxyurea + temozolomide,-37,-31,-9,-50,0,5,BR:BT-549;BR:HS 578T;BR:MCF7;BR:MDA-MB-231;BR:T-47D,0.378230901780586,FALSE,FALSE,not_patient_scored
hydroxyurea,vinorelbine,hydroxyurea + vinorelbine,8,10.8,39,-12,0.6,5,BR:BT-549;BR:HS 578T;BR:MCF7;BR:MDA-MB-231;BR:T-47D,0.818973769864063,FALSE,FALSE,not_patient_scored
docetaxel,hydroxyurea,docetaxel + hydroxyurea,5,-17.6,47,-177,0.6,5,BR:BT-549;BR:HS 578T;BR:MCF7;BR:MDA-MB-231;BR:T-47D,0.793030825196247,TRUE,FALSE,tier_B_one_drug_patient_scored
7 ethyl 10 hydroxycamptothecin,hydroxyurea,7 ethyl 10 hydroxycamptothecin + hydroxyurea,-27,-15.4,21,-45,0.4,5,BR:BT-549;BR:HS 578T;BR:MCF7;BR:MDA-MB-231;BR:T-47D,0.378230901780586,FALSE,FALSE,not_patient_scored
hydroxyurea,pemetrexed,hydroxyurea + pemetrexed,-9,-11,6,-26,0.2,5,BR:BT-549;BR:HS 578T;BR:MCF7;BR:MDA-MB-231;BR:T-47D,0.378230901780586,FALSE,FALSE,not_patient_scored
hydroxyurea,vorinostat,hydroxyurea + vorinostat,2,1.6,16,-12,0.6,5,BR:BT-549;BR:HS 578T;BR:MCF7;BR:MDA-MB-231;BR:T-47D,0.768140915182845,FALSE,FALSE,not_patient_scored
exemestane,hydroxyurea,exemestane + hydroxyurea,8,3,30,-31,0.6,5,BR:BT-549;BR:HS 578T;BR:MCF7;BR:MDA-MB-231;BR:T-47D,0.818973769864063,FALSE,FALSE,not_patient_scored
gefitinib,hydroxyurea,gefitinib + hydroxyurea,4,3,17,-13,0.6,5,BR:BT-549;BR:HS 578T;BR:MCF7;BR:MDA-MB-231;BR:T-47D,0.783553513306529,FALSE,FALSE,not_patient_scored
hydroxyurea,letrozole,hydroxyurea + letrozole,-43,-59.4,33,-166,0.2,5,BR:BT-549;BR:HS 578T;BR:MCF7;BR:MDA-MB-231;BR:T-47D,0.378230901780586,FALSE,FALSE,not_patient_scored
celecoxib,hydroxyurea,celecoxib + hydroxyurea,-44,-49,5,-113,0.2,5,BR:BT-549;BR:HS 578T;BR:MCF7;BR:MDA-MB-231;BR:T-47D,0.378230901780586,FALSE,FALSE,not_patient_scored
hydroxyurea,zoledronate,hydroxyurea + zoledronate,-11,-18,21,-52,0.2,5,BR:BT-549;BR:HS 578T;BR:MCF7;BR:MDA-MB-231;BR:T-47D,0.378230901780586,FALSE,FALSE,not_patient_scored
dasatinib,hydroxyurea,dasatinib + hydroxyurea,-46,-33.6,2,-56,0.2,5,BR:BT-549;BR:HS 578T;BR:MCF7;BR:MDA-MB-231;BR:T-47D,0.378230901780586,FALSE,FALSE,not_patient_scored
everolimus,hydroxyurea,everolimus + hydroxyurea,-14,-17.4,3,-47,0.2,5,BR:BT-549;BR:HS 578T;BR:MCF7;BR:MDA-MB-231;BR:T-47D,0.378230901780586,FALSE,FALSE,not_patient_scored
hydroxyurea,pazopanib,hydroxyurea + pazopanib,8,-7.2,32,-49,0.6,5,BR:BT-549;BR:HS 578T;BR:MCF7;BR:MDA-MB-231;BR:T-47D,0.818973769864063,FALSE,FALSE,not_patient_scored
hydroxyurea,imatinib,hydroxyurea + imatinib,-84,-61.6,-2,-92,0,5,BR:BT-549;BR:HS 578T;BR:MCF7;BR:MDA-MB-231;BR:T-47D,0.378230901780586,FALSE,FALSE,not_patient_scored
hydroxyurea,lapatinib,hydroxyurea + lapatinib,-51,-41,-3,-86,0,5,BR:BT-549;BR:HS 578T;BR:MCF7;BR:MDA-MB-231;BR:T-47D,0.378230901780586,FALSE,TRUE,tier_B_one_drug_patient_scored
hydroxyurea,lenalidomide,hydroxyurea + lenalidomide,23,18.8,37,-14,0.8,5,BR:BT-549;BR:HS 578T;BR:MCF7;BR:MDA-MB-231;BR:T-47D,0.901014742485162,FALSE,FALSE,not_patient_scored
hydroxyurea,raloxifene,hydroxyurea + raloxifene,36,-14.2,39,-121,0.6,5,BR:BT-549;BR:HS 578T;BR:MCF7;BR:MDA-MB-231;BR:T-47D,0.938828259620908,FALSE,FALSE,not_patient_scored
abiraterone,hydroxyurea,abiraterone + hydroxyurea,3,-4.4,8,-39,0.6,5,BR:BT-549;BR:HS 578T;BR:MCF7;BR:MDA-MB-231;BR:T-47D,0.775895079456251,FALSE,FALSE,not_patient_scored
hydroxyurea,sunitinib,hydroxyurea + sunitinib,-16,-29.2,35,-108,0.2,5,BR:BT-549;BR:HS 578T;BR:MCF7;BR:MDA-MB-231;BR:T-47D,0.378230901780586,FALSE,FALSE,not_patient_scored
hydroxyurea,vemurafenib,hydroxyurea + vemurafenib,-4,-6.8,24,-46,0.4,5,BR:BT-549;BR:HS 578T;BR:MCF7;BR:MDA-MB-231;BR:T-47D,0.378230901780586,FALSE,FALSE,not_patient_scored
depsipeptide,hydroxyurea,depsipeptide + hydroxyurea,4,-2.25,18,-35,0.5,4,BR:BT-549;BR:HS 578T;BR:MCF7;BR:MDA-MB-231,0.783553513306529,FALSE,FALSE,not_patient_scored
hydroxyurea,vismodegib,hydroxyurea + vismodegib,31,27.2,52,-14,0.8,5,BR:BT-549;BR:HS 578T;BR:MCF7;BR:MDA-MB-231;BR:T-47D,0.926287574191078,FALSE,FALSE,not_patient_scored
crizotinib,hydroxyurea,crizotinib + hydroxyurea,-27,-29.4,-3,-60,0,5,BR:BT-549;BR:HS 578T;BR:MCF7;BR:MDA-MB-231;BR:T-47D,0.378230901780586,FALSE,FALSE,not_patient_scored
axitinib,hydroxyurea,axitinib + hydroxyurea,9,7.2,45,-42,0.6,5,BR:BT-549;BR:HS 578T;BR:MCF7;BR:MDA-MB-231;BR:T-47D,0.827685238368754,FALSE,FALSE,not_patient_scored
hydroxyurea,vandetanib,hydroxyurea + vandetanib,34,29.2,51,-15,0.8,5,BR:BT-549;BR:HS 578T;BR:MCF7;BR:MDA-MB-231;BR:T-47D,0.934711851426383,FALSE,FALSE,not_patient_scored
cabazitaxel,hydroxyurea,cabazitaxel + hydroxyurea,82,73,139,-21,0.8,5,BR:BT-549;BR:HS 578T;BR:MCF7;BR:MDA-MB-231;BR:T-47D,0.985544706107601,FALSE,FALSE,not_patient_scored
hydroxyurea,ruxolitinib,hydroxyurea + ruxolitinib,-32,-40,15,-112,0.2,5,BR:BT-549;BR:HS 578T;BR:MCF7;BR:MDA-MB-231;BR:T-47D,0.378230901780586,FALSE,FALSE,not_patient_scored
triethylenemelamine,uracil mustard,triethylenemelamine + uracil mustard,-38,-36,13,-70,0.2,5,BR:BT-549;BR:HS 578T;BR:MCF7;BR:MDA-MB-231;BR:T-47D,0.378230901780586,FALSE,FALSE,not_patient_scored
dacarbazine,uracil mustard,dacarbazine + uracil mustard,19,3.8,31,-41,0.6,5,BR:BT-549;BR:HS 578T;BR:MCF7;BR:MDA-MB-231;BR:T-47D,0.883974727168294,FALSE,FALSE,not_patient_scored
megestrol acetate,uracil mustard,megestrol acetate + uracil mustard,-117,-87.4,5,-125,0.2,5,BR:BT-549;BR:HS 578T;BR:MCF7;BR:MDA-MB-231;BR:T-47D,0.378230901780586,FALSE,FALSE,not_patient_scored
lomustine,uracil mustard,lomustine + uracil mustard,-48,-45,-16,-61,0,5,BR:BT-549;BR:HS 578T;BR:MCF7;BR:MDA-MB-231;BR:T-47D,0.378230901780586,FALSE,FALSE,not_patient_scored
daunorubicin,uracil mustard,daunorubicin + uracil mustard,-49,-53.2,-30,-82,0,5,BR:BT-549;BR:HS 578T;BR:MCF7;BR:MDA-MB-231;BR:T-47D,0.378230901780586,FALSE,FALSE,not_patient_scored
teniposide,uracil mustard,teniposide + uracil mustard,-31,-39.4,-19,-61,0,5,BR:BT-549;BR:HS 578T;BR:MCF7;BR:MDA-MB-231;BR:T-47D,0.378230901780586,FALSE,FALSE,not_patient_scored
doxorubicin,uracil mustard,doxorubicin + uracil mustard,33,8.2,69,-144,0.8,5,BR:BT-549;BR:HS 578T;BR:MCF7;BR:MDA-MB-231;BR:T-47D,0.932701512540685,TRUE,FALSE,tier_B_one_drug_patient_scored
etoposide,uracil mustard,etoposide + uracil mustard,-44,-48.6,-15,-91,0,5,BR:BT-549;BR:HS 578T;BR:MCF7;BR:MDA-MB-231;BR:T-47D,0.378230901780586,FALSE,FALSE,not_patient_scored
dexrazoxane,uracil mustard,dexrazoxane + uracil mustard,-54,-56.8,-46,-68,0,5,BR:BT-549;BR:HS 578T;BR:MCF7;BR:MDA-MB-231;BR:T-47D,0.378230901780586,FALSE,FALSE,not_patient_scored
mitoxantrone,uracil mustard,mitoxantrone + uracil mustard,-44,-48.2,-28,-81,0,5,BR:BT-549;BR:HS 578T;BR:MCF7;BR:MDA-MB-231;BR:T-47D,0.378230901780586,FALSE,FALSE,not_patient_scored
uracil mustard,vinorelbine,uracil mustard + vinorelbine,-57.5,-50,14,-99,0.25,4,BR:BT-549;BR:MCF7;BR:MDA-MB-231;BR:T-47D,0.378230901780586,FALSE,FALSE,not_patient_scored
pemetrexed,uracil mustard,pemetrexed + uracil mustard,-72,-63.4,-12,-101,0,5,BR:BT-549;BR:HS 578T;BR:MCF7;BR:MDA-MB-231;BR:T-47D,0.378230901780586,FALSE,FALSE,not_patient_scored
exemestane,uracil mustard,exemestane + uracil mustard,-30,-29.8,-10,-42,0,5,BR:BT-549;BR:HS 578T;BR:MCF7;BR:MDA-MB-231;BR:T-47D,0.378230901780586,FALSE,FALSE,not_patient_scored
gefitinib,uracil mustard,gefitinib + uracil mustard,-39,-43.2,-33,-67,0,5,BR:BT-549;BR:HS 578T;BR:MCF7;BR:MDA-MB-231;BR:T-47D,0.378230901780586,FALSE,FALSE,not_patient_scored
pazopanib,uracil mustard,pazopanib + uracil mustard,-20,-20.8,-2,-38,0,5,BR:BT-549;BR:HS 578T;BR:MCF7;BR:MDA-MB-231;BR:T-47D,0.378230901780586,FALSE,FALSE,not_patient_scored
lenalidomide,uracil mustard,lenalidomide + uracil mustard,-46,-42,-16,-67,0,5,BR:BT-549;BR:HS 578T;BR:MCF7;BR:MDA-MB-231;BR:T-47D,0.378230901780586,FALSE,FALSE,not_patient_scored
raloxifene,uracil mustard,raloxifene + uracil mustard,-17,-8.4,24,-23,0.2,5,BR:BT-549;BR:HS 578T;BR:MCF7;BR:MDA-MB-231;BR:T-47D,0.378230901780586,FALSE,FALSE,not_patient_scored
abiraterone,uracil mustard,abiraterone + uracil mustard,-46,-43,9,-86,0.2,5,BR:BT-549;BR:HS 578T;BR:MCF7;BR:MDA-MB-231;BR:T-47D,0.378230901780586,FALSE,FALSE,not_patient_scored
uracil mustard,vemurafenib,uracil mustard + vemurafenib,-11,-19.4,31,-86,0.4,5,BR:BT-549;BR:HS 578T;BR:MCF7;BR:MDA-MB-231;BR:T-47D,0.378230901780586,FALSE,FALSE,not_patient_scored
uracil mustard,vismodegib,uracil mustard + vismodegib,-28,-35.2,-25,-66,0,5,BR:BT-549;BR:HS 578T;BR:MCF7;BR:MDA-MB-231;BR:T-47D,0.378230901780586,FALSE,FALSE,not_patient_scored
crizotinib,uracil mustard,crizotinib + uracil mustard,-34.5,-34.2,30,-78,0.1,5,BR:BT-549;BR:HS 578T;BR:MCF7;BR:MDA-MB-231;BR:T-47D,0.378230901780586,FALSE,FALSE,not_patient_scored
axitinib,uracil mustard,axitinib + uracil mustard,-2,-18.6,25,-84,0.2,5,BR:BT-549;BR:HS 578T;BR:MCF7;BR:MDA-MB-231;BR:T-47D,0.378230901780586,FALSE,FALSE,not_patient_scored
uracil mustard,vandetanib,uracil mustard + vandetanib,-3,-8.4,37,-63,0.2,5,BR:BT-549;BR:HS 578T;BR:MCF7;BR:MDA-MB-231;BR:T-47D,0.378230901780586,FALSE,FALSE,not_patient_scored
cabazitaxel,uracil mustard,cabazitaxel + uracil mustard,-92,-99.25,-88,-125,0,4,BR:BT-549;BR:MCF7;BR:MDA-MB-231;BR:T-47D,0.378230901780586,FALSE,FALSE,not_patient_scored
ruxolitinib,uracil mustard,ruxolitinib + uracil mustard,-47,-36.4,4,-54,0.2,5,BR:BT-549;BR:HS 578T;BR:MCF7;BR:MDA-MB-231;BR:T-47D,0.378230901780586,FALSE,FALSE,not_patient_scored
6 thioguanine,mitotane,6 thioguanine + mitotane,0,-9.2,6,-32,0.4,5,BR:BT-549;BR:HS 578T;BR:MCF7;BR:MDA-MB-231;BR:T-47D,0.378230901780586,FALSE,FALSE,not_patient_scored
actinomycin d,mitotane,actinomycin d + mitotane,28,24.2,42,5,1,5,BR:BT-549;BR:HS 578T;BR:MCF7;BR:MDA-MB-231;BR:T-47D,0.91738464484013,FALSE,FALSE,not_patient_scored
chlorambucil,mitotane,chlorambucil + mitotane,-24,-27.2,6,-66,0.2,5,BR:BT-549;BR:HS 578T;BR:MCF7;BR:MDA-MB-231;BR:T-47D,0.378230901780586,FALSE,FALSE,not_patient_scored
mitotane,thiotepa,mitotane + thiotepa,-26,-30.6,-16,-54,0,5,BR:BT-549;BR:HS 578T;BR:MCF7;BR:MDA-MB-231;BR:T-47D,0.378230901780586,FALSE,FALSE,not_patient_scored
melphalan,mitotane,melphalan + mitotane,-25,-26.6,-14,-50,0,5,BR:BT-549;BR:HS 578T;BR:MCF7;BR:MDA-MB-231;BR:T-47D,0.378230901780586,FALSE,FALSE,not_patient_scored
mitotane,triethylenemelamine,mitotane + triethylenemelamine,-2,-3.6,17,-37,0.4,5,BR:BT-549;BR:HS 578T;BR:MCF7;BR:MDA-MB-231;BR:T-47D,0.378230901780586,FALSE,FALSE,not_patient_scored
altretamine,mitotane,altretamine + mitotane,-71,-77.2,-58,-113,0,5,BR:BT-549;BR:HS 578T;BR:MCF7;BR:MDA-MB-231;BR:T-47D,0.378230901780586,FALSE,FALSE,not_patient_scored
5-fluorouracil,mitotane,5-fluorouracil + mitotane,-3,-4,12,-22,0.2,5,BR:BT-549;BR:HS 578T;BR:MCF7;BR:MDA-MB-231;BR:T-47D,0.378230901780586,TRUE,FALSE,tier_B_one_drug_patient_scored
mithramycin,mitotane,mithramycin + mitotane,-3,-2.4,11,-17,0.4,5,BR:BT-549;BR:HS 578T;BR:MCF7;BR:MDA-MB-231;BR:T-47D,0.378230901780586,FALSE,FALSE,not_patient_scored
floxuridine,mitotane,floxuridine + mitotane,-43,-36.4,49,-171,0.4,5,BR:BT-549;BR:HS 578T;BR:MCF7;BR:MDA-MB-231;BR:T-47D,0.378230901780586,FALSE,FALSE,not_patient_scored
hydroxyurea,mitotane,hydroxyurea + mitotane,-146,-161.8,-83,-258,0,5,BR:BT-549;BR:HS 578T;BR:MCF7;BR:MDA-MB-231;BR:T-47D,0.378230901780586,FALSE,FALSE,not_patient_scored
mitotane,uracil mustard,mitotane + uracil mustard,-31,-28,-5,-50,0,5,BR:BT-549;BR:HS 578T;BR:MCF7;BR:MDA-MB-231;BR:T-47D,0.378230901780586,FALSE,FALSE,not_patient_scored
dacarbazine,mitotane,dacarbazine + mitotane,-33,-32.8,-10,-47,0,5,BR:BT-549;BR:HS 578T;BR:MCF7;BR:MDA-MB-231;BR:T-47D,0.378230901780586,FALSE,FALSE,not_patient_scored
mitotane,vinblastine,mitotane + vinblastine,-54,-46.6,8,-105,0.2,5,BR:BT-549;BR:HS 578T;BR:MCF7;BR:MDA-MB-231;BR:T-47D,0.378230901780586,FALSE,FALSE,not_patient_scored
cytarabine,mitotane,cytarabine + mitotane,-13,-23.8,16,-76,0.4,5,BR:BT-549;BR:HS 578T;BR:MCF7;BR:MDA-MB-231;BR:T-47D,0.378230901780586,FALSE,FALSE,not_patient_scored
mitotane,vincristine,mitotane + vincristine,-30,-37.3333333333333,34,-116,0.333333333333333,3,BR:MCF7;BR:MDA-MB-231;BR:T-47D,0.378230901780586,FALSE,FALSE,not_patient_scored
megestrol acetate,mitotane,megestrol acetate + mitotane,-65,-73.2,-1,-142,0,5,BR:BT-549;BR:HS 578T;BR:MCF7;BR:MDA-MB-231;BR:T-47D,0.378230901780586,FALSE,FALSE,not_patient_scored
lomustine,mitotane,lomustine + mitotane,-25,-22.6,4,-42,0.2,5,BR:BT-549;BR:HS 578T;BR:MCF7;BR:MDA-MB-231;BR:T-47D,0.378230901780586,FALSE,FALSE,not_patient_scored
daunorubicin,mitotane,daunorubicin + mitotane,23,8.8,33,-28,0.6,5,BR:BT-549;BR:HS 578T;BR:MCF7;BR:MDA-MB-231;BR:T-47D,0.901014742485162,FALSE,FALSE,not_patient_scored
azacitidine,mitotane,azacitidine + mitotane,1,-26.8,15,-100,0.6,5,BR:BT-549;BR:HS 578T;BR:MCF7;BR:MDA-MB-231;BR:T-47D,0.759908098793797,FALSE,FALSE,not_patient_scored
cladribine,mitotane,cladribine + mitotane,-41,-43,3,-89,0.2,5,BR:BT-549;BR:HS 578T;BR:MCF7;BR:MDA-MB-231;BR:T-47D,0.378230901780586,FALSE,FALSE,not_patient_scored
fludarabine,mitotane,fludarabine + mitotane,-50,-45,-21,-68,0,5,BR:BT-549;BR:HS 578T;BR:MCF7;BR:MDA-MB-231;BR:T-47D,0.378230901780586,FALSE,FALSE,not_patient_scored
isotretinoin,mitotane,isotretinoin + mitotane,15,18,80,-26,0.8,5,BR:BT-549;BR:HS 578T;BR:MCF7;BR:MDA-MB-231;BR:T-47D,0.864541451273215,FALSE,FALSE,not_patient_scored
mitotane,teniposide,mitotane + teniposide,-23,-11.2,31,-28,0.2,5,BR:BT-549;BR:HS 578T;BR:MCF7;BR:MDA-MB-231;BR:T-47D,0.378230901780586,FALSE,FALSE,not_patient_scored
doxorubicin,mitotane,doxorubicin + mitotane,-49,-65,-38,-128,0,5,BR:BT-549;BR:HS 578T;BR:MCF7;BR:MDA-MB-231;BR:T-47D,0.378230901780586,TRUE,FALSE,tier_B_one_drug_patient_scored
bleomycin,mitotane,bleomycin + mitotane,-80,-65.4,-10,-100,0,5,BR:BT-549;BR:HS 578T;BR:MCF7;BR:MDA-MB-231;BR:T-47D,0.378230901780586,FALSE,FALSE,not_patient_scored
mitotane,paclitaxel,mitotane + paclitaxel,-37,-44.8,38,-140,0.2,5,BR:BT-549;BR:HS 578T;BR:MCF7;BR:MDA-MB-231;BR:T-47D,0.378230901780586,FALSE,TRUE,tier_B_one_drug_patient_scored
etoposide,mitotane,etoposide + mitotane,-11,-17,-1,-39,0,5,BR:BT-549;BR:HS 578T;BR:MCF7;BR:MDA-MB-231;BR:T-47D,0.378230901780586,FALSE,FALSE,not_patient_scored
dexrazoxane,mitotane,dexrazoxane + mitotane,1,-10.4,12,-47,0.6,5,BR:BT-549;BR:HS 578T;BR:MCF7;BR:MDA-MB-231;BR:T-47D,0.759908098793797,FALSE,FALSE,not_patient_scored
mitotane,tamoxifen,mitotane + tamoxifen,-32,-29,18,-75,0.2,5,BR:BT-549;BR:HS 578T;BR:MCF7;BR:MDA-MB-231;BR:T-47D,0.378230901780586,FALSE,FALSE,not_patient_scored
mitotane,rapamycin,mitotane + rapamycin,-4,-11.2,22,-64,0.4,5,BR:BT-549;BR:HS 578T;BR:MCF7;BR:MDA-MB-231;BR:T-47D,0.378230901780586,FALSE,TRUE,tier_B_one_drug_patient_scored
carboplatin,mitotane,carboplatin + mitotane,-52,-48.8,-2,-115,0,5,BR:BT-549;BR:HS 578T;BR:MCF7;BR:MDA-MB-231;BR:T-47D,0.378230901780586,FALSE,FALSE,not_patient_scored
mitotane,mitoxantrone,mitotane + mitoxantrone,-11,-6.6,12,-23,0.4,5,BR:BT-549;BR:HS 578T;BR:MCF7;BR:MDA-MB-231;BR:T-47D,0.378230901780586,FALSE,FALSE,not_patient_scored
mitotane,temozolomide,mitotane + temozolomide,-31,-27,5,-75,0.2,5,BR:BT-549;BR:HS 578T;BR:MCF7;BR:MDA-MB-231;BR:T-47D,0.378230901780586,FALSE,FALSE,not_patient_scored
clofarabine,mitotane,clofarabine + mitotane,-31,-34.3333333333333,20,-98,0.111111111111111,5,BR:BT-549;BR:HS 578T;BR:MCF7;BR:MDA-MB-231;BR:T-47D,0.378230901780586,FALSE,FALSE,not_patient_scored
mitotane,vinorelbine,mitotane + vinorelbine,35,43.2,79,9,1,5,BR:BT-549;BR:HS 578T;BR:MCF7;BR:MDA-MB-231;BR:T-47D,0.936434999042696,FALSE,FALSE,not_patient_scored
docetaxel,mitotane,docetaxel + mitotane,-25,-18,60,-73,0.4,5,BR:BT-549;BR:HS 578T;BR:MCF7;BR:MDA-MB-231;BR:T-47D,0.378230901780586,TRUE,FALSE,tier_B_one_drug_patient_scored
7 ethyl 10 hydroxycamptothecin,mitotane,7 ethyl 10 hydroxycamptothecin + mitotane,-20,-21.6,-7,-35,0,5,BR:BT-549;BR:HS 578T;BR:MCF7;BR:MDA-MB-231;BR:T-47D,0.378230901780586,FALSE,FALSE,not_patient_scored
mitotane,nelarabine,mitotane + nelarabine,-46,-35.2,80,-87,0.1,5,BR:BT-549;BR:HS 578T;BR:MCF7;BR:MDA-MB-231;BR:T-47D,0.378230901780586,FALSE,FALSE,not_patient_scored
mitotane,pemetrexed,mitotane + pemetrexed,-3,5.2,34,-5,0.4,5,BR:BT-549;BR:HS 578T;BR:MCF7;BR:MDA-MB-231;BR:T-47D,0.378230901780586,FALSE,FALSE,not_patient_scored
mitotane,vorinostat,mitotane + vorinostat,-42,-46.6,-3,-107,0,5,BR:BT-549;BR:HS 578T;BR:MCF7;BR:MDA-MB-231;BR:T-47D,0.378230901780586,FALSE,FALSE,not_patient_scored
capecitabine,mitotane,capecitabine + mitotane,-67,-12.6666666666667,141,-95,0.333333333333333,5,BR:BT-549;BR:HS 578T;BR:MCF7;BR:MDA-MB-231;BR:T-47D,0.378230901780586,FALSE,FALSE,not_patient_scored
exemestane,mitotane,exemestane + mitotane,5,4.6,23,-17,0.8,5,BR:BT-549;BR:HS 578T;BR:MCF7;BR:MDA-MB-231;BR:T-47D,0.793030825196247,FALSE,FALSE,not_patient_scored
gefitinib,mitotane,gefitinib + mitotane,26,14.8,47,-20,0.6,5,BR:BT-549;BR:HS 578T;BR:MCF7;BR:MDA-MB-231;BR:T-47D,0.911640819452422,FALSE,FALSE,not_patient_scored
letrozole,mitotane,letrozole + mitotane,-40,-37.4,-7,-63,0,5,BR:BT-549;BR:HS 578T;BR:MCF7;BR:MDA-MB-231;BR:T-47D,0.378230901780586,FALSE,FALSE,not_patient_scored
celecoxib,mitotane,celecoxib + mitotane,-59,-50,8,-93,0.2,5,BR:BT-549;BR:HS 578T;BR:MCF7;BR:MDA-MB-231;BR:T-47D,0.378230901780586,FALSE,FALSE,not_patient_scored
dasatinib,mitotane,dasatinib + mitotane,-44,-28.6,19,-67,0.2,5,BR:BT-549;BR:HS 578T;BR:MCF7;BR:MDA-MB-231;BR:T-47D,0.378230901780586,FALSE,FALSE,not_patient_scored
everolimus,mitotane,everolimus + mitotane,94,76.2,161,-71,0.8,5,BR:BT-549;BR:HS 578T;BR:MCF7;BR:MDA-MB-231;BR:T-47D,0.988225157955198,FALSE,FALSE,not_patient_scored
mitotane,pazopanib,mitotane + pazopanib,64,58.4,96,1,1,5,BR:BT-549;BR:HS 578T;BR:MCF7;BR:MDA-MB-231;BR:T-47D,0.975780202948497,FALSE,FALSE,not_patient_scored
imatinib,mitotane,imatinib + mitotane,-71,-64.6,-9,-126,0,5,BR:BT-549;BR:HS 578T;BR:MCF7;BR:MDA-MB-231;BR:T-47D,0.378230901780586,FALSE,FALSE,not_patient_scored
lapatinib,mitotane,lapatinib + mitotane,-22,-21.4,-4,-37,0,5,BR:BT-549;BR:HS 578T;BR:MCF7;BR:MDA-MB-231;BR:T-47D,0.378230901780586,TRUE,FALSE,tier_B_one_drug_patient_scored
mitotane,nilotinib,mitotane + nilotinib,-42.5,-52.8,23,-147,0.1,5,BR:BT-549;BR:HS 578T;BR:MCF7;BR:MDA-MB-231;BR:T-47D,0.378230901780586,FALSE,FALSE,not_patient_scored
mitotane,sorafenib,mitotane + sorafenib,40,22.4,63,-56,0.8,5,BR:BT-549;BR:HS 578T;BR:MCF7;BR:MDA-MB-231;BR:T-47D,0.945529389239901,FALSE,FALSE,not_patient_scored
lenalidomide,mitotane,lenalidomide + mitotane,9,13.6,39,-27,0.8,5,BR:BT-549;BR:HS 578T;BR:MCF7;BR:MDA-MB-231;BR:T-47D,0.827685238368754,FALSE,FALSE,not_patient_scored
mitotane,raloxifene,mitotane + raloxifene,2,-2.8,10,-21,0.6,5,BR:BT-549;BR:HS 578T;BR:MCF7;BR:MDA-MB-231;BR:T-47D,0.768140915182845,FALSE,FALSE,not_patient_scored
abiraterone,mitotane,abiraterone + mitotane,22,10,61,-36,0.6,5,BR:BT-549;BR:HS 578T;BR:MCF7;BR:MDA-MB-231;BR:T-47D,0.896802603867509,FALSE,FALSE,not_patient_scored
mitotane,sunitinib,mitotane + sunitinib,-41,-31.6,12,-51,0.2,5,BR:BT-549;BR:HS 578T;BR:MCF7;BR:MDA-MB-231;BR:T-47D,0.378230901780586,FALSE,FALSE,not_patient_scored
mitotane,vemurafenib,mitotane + vemurafenib,-4,-4.6,23,-26,0.2,5,BR:BT-549;BR:HS 578T;BR:MCF7;BR:MDA-MB-231;BR:T-47D,0.378230901780586,FALSE,FALSE,not_patient_scored
depsipeptide,mitotane,depsipeptide + mitotane,5,-29.6,13,-90,0.6,5,BR:BT-549;BR:HS 578T;BR:MCF7;BR:MDA-MB-231;BR:T-47D,0.793030825196247,FALSE,FALSE,not_patient_scored
mitotane,vismodegib,mitotane + vismodegib,46,44.8,91,-26,0.8,5,BR:BT-549;BR:HS 578T;BR:MCF7;BR:MDA-MB-231;BR:T-47D,0.955102431552747,FALSE,FALSE,not_patient_scored
crizotinib,mitotane,crizotinib + mitotane,22,28.2,88,-18,0.8,5,BR:BT-549;BR:HS 578T;BR:MCF7;BR:MDA-MB-231;BR:T-47D,0.896802603867509,FALSE,FALSE,not_patient_scored
axitinib,mitotane,axitinib + mitotane,41,7.2,50,-100,0.6,5,BR:BT-549;BR:HS 578T;BR:MCF7;BR:MDA-MB-231;BR:T-47D,0.947635458548727,FALSE,FALSE,not_patient_scored
mitotane,vandetanib,mitotane + vandetanib,8,5.2,38,-32,0.6,5,BR:BT-549;BR:HS 578T;BR:MCF7;BR:MDA-MB-231;BR:T-47D,0.818973769864063,FALSE,FALSE,not_patient_scored
cabazitaxel,mitotane,cabazitaxel + mitotane,60,43.2,108,-27,0.6,5,BR:BT-549;BR:HS 578T;BR:MCF7;BR:MDA-MB-231;BR:T-47D,0.973004020677771,FALSE,FALSE,not_patient_scored
mitotane,ruxolitinib,mitotane + ruxolitinib,-24,-20.6,6,-36,0.2,5,BR:BT-549;BR:HS 578T;BR:MCF7;BR:MDA-MB-231;BR:T-47D,0.378230901780586,FALSE,FALSE,not_patient_scored
dacarbazine,triethylenemelamine,dacarbazine + triethylenemelamine,-16,-15,5,-38,0.2,5,BR:BT-549;BR:HS 578T;BR:MCF7;BR:MDA-MB-231;BR:T-47D,0.378230901780586,FALSE,FALSE,not_patient_scored
dacarbazine,megestrol acetate,dacarbazine + megestrol acetate,-29,-35.8,4,-83,0.4,5,BR:BT-549;BR:HS 578T;BR:MCF7;BR:MDA-MB-231;BR:T-47D,0.378230901780586,FALSE,FALSE,not_patient_scored
dacarbazine,lomustine,dacarbazine + lomustine,-58,-52.6,-31,-66,0,5,BR:BT-549;BR:HS 578T;BR:MCF7;BR:MDA-MB-231;BR:T-47D,0.378230901780586,FALSE,FALSE,not_patient_scored
dacarbazine,daunorubicin,dacarbazine + daunorubicin,-56,-45.8,-18,-60,0,5,BR:BT-549;BR:HS 578T;BR:MCF7;BR:MDA-MB-231;BR:T-47D,0.378230901780586,FALSE,FALSE,not_patient_scored
dacarbazine,teniposide,dacarbazine + teniposide,-23,-13.4,38,-36,0.2,5,BR:BT-549;BR:HS 578T;BR:MCF7;BR:MDA-MB-231;BR:T-47D,0.378230901780586,FALSE,FALSE,not_patient_scored
dacarbazine,doxorubicin,dacarbazine + doxorubicin,-32,-25.4,24,-64,0.2,5,BR:BT-549;BR:HS 578T;BR:MCF7;BR:MDA-MB-231;BR:T-47D,0.378230901780586,FALSE,TRUE,tier_B_one_drug_patient_scored
dacarbazine,etoposide,dacarbazine + etoposide,10,-2.6,24,-66,0.8,5,BR:BT-549;BR:HS 578T;BR:MCF7;BR:MDA-MB-231;BR:T-47D,0.835343672219031,FALSE,FALSE,not_patient_scored
dacarbazine,dexrazoxane,dacarbazine + dexrazoxane,-23,-24.8,-5,-43,0,5,BR:BT-549;BR:HS 578T;BR:MCF7;BR:MDA-MB-231;BR:T-47D,0.378230901780586,FALSE,FALSE,not_patient_scored
dacarbazine,mitoxantrone,dacarbazine + mitoxantrone,-20,-18,-5,-27,0,5,BR:BT-549;BR:HS 578T;BR:MCF7;BR:MDA-MB-231;BR:T-47D,0.378230901780586,FALSE,FALSE,not_patient_scored
dacarbazine,vinorelbine,dacarbazine + vinorelbine,-51,-51.8,-11,-80,0,5,BR:BT-549;BR:HS 578T;BR:MCF7;BR:MDA-MB-231;BR:T-47D,0.378230901780586,FALSE,FALSE,not_patient_scored
dacarbazine,pemetrexed,dacarbazine + pemetrexed,-33,-32.6,13,-75,0.2,5,BR:BT-549;BR:HS 578T;BR:MCF7;BR:MDA-MB-231;BR:T-47D,0.378230901780586,FALSE,FALSE,not_patient_scored
dacarbazine,exemestane,dacarbazine + exemestane,-28,-39.2,-11,-77,0,5,BR:BT-549;BR:HS 578T;BR:MCF7;BR:MDA-MB-231;BR:T-47D,0.378230901780586,FALSE,FALSE,not_patient_scored
dacarbazine,gefitinib,dacarbazine + gefitinib,-41,-29.6,2,-55,0.2,5,BR:BT-549;BR:HS 578T;BR:MCF7;BR:MDA-MB-231;BR:T-47D,0.378230901780586,FALSE,FALSE,not_patient_scored
dacarbazine,pazopanib,dacarbazine + pazopanib,-31,-27.8,0,-50,0,5,BR:BT-549;BR:HS 578T;BR:MCF7;BR:MDA-MB-231;BR:T-47D,0.378230901780586,FALSE,FALSE,not_patient_scored
dacarbazine,lenalidomide,dacarbazine + lenalidomide,-41,-43.4,-38,-50,0,5,BR:BT-549;BR:HS 578T;BR:MCF7;BR:MDA-MB-231;BR:T-47D,0.378230901780586,FALSE,FALSE,not_patient_scored
dacarbazine,raloxifene,dacarbazine + raloxifene,-47,-47.6,-30,-67,0,5,BR:BT-549;BR:HS 578T;BR:MCF7;BR:MDA-MB-231;BR:T-47D,0.378230901780586,FALSE,FALSE,not_patient_scored
abiraterone,dacarbazine,abiraterone + dacarbazine,-53,-41.6,-14,-61,0,5,BR:BT-549;BR:HS 578T;BR:MCF7;BR:MDA-MB-231;BR:T-47D,0.378230901780586,FALSE,FALSE,not_patient_scored
dacarbazine,vemurafenib,dacarbazine + vemurafenib,-51,-38.6,36,-102,0.1,5,BR:BT-549;BR:HS 578T;BR:MCF7;BR:MDA-MB-231;BR:T-47D,0.378230901780586,FALSE,FALSE,not_patient_scored
dacarbazine,vismodegib,dacarbazine + vismodegib,-10,-17.6,-4,-45,0,5,BR:BT-549;BR:HS 578T;BR:MCF7;BR:MDA-MB-231;BR:T-47D,0.378230901780586,FALSE,FALSE,not_patient_scored
crizotinib,dacarbazine,crizotinib + dacarbazine,-42.5,-47.8,-11,-117,0,5,BR:BT-549;BR:HS 578T;BR:MCF7;BR:MDA-MB-231;BR:T-47D,0.378230901780586,FALSE,FALSE,not_patient_scored
axitinib,dacarbazine,axitinib + dacarbazine,-31,-42.8,-13,-96,0,5,BR:BT-549;BR:HS 578T;BR:MCF7;BR:MDA-MB-231;BR:T-47D,0.378230901780586,FALSE,FALSE,not_patient_scored
dacarbazine,vandetanib,dacarbazine + vandetanib,-26,-33,1,-58,0.2,5,BR:BT-549;BR:HS 578T;BR:MCF7;BR:MDA-MB-231;BR:T-47D,0.378230901780586,FALSE,FALSE,not_patient_scored
cabazitaxel,dacarbazine,cabazitaxel + dacarbazine,-33,-27.2,19,-53,0.2,5,BR:BT-549;BR:HS 578T;BR:MCF7;BR:MDA-MB-231;BR:T-47D,0.378230901780586,FALSE,FALSE,not_patient_scored
dacarbazine,ruxolitinib,dacarbazine + ruxolitinib,-50,-63.6,-37,-114,0,5,BR:BT-549;BR:HS 578T;BR:MCF7;BR:MDA-MB-231;BR:T-47D,0.378230901780586,FALSE,FALSE,not_patient_scored
methotrexate,methoxsalen,methotrexate + methoxsalen,-46,-46.4,1,-114,0.2,5,BR:BT-549;BR:HS 578T;BR:MCF7;BR:MDA-MB-231;BR:T-47D,0.378230901780586,FALSE,FALSE,not_patient_scored
busulfan,methoxsalen,busulfan + methoxsalen,-93,-67.8,-5,-124,0,5,BR:BT-549;BR:HS 578T;BR:MCF7;BR:MDA-MB-231;BR:T-47D,0.378230901780586,FALSE,FALSE,not_patient_scored
6 thioguanine,methoxsalen,6 thioguanine + methoxsalen,-34,-36.4,-27,-56,0,5,BR:BT-549;BR:HS 578T;BR:MCF7;BR:MDA-MB-231;BR:T-47D,0.378230901780586,FALSE,FALSE,not_patient_scored
6 mercaptopurine,methoxsalen,6 mercaptopurine + methoxsalen,-35,-30.4,-17,-43,0,5,BR:BT-549;BR:HS 578T;BR:MCF7;BR:MDA-MB-231;BR:T-47D,0.378230901780586,FALSE,FALSE,not_patient_scored
methoxsalen,nitrogen mustard,methoxsalen + nitrogen mustard,-47,-38.8,2,-63,0.2,5,BR:BT-549;BR:HS 578T;BR:MCF7;BR:MDA-MB-231;BR:T-47D,0.378230901780586,FALSE,FALSE,not_patient_scored
allopurinol,methoxsalen,allopurinol + methoxsalen,-49,-54.4,-5,-137,0,5,BR:BT-549;BR:HS 578T;BR:MCF7;BR:MDA-MB-231;BR:T-47D,0.378230901780586,FALSE,FALSE,not_patient_scored
actinomycin d,methoxsalen,actinomycin d + methoxsalen,-51,-94.2,-37,-237,0,5,BR:BT-549;BR:HS 578T;BR:MCF7;BR:MDA-MB-231;BR:T-47D,0.378230901780586,FALSE,FALSE,not_patient_scored
chlorambucil,methoxsalen,chlorambucil + methoxsalen,-59,-57,-24,-85,0,5,BR:BT-549;BR:HS 578T;BR:MCF7;BR:MDA-MB-231;BR:T-47D,0.378230901780586,FALSE,FALSE,not_patient_scored
methoxsalen,thiotepa,methoxsalen + thiotepa,-9,-20.4,-7,-53,0,5,BR:BT-549;BR:HS 578T;BR:MCF7;BR:MDA-MB-231;BR:T-47D,0.378230901780586,FALSE,FALSE,not_patient_scored
melphalan,methoxsalen,melphalan + methoxsalen,-44,-39.6,11,-82,0.2,5,BR:BT-549;BR:HS 578T;BR:MCF7;BR:MDA-MB-231;BR:T-47D,0.378230901780586,FALSE,FALSE,not_patient_scored
methoxsalen,triethylenemelamine,methoxsalen + triethylenemelamine,5,10.8,60,-32,0.6,5,BR:BT-549;BR:HS 578T;BR:MCF7;BR:MDA-MB-231;BR:T-47D,0.793030825196247,FALSE,FALSE,not_patient_scored
altretamine,methoxsalen,altretamine + methoxsalen,-100,-88.4,-43,-113,0,5,BR:BT-549;BR:HS 578T;BR:MCF7;BR:MDA-MB-231;BR:T-47D,0.378230901780586,FALSE,FALSE,not_patient_scored
acrichine,methoxsalen,acrichine + methoxsalen,27,63.4,217,-6,0.8,5,BR:BT-549;BR:HS 578T;BR:MCF7;BR:MDA-MB-231;BR:T-47D,0.914225540876891,FALSE,FALSE,not_patient_scored
aminolevulinic acid,methoxsalen,aminolevulinic acid + methoxsalen,-63,-57.6,7,-130,0.2,5,BR:BT-549;BR:HS 578T;BR:MCF7;BR:MDA-MB-231;BR:T-47D,0.378230901780586,FALSE,FALSE,not_patient_scored
5-fluorouracil,methoxsalen,5-fluorouracil + methoxsalen,-2,-3,17,-28,0.4,5,BR:BT-549;BR:HS 578T;BR:MCF7;BR:MDA-MB-231;BR:T-47D,0.378230901780586,TRUE,FALSE,tier_B_one_drug_patient_scored
methoxsalen,mithramycin,methoxsalen + mithramycin,-23,-10.4,26,-34,0.4,5,BR:BT-549;BR:HS 578T;BR:MCF7;BR:MDA-MB-231;BR:T-47D,0.378230901780586,FALSE,FALSE,not_patient_scored
methoxsalen,pipobroman,methoxsalen + pipobroman,-57,-67.6,18,-165,0.4,5,BR:BT-549;BR:HS 578T;BR:MCF7;BR:MDA-MB-231;BR:T-47D,0.378230901780586,FALSE,FALSE,not_patient_scored
methoxsalen,mitomycin,methoxsalen + mitomycin,-28,-23.6,-4,-33,0,5,BR:BT-549;BR:HS 578T;BR:MCF7;BR:MDA-MB-231;BR:T-47D,0.378230901780586,FALSE,FALSE,not_patient_scored
floxuridine,methoxsalen,floxuridine + methoxsalen,-18,-13.4,17,-46,0.4,5,BR:BT-549;BR:HS 578T;BR:MCF7;BR:MDA-MB-231;BR:T-47D,0.378230901780586,FALSE,FALSE,not_patient_scored
hydroxyurea,methoxsalen,hydroxyurea + methoxsalen,-51,-55.4,-19,-105,0,5,BR:BT-549;BR:HS 578T;BR:MCF7;BR:MDA-MB-231;BR:T-47D,0.378230901780586,FALSE,FALSE,not_patient_scored
methoxsalen,uracil mustard,methoxsalen + uracil mustard,-44,-52.6,-38,-77,0,5,BR:BT-549;BR:HS 578T;BR:MCF7;BR:MDA-MB-231;BR:T-47D,0.378230901780586,FALSE,FALSE,not_patient_scored
methoxsalen,mitotane,methoxsalen + mitotane,-40,-33.8,-15,-46,0,5,BR:BT-549;BR:HS 578T;BR:MCF7;BR:MDA-MB-231;BR:T-47D,0.378230901780586,FALSE,FALSE,not_patient_scored
dacarbazine,methoxsalen,dacarbazine + methoxsalen,-41,-39.4,-12,-57,0,5,BR:BT-549;BR:HS 578T;BR:MCF7;BR:MDA-MB-231;BR:T-47D,0.378230901780586,FALSE,FALSE,not_patient_scored
methoxsalen,vinblastine,methoxsalen + vinblastine,-63.5,-58.25,-36,-70,0,4,BR:BT-549;BR:MCF7;BR:MDA-MB-231;BR:T-47D,0.378230901780586,FALSE,FALSE,not_patient_scored
cytarabine,methoxsalen,cytarabine + methoxsalen,-12,-21.2,7,-76,0.2,5,BR:BT-549;BR:HS 578T;BR:MCF7;BR:MDA-MB-231;BR:T-47D,0.378230901780586,FALSE,FALSE,not_patient_scored
methoxsalen,thalidomide,methoxsalen + thalidomide,-20,-24.4,13,-70,0.2,5,BR:BT-549;BR:HS 578T;BR:MCF7;BR:MDA-MB-231;BR:T-47D,0.378230901780586,FALSE,FALSE,not_patient_scored
methoxsalen,vincristine,methoxsalen + vincristine,-96.5,-109,-57,-186,0,4,BR:BT-549;BR:MCF7;BR:MDA-MB-231;BR:T-47D,0.378230901780586,FALSE,FALSE,not_patient_scored
megestrol acetate,methoxsalen,megestrol acetate + methoxsalen,-109,-97.8,-20,-180,0,5,BR:BT-549;BR:HS 578T;BR:MCF7;BR:MDA-MB-231;BR:T-47D,0.378230901780586,FALSE,FALSE,not_patient_scored
methoxsalen,procarbazine,methoxsalen + procarbazine,-43,-31.8,-5,-51,0,5,BR:BT-549;BR:HS 578T;BR:MCF7;BR:MDA-MB-231;BR:T-47D,0.378230901780586,FALSE,FALSE,not_patient_scored
lomustine,methoxsalen,lomustine + methoxsalen,-23,-27.8,-10,-51,0,5,BR:BT-549;BR:HS 578T;BR:MCF7;BR:MDA-MB-231;BR:T-47D,0.378230901780586,FALSE,FALSE,not_patient_scored
daunorubicin,methoxsalen,daunorubicin + methoxsalen,-29,-30.8,-8,-50,0,5,BR:BT-549;BR:HS 578T;BR:MCF7;BR:MDA-MB-231;BR:T-47D,0.378230901780586,FALSE,FALSE,not_patient_scored
methoxsalen,streptozocin,methoxsalen + streptozocin,-30,-25.4,-2,-45,0,5,BR:BT-549;BR:HS 578T;BR:MCF7;BR:MDA-MB-231;BR:T-47D,0.378230901780586,FALSE,FALSE,not_patient_scored
azacitidine,methoxsalen,azacitidine + methoxsalen,-7,-6.4,15,-30,0.4,5,BR:BT-549;BR:HS 578T;BR:MCF7;BR:MDA-MB-231;BR:T-47D,0.378230901780586,FALSE,FALSE,not_patient_scored
cladribine,methoxsalen,cladribine + methoxsalen,-48,-49,-33,-71,0,5,BR:BT-549;BR:HS 578T;BR:MCF7;BR:MDA-MB-231;BR:T-47D,0.378230901780586,FALSE,FALSE,not_patient_scored
fludarabine,methoxsalen,fludarabine + methoxsalen,-29,-35.4,-18,-70,0,5,BR:BT-549;BR:HS 578T;BR:MCF7;BR:MDA-MB-231;BR:T-47D,0.378230901780586,FALSE,FALSE,not_patient_scored
isotretinoin,methoxsalen,isotretinoin + methoxsalen,-26,-37.6,37,-99,0.2,5,BR:BT-549;BR:HS 578T;BR:MCF7;BR:MDA-MB-231;BR:T-47D,0.378230901780586,FALSE,FALSE,not_patient_scored
methoxsalen,teniposide,methoxsalen + teniposide,-8,1.4,29,-14,0.4,5,BR:BT-549;BR:HS 578T;BR:MCF7;BR:MDA-MB-231;BR:T-47D,0.378230901780586,FALSE,FALSE,not_patient_scored
doxorubicin,methoxsalen,doxorubicin + methoxsalen,-22,-35.4,28,-96,0.2,5,BR:BT-549;BR:HS 578T;BR:MCF7;BR:MDA-MB-231;BR:T-47D,0.378230901780586,TRUE,FALSE,tier_B_one_drug_patient_scored
bleomycin,methoxsalen,bleomycin + methoxsalen,6,13,69,-37,0.6,5,BR:BT-549;BR:HS 578T;BR:MCF7;BR:MDA-MB-231;BR:T-47D,0.802508137085966,FALSE,FALSE,not_patient_scored
methoxsalen,paclitaxel,methoxsalen + paclitaxel,-67,-52.4,-23,-75,0,5,BR:BT-549;BR:HS 578T;BR:MCF7;BR:MDA-MB-231;BR:T-47D,0.378230901780586,FALSE,TRUE,tier_B_one_drug_patient_scored
bendamustine,methoxsalen,bendamustine + methoxsalen,-39,-49.2,-13,-104,0,5,BR:BT-549;BR:HS 578T;BR:MCF7;BR:MDA-MB-231;BR:T-47D,0.378230901780586,FALSE,FALSE,not_patient_scored
etoposide,methoxsalen,etoposide + methoxsalen,-20,-19.2,10,-37,0.2,5,BR:BT-549;BR:HS 578T;BR:MCF7;BR:MDA-MB-231;BR:T-47D,0.378230901780586,FALSE,FALSE,not_patient_scored
dexrazoxane,methoxsalen,dexrazoxane + methoxsalen,-6,-15.2,9,-39,0.2,5,BR:BT-549;BR:HS 578T;BR:MCF7;BR:MDA-MB-231;BR:T-47D,0.378230901780586,FALSE,FALSE,not_patient_scored
methoxsalen,tamoxifen,methoxsalen + tamoxifen,-14,-25.4,2,-61,0.2,5,BR:BT-549;BR:HS 578T;BR:MCF7;BR:MDA-MB-231;BR:T-47D,0.378230901780586,FALSE,FALSE,not_patient_scored
methoxsalen,rapamycin,methoxsalen + rapamycin,-34,-17.6,22,-48,0.4,5,BR:BT-549;BR:HS 578T;BR:MCF7;BR:MDA-MB-231;BR:T-47D,0.378230901780586,FALSE,TRUE,tier_B_one_drug_patient_scored
carboplatin,methoxsalen,carboplatin + methoxsalen,-28,-15.8,63,-65,0.4,5,BR:BT-549;BR:HS 578T;BR:MCF7;BR:MDA-MB-231;BR:T-47D,0.378230901780586,FALSE,FALSE,not_patient_scored
methoxsalen,valrubicin,methoxsalen + valrubicin,34.5,11,71,-96,0.75,4,BR:BT-549;BR:HS 578T;BR:MCF7;BR:MDA-MB-231,0.935477694811411,FALSE,FALSE,not_patient_scored
methoxsalen,mitoxantrone,methoxsalen + mitoxantrone,-1,-5.6,11,-26,0.4,5,BR:BT-549;BR:HS 578T;BR:MCF7;BR:MDA-MB-231;BR:T-47D,0.378230901780586,FALSE,FALSE,not_patient_scored
methoxsalen,temozolomide,methoxsalen + temozolomide,-19,-17.4,-5,-28,0,5,BR:BT-549;BR:HS 578T;BR:MCF7;BR:MDA-MB-231;BR:T-47D,0.378230901780586,FALSE,FALSE,not_patient_scored
clofarabine,methoxsalen,clofarabine + methoxsalen,-32,-35.2,-8,-67,0,5,BR:BT-549;BR:HS 578T;BR:MCF7;BR:MDA-MB-231;BR:T-47D,0.378230901780586,FALSE,FALSE,not_patient_scored
methoxsalen,vinorelbine,methoxsalen + vinorelbine,1,15.2,70,-6,0.8,5,BR:BT-549;BR:HS 578T;BR:MCF7;BR:MDA-MB-231;BR:T-47D,0.759908098793797,FALSE,FALSE,not_patient_scored
gemcitabine,methoxsalen,gemcitabine + methoxsalen,-27,-31.4,-19,-47,0,5,BR:BT-549;BR:HS 578T;BR:MCF7;BR:MDA-MB-231;BR:T-47D,0.378230901780586,TRUE,FALSE,tier_B_one_drug_patient_scored
docetaxel,methoxsalen,docetaxel + methoxsalen,-162.5,-176.5,-99,-282,0,4,BR:BT-549;BR:MCF7;BR:MDA-MB-231;BR:T-47D,0.378230901780586,TRUE,FALSE,tier_B_one_drug_patient_scored
7 ethyl 10 hydroxycamptothecin,methoxsalen,7 ethyl 10 hydroxycamptothecin + methoxsalen,-24,-19.4,23,-41,0.2,5,BR:BT-549;BR:HS 578T;BR:MCF7;BR:MDA-MB-231;BR:T-47D,0.378230901780586,FALSE,FALSE,not_patient_scored
methoxsalen,nelarabine,methoxsalen + nelarabine,-109,-100.8,-49,-173,0,5,BR:BT-549;BR:HS 578T;BR:MCF7;BR:MDA-MB-231;BR:T-47D,0.378230901780586,FALSE,FALSE,not_patient_scored
methoxsalen,pemetrexed,methoxsalen + pemetrexed,17,7.4,28,-17,0.6,5,BR:BT-549;BR:HS 578T;BR:MCF7;BR:MDA-MB-231;BR:T-47D,0.874114493586062,FALSE,FALSE,not_patient_scored
methoxsalen,vorinostat,methoxsalen + vorinostat,-99,-78.4,12,-126,0.2,5,BR:BT-549;BR:HS 578T;BR:MCF7;BR:MDA-MB-231;BR:T-47D,0.378230901780586,FALSE,FALSE,not_patient_scored
capecitabine,methoxsalen,capecitabine + methoxsalen,-63,-67.8,-21,-149,0,5,BR:BT-549;BR:HS 578T;BR:MCF7;BR:MDA-MB-231;BR:T-47D,0.378230901780586,FALSE,FALSE,not_patient_scored
exemestane,methoxsalen,exemestane + methoxsalen,-11,-0.6,37,-19,0.4,5,BR:BT-549;BR:HS 578T;BR:MCF7;BR:MDA-MB-231;BR:T-47D,0.378230901780586,FALSE,FALSE,not_patient_scored
gefitinib,methoxsalen,gefitinib + methoxsalen,11,12.4,34,-7,0.6,5,BR:BT-549;BR:HS 578T;BR:MCF7;BR:MDA-MB-231;BR:T-47D,0.841853340991767,FALSE,FALSE,not_patient_scored
fulvestrant,methoxsalen,fulvestrant + methoxsalen,-31,-29.4,10,-91,0.4,5,BR:BT-549;BR:HS 578T;BR:MCF7;BR:MDA-MB-231;BR:T-47D,0.378230901780586,FALSE,FALSE,not_patient_scored
anastrozole,methoxsalen,anastrozole + methoxsalen,-69,-69.2,-22,-155,0,5,BR:BT-549;BR:HS 578T;BR:MCF7;BR:MDA-MB-231;BR:T-47D,0.378230901780586,FALSE,FALSE,not_patient_scored
letrozole,methoxsalen,letrozole + methoxsalen,-61,-68,-32,-122,0,5,BR:BT-549;BR:HS 578T;BR:MCF7;BR:MDA-MB-231;BR:T-47D,0.378230901780586,FALSE,FALSE,not_patient_scored
celecoxib,methoxsalen,celecoxib + methoxsalen,-78,-110.2,-36,-283,0,5,BR:BT-549;BR:HS 578T;BR:MCF7;BR:MDA-MB-231;BR:T-47D,0.378230901780586,FALSE,FALSE,not_patient_scored
methoxsalen,zoledronate,methoxsalen + zoledronate,-47,-64.4,-23,-151,0,5,BR:BT-549;BR:HS 578T;BR:MCF7;BR:MDA-MB-231;BR:T-47D,0.378230901780586,FALSE,FALSE,not_patient_scored
dasatinib,methoxsalen,dasatinib + methoxsalen,-54,-55.6,21,-138,0.2,5,BR:BT-549;BR:HS 578T;BR:MCF7;BR:MDA-MB-231;BR:T-47D,0.378230901780586,FALSE,FALSE,not_patient_scored
everolimus,methoxsalen,everolimus + methoxsalen,-34,-53.4,-18,-119,0,5,BR:BT-549;BR:HS 578T;BR:MCF7;BR:MDA-MB-231;BR:T-47D,0.378230901780586,FALSE,FALSE,not_patient_scored
methoxsalen,pazopanib,methoxsalen + pazopanib,-38,-20.6,15,-43,0.4,5,BR:BT-549;BR:HS 578T;BR:MCF7;BR:MDA-MB-231;BR:T-47D,0.378230901780586,FALSE,FALSE,not_patient_scored
imatinib,methoxsalen,imatinib + methoxsalen,-31,-73.4,-24,-183,0,5,BR:BT-549;BR:HS 578T;BR:MCF7;BR:MDA-MB-231;BR:T-47D,0.378230901780586,FALSE,FALSE,not_patient_scored
lapatinib,methoxsalen,lapatinib + methoxsalen,-34,-26.4,6,-53,0.2,5,BR:BT-549;BR:HS 578T;BR:MCF7;BR:MDA-MB-231;BR:T-47D,0.378230901780586,TRUE,FALSE,tier_B_one_drug_patient_scored
methoxsalen,nilotinib,methoxsalen + nilotinib,-93,-80.8,-34,-115,0,5,BR:BT-549;BR:HS 578T;BR:MCF7;BR:MDA-MB-231;BR:T-47D,0.378230901780586,FALSE,FALSE,not_patient_scored
methoxsalen,sorafenib,methoxsalen + sorafenib,-72,-63.4,-10,-126,0,5,BR:BT-549;BR:HS 578T;BR:MCF7;BR:MDA-MB-231;BR:T-47D,0.378230901780586,FALSE,FALSE,not_patient_scored
lenalidomide,methoxsalen,lenalidomide + methoxsalen,-5,-0.8,33,-23,0.4,5,BR:BT-549;BR:HS 578T;BR:MCF7;BR:MDA-MB-231;BR:T-47D,0.378230901780586,FALSE,FALSE,not_patient_scored
methoxsalen,raloxifene,methoxsalen + raloxifene,-51,-36.2,44,-94,0.4,5,BR:BT-549;BR:HS 578T;BR:MCF7;BR:MDA-MB-231;BR:T-47D,0.378230901780586,FALSE,FALSE,not_patient_scored
abiraterone,methoxsalen,abiraterone + methoxsalen,-21,-20.4,13,-54,0.2,5,BR:BT-549;BR:HS 578T;BR:MCF7;BR:MDA-MB-231;BR:T-47D,0.378230901780586,FALSE,FALSE,not_patient_scored
methoxsalen,sunitinib,methoxsalen + sunitinib,-104,-104.4,-47,-178,0,5,BR:BT-549;BR:HS 578T;BR:MCF7;BR:MDA-MB-231;BR:T-47D,0.378230901780586,FALSE,FALSE,not_patient_scored
methoxsalen,vemurafenib,methoxsalen + vemurafenib,-16,-33.2,-14,-74,0,5,BR:BT-549;BR:HS 578T;BR:MCF7;BR:MDA-MB-231;BR:T-47D,0.378230901780586,FALSE,FALSE,not_patient_scored
depsipeptide,methoxsalen,depsipeptide + methoxsalen,-43,-18.8,71,-94,0.4,5,BR:BT-549;BR:HS 578T;BR:MCF7;BR:MDA-MB-231;BR:T-47D,0.378230901780586,FALSE,FALSE,not_patient_scored
methoxsalen,pralatrexate,methoxsalen + pralatrexate,-119,-92.4,-9,-134,0,5,BR:BT-549;BR:HS 578T;BR:MCF7;BR:MDA-MB-231;BR:T-47D,0.378230901780586,FALSE,FALSE,not_patient_scored
methoxsalen,vismodegib,methoxsalen + vismodegib,1,0.8,24,-25,0.6,5,BR:BT-549;BR:HS 578T;BR:MCF7;BR:MDA-MB-231;BR:T-47D,0.759908098793797,FALSE,FALSE,not_patient_scored
crizotinib,methoxsalen,crizotinib + methoxsalen,-20,-25,8,-54,0.2,5,BR:BT-549;BR:HS 578T;BR:MCF7;BR:MDA-MB-231;BR:T-47D,0.378230901780586,FALSE,FALSE,not_patient_scored
axitinib,methoxsalen,axitinib + methoxsalen,8,-14,25,-108,0.6,5,BR:BT-549;BR:HS 578T;BR:MCF7;BR:MDA-MB-231;BR:T-47D,0.818973769864063,FALSE,FALSE,not_patient_scored
methoxsalen,vandetanib,methoxsalen + vandetanib,-10,-9,58,-69,0.4,5,BR:BT-549;BR:HS 578T;BR:MCF7;BR:MDA-MB-231;BR:T-47D,0.378230901780586,FALSE,FALSE,not_patient_scored
cabazitaxel,methoxsalen,cabazitaxel + methoxsalen,23,28,55,-3,0.8,5,BR:BT-549;BR:HS 578T;BR:MCF7;BR:MDA-MB-231;BR:T-47D,0.901014742485162,FALSE,FALSE,not_patient_scored
methoxsalen,ruxolitinib,methoxsalen + ruxolitinib,-20,-30.2,13,-99,0.2,5,BR:BT-549;BR:HS 578T;BR:MCF7;BR:MDA-MB-231;BR:T-47D,0.378230901780586,FALSE,FALSE,not_patient_scored
6 thioguanine,vinblastine,6 thioguanine + vinblastine,-2,-0.6,16,-23,0.4,5,BR:BT-549;BR:HS 578T;BR:MCF7;BR:MDA-MB-231;BR:T-47D,0.378230901780586,FALSE,FALSE,not_patient_scored
actinomycin d,vinblastine,actinomycin d + vinblastine,-56,-44.8,2,-87,0.2,5,BR:BT-549;BR:HS 578T;BR:MCF7;BR:MDA-MB-231;BR:T-47D,0.378230901780586,FALSE,FALSE,not_patient_scored
chlorambucil,vinblastine,chlorambucil + vinblastine,-56,-52,-41,-61,0,5,BR:BT-549;BR:HS 578T;BR:MCF7;BR:MDA-MB-231;BR:T-47D,0.378230901780586,FALSE,FALSE,not_patient_scored
thiotepa,vinblastine,thiotepa + vinblastine,-29,-28.8,-6,-69,0,5,BR:BT-549;BR:HS 578T;BR:MCF7;BR:MDA-MB-231;BR:T-47D,0.378230901780586,FALSE,FALSE,not_patient_scored
melphalan,vinblastine,melphalan + vinblastine,-56,-52,-18,-78,0,5,BR:BT-549;BR:HS 578T;BR:MCF7;BR:MDA-MB-231;BR:T-47D,0.378230901780586,FALSE,FALSE,not_patient_scored
triethylenemelamine,vinblastine,triethylenemelamine + vinblastine,10,7.4,40,-24,0.6,5,BR:BT-549;BR:HS 578T;BR:MCF7;BR:MDA-MB-231;BR:T-47D,0.835343672219031,FALSE,FALSE,not_patient_scored
altretamine,vinblastine,altretamine + vinblastine,-47,-35.8,-7,-51,0,5,BR:BT-549;BR:HS 578T;BR:MCF7;BR:MDA-MB-231;BR:T-47D,0.378230901780586,FALSE,FALSE,not_patient_scored
5-fluorouracil,vinblastine,5-fluorouracil + vinblastine,-3,-1.2,15,-12,0.4,5,BR:BT-549;BR:HS 578T;BR:MCF7;BR:MDA-MB-231;BR:T-47D,0.378230901780586,TRUE,FALSE,tier_B_one_drug_patient_scored
mithramycin,vinblastine,mithramycin + vinblastine,13,15,57,-16,0.6,5,BR:BT-549;BR:HS 578T;BR:MCF7;BR:MDA-MB-231;BR:T-47D,0.852766609228413,FALSE,FALSE,not_patient_scored
floxuridine,vinblastine,floxuridine + vinblastine,-44,-44.4,-22,-58,0,5,BR:BT-549;BR:HS 578T;BR:MCF7;BR:MDA-MB-231;BR:T-47D,0.378230901780586,FALSE,FALSE,not_patient_scored
hydroxyurea,vinblastine,hydroxyurea + vinblastine,11,2.4,44,-46,0.6,5,BR:BT-549;BR:HS 578T;BR:MCF7;BR:MDA-MB-231;BR:T-47D,0.841853340991767,FALSE,FALSE,not_patient_scored
uracil mustard,vinblastine,uracil mustard + vinblastine,-40,-33.4,16,-60,0.2,5,BR:BT-549;BR:HS 578T;BR:MCF7;BR:MDA-MB-231;BR:T-47D,0.378230901780586,FALSE,FALSE,not_patient_scored
cytarabine,vinblastine,cytarabine + vinblastine,-21,-12.8,33,-34,0.2,5,BR:BT-549;BR:HS 578T;BR:MCF7;BR:MDA-MB-231;BR:T-47D,0.378230901780586,FALSE,FALSE,not_patient_scored
vinblastine,vincristine,vinblastine + vincristine,1,-0.6,62,-55,0.6,5,BR:BT-549;BR:HS 578T;BR:MCF7;BR:MDA-MB-231;BR:T-47D,0.759908098793797,FALSE,FALSE,not_patient_scored
megestrol acetate,vinblastine,megestrol acetate + vinblastine,-15,-35.2,47,-126,0.2,5,BR:BT-549;BR:HS 578T;BR:MCF7;BR:MDA-MB-231;BR:T-47D,0.378230901780586,FALSE,FALSE,not_patient_scored
lomustine,vinblastine,lomustine + vinblastine,-65.5,-61.25,-39,-75,0,4,BR:BT-549;BR:MCF7;BR:MDA-MB-231;BR:T-47D,0.378230901780586,FALSE,FALSE,not_patient_scored
daunorubicin,vinblastine,daunorubicin + vinblastine,-21,-20.4,7,-34,0.2,5,BR:BT-549;BR:HS 578T;BR:MCF7;BR:MDA-MB-231;BR:T-47D,0.378230901780586,FALSE,FALSE,not_patient_scored
azacitidine,vinblastine,azacitidine + vinblastine,-2.5,-7.8,29,-68,0.5,5,BR:BT-549;BR:HS 578T;BR:MCF7;BR:MDA-MB-231;BR:T-47D,0.378230901780586,FALSE,FALSE,not_patient_scored
cladribine,vinblastine,cladribine + vinblastine,11,-15,56,-109,0.6,5,BR:BT-549;BR:HS 578T;BR:MCF7;BR:MDA-MB-231;BR:T-47D,0.841853340991767,FALSE,FALSE,not_patient_scored
fludarabine,vinblastine,fludarabine + vinblastine,-11,-28.6,1,-67,0.2,5,BR:BT-549;BR:HS 578T;BR:MCF7;BR:MDA-MB-231;BR:T-47D,0.378230901780586,FALSE,FALSE,not_patient_scored
isotretinoin,vinblastine,isotretinoin + vinblastine,10,19.2,94,-64,0.6,5,BR:BT-549;BR:HS 578T;BR:MCF7;BR:MDA-MB-231;BR:T-47D,0.835343672219031,FALSE,FALSE,not_patient_scored
teniposide,vinblastine,teniposide + vinblastine,-27,-22.6,15,-43,0.2,5,BR:BT-549;BR:HS 578T;BR:MCF7;BR:MDA-MB-231;BR:T-47D,0.378230901780586,FALSE,FALSE,not_patient_scored
doxorubicin,vinblastine,doxorubicin + vinblastine,-21,-28.4,-13,-63,0,5,BR:BT-549;BR:HS 578T;BR:MCF7;BR:MDA-MB-231;BR:T-47D,0.378230901780586,TRUE,FALSE,tier_B_one_drug_patient_scored
bleomycin,vinblastine,bleomycin + vinblastine,-27,-27.4,-5,-48,0,5,BR:BT-549;BR:HS 578T;BR:MCF7;BR:MDA-MB-231;BR:T-47D,0.378230901780586,FALSE,FALSE,not_patient_scored
etoposide,vinblastine,etoposide + vinblastine,-39,-24.6,31,-44,0.2,5,BR:BT-549;BR:HS 578T;BR:MCF7;BR:MDA-MB-231;BR:T-47D,0.378230901780586,FALSE,FALSE,not_patient_scored
dexrazoxane,vinblastine,dexrazoxane + vinblastine,-1,1.4,50,-40,0.4,5,BR:BT-549;BR:HS 578T;BR:MCF7;BR:MDA-MB-231;BR:T-47D,0.378230901780586,FALSE,FALSE,not_patient_scored
tamoxifen,vinblastine,tamoxifen + vinblastine,56,65.6,157,-11,0.8,5,BR:BT-549;BR:HS 578T;BR:MCF7;BR:MDA-MB-231;BR:T-47D,0.969270534175761,FALSE,FALSE,not_patient_scored
rapamycin,vinblastine,rapamycin + vinblastine,-38.5,-44.6,6,-126,0.1,5,BR:BT-549;BR:HS 578T;BR:MCF7;BR:MDA-MB-231;BR:T-47D,0.378230901780586,TRUE,FALSE,tier_B_one_drug_patient_scored
carboplatin,vinblastine,carboplatin + vinblastine,-6,-4.2,23,-40,0.4,5,BR:BT-549;BR:HS 578T;BR:MCF7;BR:MDA-MB-231;BR:T-47D,0.378230901780586,FALSE,FALSE,not_patient_scored
mitoxantrone,vinblastine,mitoxantrone + vinblastine,-31,-17.75,38,-47,0.25,4,BR:BT-549;BR:MCF7;BR:MDA-MB-231;BR:T-47D,0.378230901780586,FALSE,FALSE,not_patient_scored
temozolomide,vinblastine,temozolomide + vinblastine,-6,-20.4,8,-63,0.2,5,BR:BT-549;BR:HS 578T;BR:MCF7;BR:MDA-MB-231;BR:T-47D,0.378230901780586,FALSE,FALSE,not_patient_scored
clofarabine,vinblastine,clofarabine + vinblastine,-42.5,-40.5,21,-93,0.1,5,BR:BT-549;BR:HS 578T;BR:MCF7;BR:MDA-MB-231;BR:T-47D,0.378230901780586,FALSE,FALSE,not_patient_scored
vinblastine,vinorelbine,vinblastine + vinorelbine,2,37.2,125,-3,0.8,5,BR:BT-549;BR:HS 578T;BR:MCF7;BR:MDA-MB-231;BR:T-47D,0.768140915182845,FALSE,FALSE,not_patient_scored
gemcitabine,vinblastine,gemcitabine + vinblastine,-39,-33.6,14,-102,0.3,5,BR:BT-549;BR:HS 578T;BR:MCF7;BR:MDA-MB-231;BR:T-47D,0.378230901780586,TRUE,FALSE,tier_B_one_drug_patient_scored
7 ethyl 10 hydroxycamptothecin,vinblastine,7 ethyl 10 hydroxycamptothecin + vinblastine,0,-2,18,-31,0.5,5,BR:BT-549;BR:HS 578T;BR:MCF7;BR:MDA-MB-231;BR:T-47D,0.378230901780586,FALSE,FALSE,not_patient_scored
nelarabine,vinblastine,nelarabine + vinblastine,-17.5,-18.1,66,-81,0.4,5,BR:BT-549;BR:HS 578T;BR:MCF7;BR:MDA-MB-231;BR:T-47D,0.378230901780586,FALSE,FALSE,not_patient_scored
pemetrexed,vinblastine,pemetrexed + vinblastine,7,9.8,36,-7,0.6,5,BR:BT-549;BR:HS 578T;BR:MCF7;BR:MDA-MB-231;BR:T-47D,0.810453762205629,FALSE,FALSE,not_patient_scored
vinblastine,vorinostat,vinblastine + vorinostat,-19.5,-25.4,37,-89,0.4,5,BR:BT-549;BR:HS 578T;BR:MCF7;BR:MDA-MB-231;BR:T-47D,0.378230901780586,FALSE,FALSE,not_patient_scored
exemestane,vinblastine,exemestane + vinblastine,33,36.8,76,-7,0.8,5,BR:BT-549;BR:HS 578T;BR:MCF7;BR:MDA-MB-231;BR:T-47D,0.932701512540685,FALSE,FALSE,not_patient_scored
gefitinib,vinblastine,gefitinib + vinblastine,70,68.6,130,21,1,5,BR:BT-549;BR:HS 578T;BR:MCF7;BR:MDA-MB-231;BR:T-47D,0.979705150296764,FALSE,FALSE,not_patient_scored
letrozole,vinblastine,letrozole + vinblastine,-43,-49.2,-24,-107,0,5,BR:BT-549;BR:HS 578T;BR:MCF7;BR:MDA-MB-231;BR:T-47D,0.378230901780586,FALSE,FALSE,not_patient_scored
celecoxib,vinblastine,celecoxib + vinblastine,-48,-56.4,3,-101,0.2,5,BR:BT-549;BR:HS 578T;BR:MCF7;BR:MDA-MB-231;BR:T-47D,0.378230901780586,FALSE,FALSE,not_patient_scored
dasatinib,vinblastine,dasatinib + vinblastine,-61,-49.4,-1,-66,0,5,BR:BT-549;BR:HS 578T;BR:MCF7;BR:MDA-MB-231;BR:T-47D,0.378230901780586,FALSE,FALSE,not_patient_scored
everolimus,vinblastine,everolimus + vinblastine,-33,-37,-26,-55,0,5,BR:BT-549;BR:HS 578T;BR:MCF7;BR:MDA-MB-231;BR:T-47D,0.378230901780586,FALSE,FALSE,not_patient_scored
pazopanib,vinblastine,pazopanib + vinblastine,113,101.8,171,28,1,5,BR:BT-549;BR:HS 578T;BR:MCF7;BR:MDA-MB-231;BR:T-47D,0.993394600804135,FALSE,FALSE,not_patient_scored
imatinib,vinblastine,imatinib + vinblastine,-20,-6.8,92,-103,0.4,5,BR:BT-549;BR:HS 578T;BR:MCF7;BR:MDA-MB-231;BR:T-47D,0.378230901780586,FALSE,FALSE,not_patient_scored
lapatinib,vinblastine,lapatinib + vinblastine,10,17.8,58,-22,0.6,5,BR:BT-549;BR:HS 578T;BR:MCF7;BR:MDA-MB-231;BR:T-47D,0.835343672219031,TRUE,FALSE,tier_B_one_drug_patient_scored
nilotinib,vinblastine,nilotinib + vinblastine,-26.5,-34.7,27,-134,0.2,5,BR:BT-549;BR:HS 578T;BR:MCF7;BR:MDA-MB-231;BR:T-47D,0.378230901780586,FALSE,FALSE,not_patient_scored
sorafenib,vinblastine,sorafenib + vinblastine,10.5,14.25,79,-43,0.5,4,BR:HS 578T;BR:MCF7;BR:MDA-MB-231;BR:T-47D,0.838789967451656,FALSE,FALSE,not_patient_scored
lenalidomide,vinblastine,lenalidomide + vinblastine,-5,-1,26,-29,0.4,5,BR:BT-549;BR:HS 578T;BR:MCF7;BR:MDA-MB-231;BR:T-47D,0.378230901780586,FALSE,FALSE,not_patient_scored
raloxifene,vinblastine,raloxifene + vinblastine,53,43.6,84,-7,0.8,5,BR:BT-549;BR:HS 578T;BR:MCF7;BR:MDA-MB-231;BR:T-47D,0.965824238943136,FALSE,FALSE,not_patient_scored
abiraterone,vinblastine,abiraterone + vinblastine,71,66.8,110,27,1,5,BR:BT-549;BR:HS 578T;BR:MCF7;BR:MDA-MB-231;BR:T-47D,0.980566724104921,FALSE,FALSE,not_patient_scored
sunitinib,vinblastine,sunitinib + vinblastine,5,-15.8,42,-90,0.6,5,BR:BT-549;BR:HS 578T;BR:MCF7;BR:MDA-MB-231;BR:T-47D,0.793030825196247,FALSE,FALSE,not_patient_scored
vemurafenib,vinblastine,vemurafenib + vinblastine,92,79,105,26,1,5,BR:BT-549;BR:HS 578T;BR:MCF7;BR:MDA-MB-231;BR:T-47D,0.987842236262684,FALSE,FALSE,not_patient_scored
depsipeptide,vinblastine,depsipeptide + vinblastine,-27,-21.1,59,-110,0.3,5,BR:BT-549;BR:HS 578T;BR:MCF7;BR:MDA-MB-231;BR:T-47D,0.378230901780586,FALSE,FALSE,not_patient_scored
vinblastine,vismodegib,vinblastine + vismodegib,100,115,237,24,1,5,BR:BT-549;BR:HS 578T;BR:MCF7;BR:MDA-MB-231;BR:T-47D,0.990426957687153,FALSE,FALSE,not_patient_scored
crizotinib,vinblastine,crizotinib + vinblastine,32,35.8,84,-4,0.8,5,BR:BT-549;BR:HS 578T;BR:MCF7;BR:MDA-MB-231;BR:T-47D,0.929638139000574,FALSE,FALSE,not_patient_scored
axitinib,vinblastine,axitinib + vinblastine,-6,-15.2,20,-65,0.4,5,BR:BT-549;BR:HS 578T;BR:MCF7;BR:MDA-MB-231;BR:T-47D,0.378230901780586,FALSE,FALSE,not_patient_scored
vandetanib,vinblastine,vandetanib + vinblastine,25,37.6,78,4,1,5,BR:BT-549;BR:HS 578T;BR:MCF7;BR:MDA-MB-231;BR:T-47D,0.908673176335439,FALSE,FALSE,not_patient_scored
cabazitaxel,vinblastine,cabazitaxel + vinblastine,7,24.6,79,-12,0.8,5,BR:BT-549;BR:HS 578T;BR:MCF7;BR:MDA-MB-231;BR:T-47D,0.810453762205629,FALSE,FALSE,not_patient_scored
ruxolitinib,vinblastine,ruxolitinib + vinblastine,-28,-17.2,39,-50,0.2,5,BR:BT-549;BR:HS 578T;BR:MCF7;BR:MDA-MB-231;BR:T-47D,0.378230901780586,FALSE,FALSE,not_patient_scored
cytarabine,methotrexate,cytarabine + methotrexate,-69.5,-106,-55,-230,0,4,BR:BT-549;BR:HS 578T;BR:MCF7;BR:MDA-MB-231,0.378230901780586,FALSE,FALSE,not_patient_scored
6 thioguanine,cytarabine,6 thioguanine + cytarabine,-59,-55.8,-6,-83,0,5,BR:BT-549;BR:HS 578T;BR:MCF7;BR:MDA-MB-231;BR:T-47D,0.378230901780586,FALSE,FALSE,not_patient_scored
actinomycin d,cytarabine,actinomycin d + cytarabine,-45,-44.4,-17,-67,0,5,BR:BT-549;BR:HS 578T;BR:MCF7;BR:MDA-MB-231;BR:T-47D,0.378230901780586,FALSE,FALSE,not_patient_scored
chlorambucil,cytarabine,chlorambucil + cytarabine,-36,-32.8,1,-61,0.2,5,BR:BT-549;BR:HS 578T;BR:MCF7;BR:MDA-MB-231;BR:T-47D,0.378230901780586,FALSE,FALSE,not_patient_scored
cytarabine,thiotepa,cytarabine + thiotepa,-33,-21.8,2,-40,0.2,5,BR:BT-549;BR:HS 578T;BR:MCF7;BR:MDA-MB-231;BR:T-47D,0.378230901780586,FALSE,FALSE,not_patient_scored
cytarabine,melphalan,cytarabine + melphalan,-46,-40.6,-9,-55,0,5,BR:BT-549;BR:HS 578T;BR:MCF7;BR:MDA-MB-231;BR:T-47D,0.378230901780586,FALSE,FALSE,not_patient_scored
altretamine,cytarabine,altretamine + cytarabine,-64,-55.8,1,-90,0.2,5,BR:BT-549;BR:HS 578T;BR:MCF7;BR:MDA-MB-231;BR:T-47D,0.378230901780586,FALSE,FALSE,not_patient_scored
5-fluorouracil,cytarabine,5-fluorouracil + cytarabine,-19,-13,36,-38,0.2,5,BR:BT-549;BR:HS 578T;BR:MCF7;BR:MDA-MB-231;BR:T-47D,0.378230901780586,TRUE,FALSE,tier_B_one_drug_patient_scored
cytarabine,floxuridine,cytarabine + floxuridine,-37,-43.8,-4,-103,0,5,BR:BT-549;BR:HS 578T;BR:MCF7;BR:MDA-MB-231;BR:T-47D,0.378230901780586,FALSE,FALSE,not_patient_scored
cytarabine,uracil mustard,cytarabine + uracil mustard,-71,-69,-34,-103,0,5,BR:BT-549;BR:HS 578T;BR:MCF7;BR:MDA-MB-231;BR:T-47D,0.378230901780586,FALSE,FALSE,not_patient_scored
cytarabine,dacarbazine,cytarabine + dacarbazine,-17,-8.4,13,-21,0.4,5,BR:BT-549;BR:HS 578T;BR:MCF7;BR:MDA-MB-231;BR:T-47D,0.378230901780586,FALSE,FALSE,not_patient_scored
cytarabine,megestrol acetate,cytarabine + megestrol acetate,-72,-78.2,-40,-135,0,5,BR:BT-549;BR:HS 578T;BR:MCF7;BR:MDA-MB-231;BR:T-47D,0.378230901780586,FALSE,FALSE,not_patient_scored
cytarabine,lomustine,cytarabine + lomustine,-14,-18.4,33,-63,0.2,5,BR:BT-549;BR:HS 578T;BR:MCF7;BR:MDA-MB-231;BR:T-47D,0.378230901780586,FALSE,FALSE,not_patient_scored
cytarabine,daunorubicin,cytarabine + daunorubicin,-23,-25.4,0,-56,0,5,BR:BT-549;BR:HS 578T;BR:MCF7;BR:MDA-MB-231;BR:T-47D,0.378230901780586,FALSE,FALSE,not_patient_scored
cytarabine,teniposide,cytarabine + teniposide,-29,-18.6,26,-67,0.4,5,BR:BT-549;BR:HS 578T;BR:MCF7;BR:MDA-MB-231;BR:T-47D,0.378230901780586,FALSE,FALSE,not_patient_scored
cytarabine,etoposide,cytarabine + etoposide,-26,-15.2,43,-57,0.2,5,BR:BT-549;BR:HS 578T;BR:MCF7;BR:MDA-MB-231;BR:T-47D,0.378230901780586,FALSE,FALSE,not_patient_scored
cytarabine,dexrazoxane,cytarabine + dexrazoxane,-14,-19.2,1,-45,0.2,5,BR:BT-549;BR:HS 578T;BR:MCF7;BR:MDA-MB-231;BR:T-47D,0.378230901780586,FALSE,FALSE,not_patient_scored
cytarabine,mitoxantrone,cytarabine + mitoxantrone,-34,-34,-4,-66,0,5,BR:BT-549;BR:HS 578T;BR:MCF7;BR:MDA-MB-231;BR:T-47D,0.378230901780586,FALSE,FALSE,not_patient_scored
cytarabine,vinorelbine,cytarabine + vinorelbine,-34,-45,-17,-77,0,5,BR:BT-549;BR:HS 578T;BR:MCF7;BR:MDA-MB-231;BR:T-47D,0.378230901780586,FALSE,FALSE,not_patient_scored
cytarabine,pemetrexed,cytarabine + pemetrexed,-29,-19.6,29,-55,0.2,5,BR:BT-549;BR:HS 578T;BR:MCF7;BR:MDA-MB-231;BR:T-47D,0.378230901780586,FALSE,FALSE,not_patient_scored
cytarabine,exemestane,cytarabine + exemestane,21,19.6,50,1,1,5,BR:BT-549;BR:HS 578T;BR:MCF7;BR:MDA-MB-231;BR:T-47D,0.892111813134214,FALSE,FALSE,not_patient_scored
cytarabine,gefitinib,cytarabine + gefitinib,9,8.6,22,-3,0.6,5,BR:BT-549;BR:HS 578T;BR:MCF7;BR:MDA-MB-231;BR:T-47D,0.827685238368754,FALSE,FALSE,not_patient_scored
cytarabine,letrozole,cytarabine + letrozole,-10,-18.8,35,-71,0.4,5,BR:BT-549;BR:HS 578T;BR:MCF7;BR:MDA-MB-231;BR:T-47D,0.378230901780586,FALSE,FALSE,not_patient_scored
celecoxib,cytarabine,celecoxib + cytarabine,-22,-42.2,18,-170,0.4,5,BR:BT-549;BR:HS 578T;BR:MCF7;BR:MDA-MB-231;BR:T-47D,0.378230901780586,FALSE,FALSE,not_patient_scored
cytarabine,pazopanib,cytarabine + pazopanib,0,-3.2,27,-35,0.4,5,BR:BT-549;BR:HS 578T;BR:MCF7;BR:MDA-MB-231;BR:T-47D,0.378230901780586,FALSE,FALSE,not_patient_scored
cytarabine,lenalidomide,cytarabine + lenalidomide,11,-4.8,38,-75,0.6,5,BR:BT-549;BR:HS 578T;BR:MCF7;BR:MDA-MB-231;BR:T-47D,0.841853340991767,FALSE,FALSE,not_patient_scored
cytarabine,raloxifene,cytarabine + raloxifene,-29,-32.6,3,-93,0.2,5,BR:BT-549;BR:HS 578T;BR:MCF7;BR:MDA-MB-231;BR:T-47D,0.378230901780586,FALSE,FALSE,not_patient_scored
abiraterone,cytarabine,abiraterone + cytarabine,1,4,28,-23,0.6,5,BR:BT-549;BR:HS 578T;BR:MCF7;BR:MDA-MB-231;BR:T-47D,0.759908098793797,FALSE,FALSE,not_patient_scored
cytarabine,vemurafenib,cytarabine + vemurafenib,2,6.4,26,-11,0.6,5,BR:BT-549;BR:HS 578T;BR:MCF7;BR:MDA-MB-231;BR:T-47D,0.768140915182845,FALSE,FALSE,not_patient_scored
cytarabine,vismodegib,cytarabine + vismodegib,3,-5.2,9,-32,0.6,5,BR:BT-549;BR:HS 578T;BR:MCF7;BR:MDA-MB-231;BR:T-47D,0.775895079456251,FALSE,FALSE,not_patient_scored
crizotinib,cytarabine,crizotinib + cytarabine,2,10.6,46,-17,0.6,5,BR:BT-549;BR:HS 578T;BR:MCF7;BR:MDA-MB-231;BR:T-47D,0.768140915182845,FALSE,FALSE,not_patient_scored
axitinib,cytarabine,axitinib + cytarabine,2,-6,43,-86,0.6,5,BR:BT-549;BR:HS 578T;BR:MCF7;BR:MDA-MB-231;BR:T-47D,0.768140915182845,FALSE,FALSE,not_patient_scored
cytarabine,vandetanib,cytarabine + vandetanib,25,15.6,32,-7,0.8,5,BR:BT-549;BR:HS 578T;BR:MCF7;BR:MDA-MB-231;BR:T-47D,0.908673176335439,FALSE,FALSE,not_patient_scored
cabazitaxel,cytarabine,cabazitaxel + cytarabine,-8,-6.75,55,-66,0.25,4,BR:BT-549;BR:MCF7;BR:MDA-MB-231;BR:T-47D,0.378230901780586,FALSE,FALSE,not_patient_scored
cytarabine,ruxolitinib,cytarabine + ruxolitinib,-20,-26.2,-12,-58,0,5,BR:BT-549;BR:HS 578T;BR:MCF7;BR:MDA-MB-231;BR:T-47D,0.378230901780586,FALSE,FALSE,not_patient_scored
methotrexate,thalidomide,methotrexate + thalidomide,-72,-70.4,-55,-79,0,5,BR:BT-549;BR:HS 578T;BR:MCF7;BR:MDA-MB-231;BR:T-47D,0.378230901780586,FALSE,FALSE,not_patient_scored
busulfan,thalidomide,busulfan + thalidomide,-8,-22,12,-57,0.2,5,BR:BT-549;BR:HS 578T;BR:MCF7;BR:MDA-MB-231;BR:T-47D,0.378230901780586,FALSE,FALSE,not_patient_scored
6 thioguanine,thalidomide,6 thioguanine + thalidomide,-18,-23.2,-8,-57,0,5,BR:BT-549;BR:HS 578T;BR:MCF7;BR:MDA-MB-231;BR:T-47D,0.378230901780586,FALSE,FALSE,not_patient_scored
6 mercaptopurine,thalidomide,6 mercaptopurine + thalidomide,-43,-35,12,-83,0.2,5,BR:BT-549;BR:HS 578T;BR:MCF7;BR:MDA-MB-231;BR:T-47D,0.378230901780586,FALSE,FALSE,not_patient_scored
nitrogen mustard,thalidomide,nitrogen mustard + thalidomide,-63,-39.4,27,-74,0.2,5,BR:BT-549;BR:HS 578T;BR:MCF7;BR:MDA-MB-231;BR:T-47D,0.378230901780586,FALSE,FALSE,not_patient_scored
allopurinol,thalidomide,allopurinol + thalidomide,-11,-13,52,-87,0.4,5,BR:BT-549;BR:HS 578T;BR:MCF7;BR:MDA-MB-231;BR:T-47D,0.378230901780586,FALSE,FALSE,not_patient_scored
actinomycin d,thalidomide,actinomycin d + thalidomide,-29,-29.4,-3,-72,0,5,BR:BT-549;BR:HS 578T;BR:MCF7;BR:MDA-MB-231;BR:T-47D,0.378230901780586,FALSE,FALSE,not_patient_scored
chlorambucil,thalidomide,chlorambucil + thalidomide,-45,-28.8,30,-74,0.2,5,BR:BT-549;BR:HS 578T;BR:MCF7;BR:MDA-MB-231;BR:T-47D,0.378230901780586,FALSE,FALSE,not_patient_scored
thalidomide,thiotepa,thalidomide + thiotepa,-29,-23.8,21,-43,0.2,5,BR:BT-549;BR:HS 578T;BR:MCF7;BR:MDA-MB-231;BR:T-47D,0.378230901780586,FALSE,FALSE,not_patient_scored
melphalan,thalidomide,melphalan + thalidomide,-24,-24.8,-11,-37,0,5,BR:BT-549;BR:HS 578T;BR:MCF7;BR:MDA-MB-231;BR:T-47D,0.378230901780586,FALSE,FALSE,not_patient_scored
thalidomide,triethylenemelamine,thalidomide + triethylenemelamine,-13,-5,37,-39,0.4,5,BR:BT-549;BR:HS 578T;BR:MCF7;BR:MDA-MB-231;BR:T-47D,0.378230901780586,FALSE,FALSE,not_patient_scored
altretamine,thalidomide,altretamine + thalidomide,-81,-76.2,-49,-88,0,5,BR:BT-549;BR:HS 578T;BR:MCF7;BR:MDA-MB-231;BR:T-47D,0.378230901780586,FALSE,FALSE,not_patient_scored
acrichine,thalidomide,acrichine + thalidomide,-10,26.6,189,-39,0.4,5,BR:BT-549;BR:HS 578T;BR:MCF7;BR:MDA-MB-231;BR:T-47D,0.378230901780586,FALSE,FALSE,not_patient_scored
aminolevulinic acid,thalidomide,aminolevulinic acid + thalidomide,-29,-35.4,-3,-69,0,5,BR:BT-549;BR:HS 578T;BR:MCF7;BR:MDA-MB-231;BR:T-47D,0.378230901780586,FALSE,FALSE,not_patient_scored
5-fluorouracil,thalidomide,5-fluorouracil + thalidomide,-14,-4,65,-53,0.4,5,BR:BT-549;BR:HS 578T;BR:MCF7;BR:MDA-MB-231;BR:T-47D,0.378230901780586,TRUE,FALSE,tier_B_one_drug_patient_scored
mithramycin,thalidomide,mithramycin + thalidomide,-22,-29.2,-7,-59,0,5,BR:BT-549;BR:HS 578T;BR:MCF7;BR:MDA-MB-231;BR:T-47D,0.378230901780586,FALSE,FALSE,not_patient_scored
pipobroman,thalidomide,pipobroman + thalidomide,-14,-21.4,36,-92,0.2,5,BR:BT-549;BR:HS 578T;BR:MCF7;BR:MDA-MB-231;BR:T-47D,0.378230901780586,FALSE,FALSE,not_patient_scored
floxuridine,thalidomide,floxuridine + thalidomide,-26,-20.4,33,-47,0.2,5,BR:BT-549;BR:HS 578T;BR:MCF7;BR:MDA-MB-231;BR:T-47D,0.378230901780586,FALSE,FALSE,not_patient_scored
hydroxyurea,thalidomide,hydroxyurea + thalidomide,-31,-23.2,1,-35,0.2,5,BR:BT-549;BR:HS 578T;BR:MCF7;BR:MDA-MB-231;BR:T-47D,0.378230901780586,FALSE,FALSE,not_patient_scored
thalidomide,uracil mustard,thalidomide + uracil mustard,-38,-38,-12,-72,0,5,BR:BT-549;BR:HS 578T;BR:MCF7;BR:MDA-MB-231;BR:T-47D,0.378230901780586,FALSE,FALSE,not_patient_scored
mitotane,thalidomide,mitotane + thalidomide,-7,-20.4,14,-62,0.2,5,BR:BT-549;BR:HS 578T;BR:MCF7;BR:MDA-MB-231;BR:T-47D,0.378230901780586,FALSE,FALSE,not_patient_scored
dacarbazine,thalidomide,dacarbazine + thalidomide,-20,-16,37,-66,0.2,5,BR:BT-549;BR:HS 578T;BR:MCF7;BR:MDA-MB-231;BR:T-47D,0.378230901780586,FALSE,FALSE,not_patient_scored
thalidomide,vinblastine,thalidomide + vinblastine,-9,-13.4,37,-65,0.2,5,BR:BT-549;BR:HS 578T;BR:MCF7;BR:MDA-MB-231;BR:T-47D,0.378230901780586,FALSE,FALSE,not_patient_scored
cytarabine,thalidomide,cytarabine + thalidomide,-5,31,153,-13,0.4,5,BR:BT-549;BR:HS 578T;BR:MCF7;BR:MDA-MB-231;BR:T-47D,0.378230901780586,FALSE,FALSE,not_patient_scored
thalidomide,vincristine,thalidomide + vincristine,-65.5,-58.25,-29,-73,0,4,BR:BT-549;BR:HS 578T;BR:MCF7;BR:MDA-MB-231,0.378230901780586,FALSE,FALSE,not_patient_scored
megestrol acetate,thalidomide,megestrol acetate + thalidomide,-93,-63.8,61,-163,0.2,5,BR:BT-549;BR:HS 578T;BR:MCF7;BR:MDA-MB-231;BR:T-47D,0.378230901780586,FALSE,FALSE,not_patient_scored
lomustine,thalidomide,lomustine + thalidomide,-1,-11.8,46,-59,0.4,5,BR:BT-549;BR:HS 578T;BR:MCF7;BR:MDA-MB-231;BR:T-47D,0.378230901780586,FALSE,FALSE,not_patient_scored
daunorubicin,thalidomide,daunorubicin + thalidomide,-24,-7.8,48,-46,0.4,5,BR:BT-549;BR:HS 578T;BR:MCF7;BR:MDA-MB-231;BR:T-47D,0.378230901780586,FALSE,FALSE,not_patient_scored
azacitidine,thalidomide,azacitidine + thalidomide,-20,-21,-12,-30,0,5,BR:BT-549;BR:HS 578T;BR:MCF7;BR:MDA-MB-231;BR:T-47D,0.378230901780586,FALSE,FALSE,not_patient_scored
cladribine,thalidomide,cladribine + thalidomide,-43,-41,13,-71,0.2,5,BR:BT-549;BR:HS 578T;BR:MCF7;BR:MDA-MB-231;BR:T-47D,0.378230901780586,FALSE,FALSE,not_patient_scored
fludarabine,thalidomide,fludarabine + thalidomide,-50,-52,-32,-72,0,5,BR:BT-549;BR:HS 578T;BR:MCF7;BR:MDA-MB-231;BR:T-47D,0.378230901780586,FALSE,FALSE,not_patient_scored
isotretinoin,thalidomide,isotretinoin + thalidomide,-19,-34.2,2,-87,0.2,5,BR:BT-549;BR:HS 578T;BR:MCF7;BR:MDA-MB-231;BR:T-47D,0.378230901780586,FALSE,FALSE,not_patient_scored
teniposide,thalidomide,teniposide + thalidomide,-35,-49.4,-2,-96,0,5,BR:BT-549;BR:HS 578T;BR:MCF7;BR:MDA-MB-231;BR:T-47D,0.378230901780586,FALSE,FALSE,not_patient_scored
doxorubicin,thalidomide,doxorubicin + thalidomide,-15,10.2,135,-66,0.4,5,BR:BT-549;BR:HS 578T;BR:MCF7;BR:MDA-MB-231;BR:T-47D,0.378230901780586,TRUE,FALSE,tier_B_one_drug_patient_scored
bleomycin,thalidomide,bleomycin + thalidomide,32,19.4,60,-25,0.6,5,BR:BT-549;BR:HS 578T;BR:MCF7;BR:MDA-MB-231;BR:T-47D,0.929638139000574,FALSE,FALSE,not_patient_scored
paclitaxel,thalidomide,paclitaxel + thalidomide,14,29.6,78,-12,0.6,5,BR:BT-549;BR:HS 578T;BR:MCF7;BR:MDA-MB-231;BR:T-47D,0.858989086731763,TRUE,FALSE,tier_B_one_drug_patient_scored
bendamustine,thalidomide,bendamustine + thalidomide,-30,-39.4,-8,-68,0,5,BR:BT-549;BR:HS 578T;BR:MCF7;BR:MDA-MB-231;BR:T-47D,0.378230901780586,FALSE,FALSE,not_patient_scored
etoposide,thalidomide,etoposide + thalidomide,-1,-15,9,-58,0.4,5,BR:BT-549;BR:HS 578T;BR:MCF7;BR:MDA-MB-231;BR:T-47D,0.378230901780586,FALSE,FALSE,not_patient_scored
dexrazoxane,thalidomide,dexrazoxane + thalidomide,9,0.8,33,-57,0.6,5,BR:BT-549;BR:HS 578T;BR:MCF7;BR:MDA-MB-231;BR:T-47D,0.827685238368754,FALSE,FALSE,not_patient_scored
tamoxifen,thalidomide,tamoxifen + thalidomide,-19,-19.6,0,-47,0,5,BR:BT-549;BR:HS 578T;BR:MCF7;BR:MDA-MB-231;BR:T-47D,0.378230901780586,FALSE,FALSE,not_patient_scored
rapamycin,thalidomide,rapamycin + thalidomide,11,2.2,13,-26,0.8,5,BR:BT-549;BR:HS 578T;BR:MCF7;BR:MDA-MB-231;BR:T-47D,0.841853340991767,TRUE,FALSE,tier_B_one_drug_patient_scored
carboplatin,thalidomide,carboplatin + thalidomide,-16,-17,-2,-35,0,5,BR:BT-549;BR:HS 578T;BR:MCF7;BR:MDA-MB-231;BR:T-47D,0.378230901780586,FALSE,FALSE,not_patient_scored
thalidomide,valrubicin,thalidomide + valrubicin,17,16,59,-31,0.6,5,BR:BT-549;BR:HS 578T;BR:MCF7;BR:MDA-MB-231;BR:T-47D,0.874114493586062,FALSE,FALSE,not_patient_scored
mitoxantrone,thalidomide,mitoxantrone + thalidomide,-10,-8.2,19,-22,0.2,5,BR:BT-549;BR:HS 578T;BR:MCF7;BR:MDA-MB-231;BR:T-47D,0.378230901780586,FALSE,FALSE,not_patient_scored
temozolomide,thalidomide,temozolomide + thalidomide,-16,-14.4,4,-35,0.2,5,BR:BT-549;BR:HS 578T;BR:MCF7;BR:MDA-MB-231;BR:T-47D,0.378230901780586,FALSE,FALSE,not_patient_scored
clofarabine,thalidomide,clofarabine + thalidomide,-27,-21,21,-51,0.2,5,BR:BT-549;BR:HS 578T;BR:MCF7;BR:MDA-MB-231;BR:T-47D,0.378230901780586,FALSE,FALSE,not_patient_scored
thalidomide,vinorelbine,thalidomide + vinorelbine,-11,-16.2,6,-40,0.2,5,BR:BT-549;BR:HS 578T;BR:MCF7;BR:MDA-MB-231;BR:T-47D,0.378230901780586,FALSE,FALSE,not_patient_scored
gemcitabine,thalidomide,gemcitabine + thalidomide,-11,-22,16,-63,0.2,5,BR:BT-549;BR:HS 578T;BR:MCF7;BR:MDA-MB-231;BR:T-47D,0.378230901780586,TRUE,FALSE,tier_B_one_drug_patient_scored
docetaxel,thalidomide,docetaxel + thalidomide,4,-13.6666666666667,25,-70,0.666666666666667,3,BR:MCF7;BR:MDA-MB-231;BR:T-47D,0.783553513306529,TRUE,FALSE,tier_B_one_drug_patient_scored
7 ethyl 10 hydroxycamptothecin,thalidomide,7 ethyl 10 hydroxycamptothecin + thalidomide,-26,-32.6,11,-64,0.2,5,BR:BT-549;BR:HS 578T;BR:MCF7;BR:MDA-MB-231;BR:T-47D,0.378230901780586,FALSE,FALSE,not_patient_scored
nelarabine,thalidomide,nelarabine + thalidomide,-108,-102.4,-73,-142,0,5,BR:BT-549;BR:HS 578T;BR:MCF7;BR:MDA-MB-231;BR:T-47D,0.378230901780586,FALSE,FALSE,not_patient_scored
pemetrexed,thalidomide,pemetrexed + thalidomide,-1,-6.8,6,-32,0.4,5,BR:BT-549;BR:HS 578T;BR:MCF7;BR:MDA-MB-231;BR:T-47D,0.378230901780586,FALSE,FALSE,not_patient_scored
thalidomide,vorinostat,thalidomide + vorinostat,-92,-92.2,-2,-186,0,5,BR:BT-549;BR:HS 578T;BR:MCF7;BR:MDA-MB-231;BR:T-47D,0.378230901780586,FALSE,FALSE,not_patient_scored
capecitabine,thalidomide,capecitabine + thalidomide,-58,-62.4,-1,-118,0,5,BR:BT-549;BR:HS 578T;BR:MCF7;BR:MDA-MB-231;BR:T-47D,0.378230901780586,FALSE,FALSE,not_patient_scored
exemestane,thalidomide,exemestane + thalidomide,-7,-5.4,21,-32,0.4,5,BR:BT-549;BR:HS 578T;BR:MCF7;BR:MDA-MB-231;BR:T-47D,0.378230901780586,FALSE,FALSE,not_patient_scored
gefitinib,thalidomide,gefitinib + thalidomide,8,3.8,24,-24,0.6,5,BR:BT-549;BR:HS 578T;BR:MCF7;BR:MDA-MB-231;BR:T-47D,0.818973769864063,FALSE,FALSE,not_patient_scored
fulvestrant,thalidomide,fulvestrant + thalidomide,-40,-30.2,32,-60,0.2,5,BR:BT-549;BR:HS 578T;BR:MCF7;BR:MDA-MB-231;BR:T-47D,0.378230901780586,FALSE,FALSE,not_patient_scored
anastrozole,thalidomide,anastrozole + thalidomide,-36,-57.6,-14,-159,0,5,BR:BT-549;BR:HS 578T;BR:MCF7;BR:MDA-MB-231;BR:T-47D,0.378230901780586,FALSE,FALSE,not_patient_scored
letrozole,thalidomide,letrozole + thalidomide,-22,-33.2,-6,-87,0,5,BR:BT-549;BR:HS 578T;BR:MCF7;BR:MDA-MB-231;BR:T-47D,0.378230901780586,FALSE,FALSE,not_patient_scored
celecoxib,thalidomide,celecoxib + thalidomide,-44,-48.4,-22,-104,0,5,BR:BT-549;BR:HS 578T;BR:MCF7;BR:MDA-MB-231;BR:T-47D,0.378230901780586,FALSE,FALSE,not_patient_scored
thalidomide,zoledronate,thalidomide + zoledronate,-17.5,-16,1,-30,0.25,4,BR:HS 578T;BR:MCF7;BR:MDA-MB-231;BR:T-47D,0.378230901780586,FALSE,FALSE,not_patient_scored
dasatinib,thalidomide,dasatinib + thalidomide,-7,-0.2,61,-72,0.4,5,BR:BT-549;BR:HS 578T;BR:MCF7;BR:MDA-MB-231;BR:T-47D,0.378230901780586,FALSE,FALSE,not_patient_scored
everolimus,thalidomide,everolimus + thalidomide,-21,-14.8,17,-31,0.2,5,BR:BT-549;BR:HS 578T;BR:MCF7;BR:MDA-MB-231;BR:T-47D,0.378230901780586,FALSE,FALSE,not_patient_scored
pazopanib,thalidomide,pazopanib + thalidomide,-32,-10.2,49,-64,0.4,5,BR:BT-549;BR:HS 578T;BR:MCF7;BR:MDA-MB-231;BR:T-47D,0.378230901780586,FALSE,FALSE,not_patient_scored
imatinib,thalidomide,imatinib + thalidomide,-80,-79.8,-13,-187,0,5,BR:BT-549;BR:HS 578T;BR:MCF7;BR:MDA-MB-231;BR:T-47D,0.378230901780586,FALSE,FALSE,not_patient_scored
lapatinib,thalidomide,lapatinib + thalidomide,-12,-37.4,7,-123,0.2,5,BR:BT-549;BR:HS 578T;BR:MCF7;BR:MDA-MB-231;BR:T-47D,0.378230901780586,TRUE,FALSE,tier_B_one_drug_patient_scored
nilotinib,thalidomide,nilotinib + thalidomide,-94,-96,-17,-220,0,5,BR:BT-549;BR:HS 578T;BR:MCF7;BR:MDA-MB-231;BR:T-47D,0.378230901780586,FALSE,FALSE,not_patient_scored
sorafenib,thalidomide,sorafenib + thalidomide,-76,-75,39,-202,0.2,5,BR:BT-549;BR:HS 578T;BR:MCF7;BR:MDA-MB-231;BR:T-47D,0.378230901780586,FALSE,FALSE,not_patient_scored
lenalidomide,thalidomide,lenalidomide + thalidomide,-4,-11.4,5,-33,0.2,5,BR:BT-549;BR:HS 578T;BR:MCF7;BR:MDA-MB-231;BR:T-47D,0.378230901780586,FALSE,FALSE,not_patient_scored
raloxifene,thalidomide,raloxifene + thalidomide,-1,-11.4,8,-52,0.4,5,BR:BT-549;BR:HS 578T;BR:MCF7;BR:MDA-MB-231;BR:T-47D,0.378230901780586,FALSE,FALSE,not_patient_scored
abiraterone,thalidomide,abiraterone + thalidomide,-13,8.4,102,-29,0.4,5,BR:BT-549;BR:HS 578T;BR:MCF7;BR:MDA-MB-231;BR:T-47D,0.378230901780586,FALSE,FALSE,not_patient_scored
sunitinib,thalidomide,sunitinib + thalidomide,-112,-121.4,10,-317,0.2,5,BR:BT-549;BR:HS 578T;BR:MCF7;BR:MDA-MB-231;BR:T-47D,0.378230901780586,FALSE,FALSE,not_patient_scored
thalidomide,vemurafenib,thalidomide + vemurafenib,21.5,14.75,23,-7,0.75,4,BR:BT-549;BR:MCF7;BR:MDA-MB-231;BR:T-47D,0.894122152019912,FALSE,FALSE,not_patient_scored
depsipeptide,thalidomide,depsipeptide + thalidomide,-20,-20.4,30,-49,0.2,5,BR:BT-549;BR:HS 578T;BR:MCF7;BR:MDA-MB-231;BR:T-47D,0.378230901780586,FALSE,FALSE,not_patient_scored
pralatrexate,thalidomide,pralatrexate + thalidomide,-65,-59.4,-35,-89,0,5,BR:BT-549;BR:HS 578T;BR:MCF7;BR:MDA-MB-231;BR:T-47D,0.378230901780586,FALSE,FALSE,not_patient_scored
thalidomide,vismodegib,thalidomide + vismodegib,37,44.8,160,-37,0.8,5,BR:BT-549;BR:HS 578T;BR:MCF7;BR:MDA-MB-231;BR:T-47D,0.941317250622248,FALSE,FALSE,not_patient_scored
crizotinib,thalidomide,crizotinib + thalidomide,-19,-8.6,52,-66,0.4,5,BR:BT-549;BR:HS 578T;BR:MCF7;BR:MDA-MB-231;BR:T-47D,0.378230901780586,FALSE,FALSE,not_patient_scored
axitinib,thalidomide,axitinib + thalidomide,10,18.4,110,-32,0.6,5,BR:BT-549;BR:HS 578T;BR:MCF7;BR:MDA-MB-231;BR:T-47D,0.835343672219031,FALSE,FALSE,not_patient_scored
thalidomide,vandetanib,thalidomide + vandetanib,25,30.8,114,-15,0.8,5,BR:BT-549;BR:HS 578T;BR:MCF7;BR:MDA-MB-231;BR:T-47D,0.908673176335439,FALSE,FALSE,not_patient_scored
cabazitaxel,thalidomide,cabazitaxel + thalidomide,81,106,204,62,1,5,BR:BT-549;BR:HS 578T;BR:MCF7;BR:MDA-MB-231;BR:T-47D,0.985257514838216,FALSE,FALSE,not_patient_scored
ruxolitinib,thalidomide,ruxolitinib + thalidomide,1,2.4,41,-22,0.6,5,BR:BT-549;BR:HS 578T;BR:MCF7;BR:MDA-MB-231;BR:T-47D,0.759908098793797,FALSE,FALSE,not_patient_scored
methotrexate,vincristine,methotrexate + vincristine,-74,-85.4,-56,-120,0,5,BR:BT-549;BR:HS 578T;BR:MCF7;BR:MDA-MB-231;BR:T-47D,0.378230901780586,FALSE,FALSE,not_patient_scored
6 thioguanine,vincristine,6 thioguanine + vincristine,24,11.8,43,-37,0.6,5,BR:BT-549;BR:HS 578T;BR:MCF7;BR:MDA-MB-231;BR:T-47D,0.904843959410301,FALSE,FALSE,not_patient_scored
actinomycin d,vincristine,actinomycin d + vincristine,-24,-27,42,-108,0.4,5,BR:BT-549;BR:HS 578T;BR:MCF7;BR:MDA-MB-231;BR:T-47D,0.378230901780586,FALSE,FALSE,not_patient_scored
chlorambucil,vincristine,chlorambucil + vincristine,-38,-21.2,37,-75,0.4,5,BR:BT-549;BR:HS 578T;BR:MCF7;BR:MDA-MB-231;BR:T-47D,0.378230901780586,FALSE,FALSE,not_patient_scored
thiotepa,vincristine,thiotepa + vincristine,-6,-15.6,42,-79,0.4,5,BR:BT-549;BR:HS 578T;BR:MCF7;BR:MDA-MB-231;BR:T-47D,0.378230901780586,FALSE,FALSE,not_patient_scored
melphalan,vincristine,melphalan + vincristine,-30,-32.4,16,-74,0.2,5,BR:BT-549;BR:HS 578T;BR:MCF7;BR:MDA-MB-231;BR:T-47D,0.378230901780586,FALSE,FALSE,not_patient_scored
altretamine,vincristine,altretamine + vincristine,27,43.6,72,25,1,5,BR:BT-549;BR:HS 578T;BR:MCF7;BR:MDA-MB-231;BR:T-47D,0.914225540876891,FALSE,FALSE,not_patient_scored
5-fluorouracil,vincristine,5-fluorouracil + vincristine,10,5.4,23,-18,0.6,5,BR:BT-549;BR:HS 578T;BR:MCF7;BR:MDA-MB-231;BR:T-47D,0.835343672219031,TRUE,FALSE,tier_B_one_drug_patient_scored
floxuridine,vincristine,floxuridine + vincristine,-13,-13.6,36,-60,0.4,5,BR:BT-549;BR:HS 578T;BR:MCF7;BR:MDA-MB-231;BR:T-47D,0.378230901780586,FALSE,FALSE,not_patient_scored
uracil mustard,vincristine,uracil mustard + vincristine,31,40.6,102,-8,0.8,5,BR:BT-549;BR:HS 578T;BR:MCF7;BR:MDA-MB-231;BR:T-47D,0.926287574191078,FALSE,FALSE,not_patient_scored
dacarbazine,vincristine,dacarbazine + vincristine,-28,-28.8,16,-91,0.2,5,BR:BT-549;BR:HS 578T;BR:MCF7;BR:MDA-MB-231;BR:T-47D,0.378230901780586,FALSE,FALSE,not_patient_scored
cytarabine,vincristine,cytarabine + vincristine,-40,-25.2,67,-78,0.2,5,BR:BT-549;BR:HS 578T;BR:MCF7;BR:MDA-MB-231;BR:T-47D,0.378230901780586,FALSE,FALSE,not_patient_scored
megestrol acetate,vincristine,megestrol acetate + vincristine,18,55.6,142,10,1,5,BR:BT-549;BR:HS 578T;BR:MCF7;BR:MDA-MB-231;BR:T-47D,0.878996745165614,FALSE,FALSE,not_patient_scored
lomustine,vincristine,lomustine + vincristine,14,40,109,-2,0.6,5,BR:BT-549;BR:HS 578T;BR:MCF7;BR:MDA-MB-231;BR:T-47D,0.858989086731763,FALSE,FALSE,not_patient_scored
daunorubicin,vincristine,daunorubicin + vincristine,44,28.6,58,-14,0.8,5,BR:BT-549;BR:HS 578T;BR:MCF7;BR:MDA-MB-231;BR:T-47D,0.952709170974536,FALSE,FALSE,not_patient_scored
teniposide,vincristine,teniposide + vincristine,50,37,65,-16,0.8,5,BR:BT-549;BR:HS 578T;BR:MCF7;BR:MDA-MB-231;BR:T-47D,0.961133448209841,FALSE,FALSE,not_patient_scored
etoposide,vincristine,etoposide + vincristine,3,3.8,35,-45,0.8,5,BR:BT-549;BR:HS 578T;BR:MCF7;BR:MDA-MB-231;BR:T-47D,0.775895079456251,FALSE,FALSE,not_patient_scored
dexrazoxane,vincristine,dexrazoxane + vincristine,14,14.2,42,-7,0.8,5,BR:BT-549;BR:HS 578T;BR:MCF7;BR:MDA-MB-231;BR:T-47D,0.858989086731763,FALSE,FALSE,not_patient_scored
mitoxantrone,vincristine,mitoxantrone + vincristine,30,35.2,80,4,1,5,BR:BT-549;BR:HS 578T;BR:MCF7;BR:MDA-MB-231;BR:T-47D,0.923607122343481,FALSE,FALSE,not_patient_scored
vincristine,vinorelbine,vincristine + vinorelbine,47,47.8,92,-28,0.8,5,BR:BT-549;BR:HS 578T;BR:MCF7;BR:MDA-MB-231;BR:T-47D,0.956538387899674,FALSE,FALSE,not_patient_scored
pemetrexed,vincristine,pemetrexed + vincristine,4,-7.4,25,-42,0.6,5,BR:BT-549;BR:HS 578T;BR:MCF7;BR:MDA-MB-231;BR:T-47D,0.783553513306529,FALSE,FALSE,not_patient_scored
exemestane,vincristine,exemestane + vincristine,55,42,94,-16,0.6,5,BR:BT-549;BR:HS 578T;BR:MCF7;BR:MDA-MB-231;BR:T-47D,0.968313229944476,FALSE,FALSE,not_patient_scored
gefitinib,vincristine,gefitinib + vincristine,88,113.2,218,44,1,5,BR:BT-549;BR:HS 578T;BR:MCF7;BR:MDA-MB-231;BR:T-47D,0.987650775416427,FALSE,FALSE,not_patient_scored
letrozole,vincristine,letrozole + vincristine,-149,-121.4,-33,-215,0,5,BR:BT-549;BR:HS 578T;BR:MCF7;BR:MDA-MB-231;BR:T-47D,0.378230901780586,FALSE,FALSE,not_patient_scored
celecoxib,vincristine,celecoxib + vincristine,-24,-0.8,80,-38,0.4,5,BR:BT-549;BR:HS 578T;BR:MCF7;BR:MDA-MB-231;BR:T-47D,0.378230901780586,FALSE,FALSE,not_patient_scored
pazopanib,vincristine,pazopanib + vincristine,23,26,71,0,0.8,5,BR:BT-549;BR:HS 578T;BR:MCF7;BR:MDA-MB-231;BR:T-47D,0.901014742485162,FALSE,FALSE,not_patient_scored
lenalidomide,vincristine,lenalidomide + vincristine,14,13,32,-2,0.8,5,BR:BT-549;BR:HS 578T;BR:MCF7;BR:MDA-MB-231;BR:T-47D,0.858989086731763,FALSE,FALSE,not_patient_scored
raloxifene,vincristine,raloxifene + vincristine,3,22.6,70,-18,0.6,5,BR:BT-549;BR:HS 578T;BR:MCF7;BR:MDA-MB-231;BR:T-47D,0.775895079456251,FALSE,FALSE,not_patient_scored
abiraterone,vincristine,abiraterone + vincristine,-15,-14.4,8,-40,0.2,5,BR:BT-549;BR:HS 578T;BR:MCF7;BR:MDA-MB-231;BR:T-47D,0.378230901780586,FALSE,FALSE,not_patient_scored
vemurafenib,vincristine,vemurafenib + vincristine,21,7,30,-34,0.6,5,BR:BT-549;BR:HS 578T;BR:MCF7;BR:MDA-MB-231;BR:T-47D,0.892111813134214,FALSE,FALSE,not_patient_scored
vincristine,vismodegib,vincristine + vismodegib,-22,-2.2,47,-39,0.4,5,BR:BT-549;BR:HS 578T;BR:MCF7;BR:MDA-MB-231;BR:T-47D,0.378230901780586,FALSE,FALSE,not_patient_scored
crizotinib,vincristine,crizotinib + vincristine,-42,-27.6,6,-56,0.2,5,BR:BT-549;BR:HS 578T;BR:MCF7;BR:MDA-MB-231;BR:T-47D,0.378230901780586,FALSE,FALSE,not_patient_scored
axitinib,vincristine,axitinib + vincristine,-41,-45.4,10,-94,0.2,5,BR:BT-549;BR:HS 578T;BR:MCF7;BR:MDA-MB-231;BR:T-47D,0.378230901780586,FALSE,FALSE,not_patient_scored
vandetanib,vincristine,vandetanib + vincristine,-35,-28,15,-78,0.4,5,BR:BT-549;BR:HS 578T;BR:MCF7;BR:MDA-MB-231;BR:T-47D,0.378230901780586,FALSE,FALSE,not_patient_scored
cabazitaxel,vincristine,cabazitaxel + vincristine,-38,-32.8,4,-56,0.2,5,BR:BT-549;BR:HS 578T;BR:MCF7;BR:MDA-MB-231;BR:T-47D,0.378230901780586,FALSE,FALSE,not_patient_scored
ruxolitinib,vincristine,ruxolitinib + vincristine,-17,-31,-13,-68,0,5,BR:BT-549;BR:HS 578T;BR:MCF7;BR:MDA-MB-231;BR:T-47D,0.378230901780586,FALSE,FALSE,not_patient_scored
megestrol acetate,triethylenemelamine,megestrol acetate + triethylenemelamine,-44,-37.6,34,-82,0.2,5,BR:BT-549;BR:HS 578T;BR:MCF7;BR:MDA-MB-231;BR:T-47D,0.378230901780586,FALSE,FALSE,not_patient_scored
lomustine,megestrol acetate,lomustine + megestrol acetate,-29,-44.6,14,-118,0.2,5,BR:BT-549;BR:HS 578T;BR:MCF7;BR:MDA-MB-231;BR:T-47D,0.378230901780586,FALSE,FALSE,not_patient_scored
daunorubicin,megestrol acetate,daunorubicin + megestrol acetate,10,10.2,92,-90,0.6,5,BR:BT-549;BR:HS 578T;BR:MCF7;BR:MDA-MB-231;BR:T-47D,0.835343672219031,FALSE,FALSE,not_patient_scored
megestrol acetate,teniposide,megestrol acetate + teniposide,-26,-3,78,-45,0.4,5,BR:BT-549;BR:HS 578T;BR:MCF7;BR:MDA-MB-231;BR:T-47D,0.378230901780586,FALSE,FALSE,not_patient_scored
doxorubicin,megestrol acetate,doxorubicin + megestrol acetate,40,70.6,177,18,1,5,BR:BT-549;BR:HS 578T;BR:MCF7;BR:MDA-MB-231;BR:T-47D,0.945529389239901,TRUE,FALSE,tier_B_one_drug_patient_scored
etoposide,megestrol acetate,etoposide + megestrol acetate,-24,-22,42,-86,0.4,5,BR:BT-549;BR:HS 578T;BR:MCF7;BR:MDA-MB-231;BR:T-47D,0.378230901780586,FALSE,FALSE,not_patient_scored
dexrazoxane,megestrol acetate,dexrazoxane + megestrol acetate,-75,-49,2,-95,0.2,5,BR:BT-549;BR:HS 578T;BR:MCF7;BR:MDA-MB-231;BR:T-47D,0.378230901780586,FALSE,FALSE,not_patient_scored
megestrol acetate,mitoxantrone,megestrol acetate + mitoxantrone,-9,-4.4,58,-56,0.4,5,BR:BT-549;BR:HS 578T;BR:MCF7;BR:MDA-MB-231;BR:T-47D,0.378230901780586,FALSE,FALSE,not_patient_scored
megestrol acetate,vinorelbine,megestrol acetate + vinorelbine,-24,-20.6,42,-64,0.2,5,BR:BT-549;BR:HS 578T;BR:MCF7;BR:MDA-MB-231;BR:T-47D,0.378230901780586,FALSE,FALSE,not_patient_scored
megestrol acetate,pemetrexed,megestrol acetate + pemetrexed,-58,-78,-45,-126,0,5,BR:BT-549;BR:HS 578T;BR:MCF7;BR:MDA-MB-231;BR:T-47D,0.378230901780586,FALSE,FALSE,not_patient_scored
exemestane,megestrol acetate,exemestane + megestrol acetate,-89,-79.8,-12,-155,0,5,BR:BT-549;BR:HS 578T;BR:MCF7;BR:MDA-MB-231;BR:T-47D,0.378230901780586,FALSE,FALSE,not_patient_scored
gefitinib,megestrol acetate,gefitinib + megestrol acetate,-74,-46.4,39,-130,0.4,5,BR:BT-549;BR:HS 578T;BR:MCF7;BR:MDA-MB-231;BR:T-47D,0.378230901780586,FALSE,FALSE,not_patient_scored
megestrol acetate,pazopanib,megestrol acetate + pazopanib,111,68.2,162,-56,0.6,5,BR:BT-549;BR:HS 578T;BR:MCF7;BR:MDA-MB-231;BR:T-47D,0.992915948688493,FALSE,FALSE,not_patient_scored
lenalidomide,megestrol acetate,lenalidomide + megestrol acetate,-75,-82,-25,-157,0,5,BR:BT-549;BR:HS 578T;BR:MCF7;BR:MDA-MB-231;BR:T-47D,0.378230901780586,FALSE,FALSE,not_patient_scored
megestrol acetate,raloxifene,megestrol acetate + raloxifene,-91,-112.8,-43,-179,0,5,BR:BT-549;BR:HS 578T;BR:MCF7;BR:MDA-MB-231;BR:T-47D,0.378230901780586,FALSE,FALSE,not_patient_scored
abiraterone,megestrol acetate,abiraterone + megestrol acetate,-110,-76.2,24,-149,0.2,5,BR:BT-549;BR:HS 578T;BR:MCF7;BR:MDA-MB-231;BR:T-47D,0.378230901780586,FALSE,FALSE,not_patient_scored
megestrol acetate,vemurafenib,megestrol acetate + vemurafenib,-52,-47.4,61,-171,0.3,5,BR:BT-549;BR:HS 578T;BR:MCF7;BR:MDA-MB-231;BR:T-47D,0.378230901780586,FALSE,FALSE,not_patient_scored
megestrol acetate,vismodegib,megestrol acetate + vismodegib,-70,-53.8,36,-159,0.4,5,BR:BT-549;BR:HS 578T;BR:MCF7;BR:MDA-MB-231;BR:T-47D,0.378230901780586,FALSE,FALSE,not_patient_scored
crizotinib,megestrol acetate,crizotinib + megestrol acetate,-77,-83.8,5,-163,0.1,5,BR:BT-549;BR:HS 578T;BR:MCF7;BR:MDA-MB-231;BR:T-47D,0.378230901780586,FALSE,FALSE,not_patient_scored
axitinib,megestrol acetate,axitinib + megestrol acetate,-100,-82.8,23,-186,0.2,5,BR:BT-549;BR:HS 578T;BR:MCF7;BR:MDA-MB-231;BR:T-47D,0.378230901780586,FALSE,FALSE,not_patient_scored
megestrol acetate,vandetanib,megestrol acetate + vandetanib,-132,-97,25,-180,0.2,5,BR:BT-549;BR:HS 578T;BR:MCF7;BR:MDA-MB-231;BR:T-47D,0.378230901780586,FALSE,FALSE,not_patient_scored
cabazitaxel,megestrol acetate,cabazitaxel + megestrol acetate,-12,-25.8,17,-79,0.4,5,BR:BT-549;BR:HS 578T;BR:MCF7;BR:MDA-MB-231;BR:T-47D,0.378230901780586,FALSE,FALSE,not_patient_scored
megestrol acetate,ruxolitinib,megestrol acetate + ruxolitinib,-118,-100.2,-50,-162,0,5,BR:BT-549;BR:HS 578T;BR:MCF7;BR:MDA-MB-231;BR:T-47D,0.378230901780586,FALSE,FALSE,not_patient_scored
methotrexate,procarbazine,methotrexate + procarbazine,-11,-25.4,6,-84,0.2,5,BR:BT-549;BR:HS 578T;BR:MCF7;BR:MDA-MB-231;BR:T-47D,0.378230901780586,FALSE,FALSE,not_patient_scored
busulfan,procarbazine,busulfan + procarbazine,8,-27.4,63,-171,0.6,5,BR:BT-549;BR:HS 578T;BR:MCF7;BR:MDA-MB-231;BR:T-47D,0.818973769864063,FALSE,FALSE,not_patient_scored
6 thioguanine,procarbazine,6 thioguanine + procarbazine,-26,-28.4,-5,-59,0,5,BR:BT-549;BR:HS 578T;BR:MCF7;BR:MDA-MB-231;BR:T-47D,0.378230901780586,FALSE,FALSE,not_patient_scored
6 mercaptopurine,procarbazine,6 mercaptopurine + procarbazine,-21,-30.6,-1,-91,0,5,BR:BT-549;BR:HS 578T;BR:MCF7;BR:MDA-MB-231;BR:T-47D,0.378230901780586,FALSE,FALSE,not_patient_scored
nitrogen mustard,procarbazine,nitrogen mustard + procarbazine,-36,-32.4,-12,-48,0,5,BR:BT-549;BR:HS 578T;BR:MCF7;BR:MDA-MB-231;BR:T-47D,0.378230901780586,FALSE,FALSE,not_patient_scored
allopurinol,procarbazine,allopurinol + procarbazine,-6,-49.8,-2,-160,0,5,BR:BT-549;BR:HS 578T;BR:MCF7;BR:MDA-MB-231;BR:T-47D,0.378230901780586,FALSE,FALSE,not_patient_scored
actinomycin d,procarbazine,actinomycin d + procarbazine,15,22.2,73,-33,0.6,5,BR:BT-549;BR:HS 578T;BR:MCF7;BR:MDA-MB-231;BR:T-47D,0.864541451273215,FALSE,FALSE,not_patient_scored
chlorambucil,procarbazine,chlorambucil + procarbazine,-18,-6.6,52,-71,0.4,5,BR:BT-549;BR:HS 578T;BR:MCF7;BR:MDA-MB-231;BR:T-47D,0.378230901780586,FALSE,FALSE,not_patient_scored
procarbazine,thiotepa,procarbazine + thiotepa,-34,-38.4,0,-73,0,5,BR:BT-549;BR:HS 578T;BR:MCF7;BR:MDA-MB-231;BR:T-47D,0.378230901780586,FALSE,FALSE,not_patient_scored
melphalan,procarbazine,melphalan + procarbazine,-9,2.8,27,-17,0.4,5,BR:BT-549;BR:HS 578T;BR:MCF7;BR:MDA-MB-231;BR:T-47D,0.378230901780586,FALSE,FALSE,not_patient_scored
procarbazine,triethylenemelamine,procarbazine + triethylenemelamine,-84,-94.2,-69,-127,0,5,BR:BT-549;BR:HS 578T;BR:MCF7;BR:MDA-MB-231;BR:T-47D,0.378230901780586,FALSE,FALSE,not_patient_scored
altretamine,procarbazine,altretamine + procarbazine,-25,-20.2,12,-53,0.2,5,BR:BT-549;BR:HS 578T;BR:MCF7;BR:MDA-MB-231;BR:T-47D,0.378230901780586,FALSE,FALSE,not_patient_scored
acrichine,procarbazine,acrichine + procarbazine,50,48.8,142,-23,0.8,5,BR:BT-549;BR:HS 578T;BR:MCF7;BR:MDA-MB-231;BR:T-47D,0.961133448209841,FALSE,FALSE,not_patient_scored
aminolevulinic acid,procarbazine,aminolevulinic acid + procarbazine,-60,-46.4,8,-97,0.2,5,BR:BT-549;BR:HS 578T;BR:MCF7;BR:MDA-MB-231;BR:T-47D,0.378230901780586,FALSE,FALSE,not_patient_scored
5-fluorouracil,procarbazine,5-fluorouracil + procarbazine,22,24.4,44,11,1,5,BR:BT-549;BR:HS 578T;BR:MCF7;BR:MDA-MB-231;BR:T-47D,0.896802603867509,TRUE,FALSE,tier_B_one_drug_patient_scored
mithramycin,procarbazine,mithramycin + procarbazine,-19,-13.8,25,-41,0.2,5,BR:BT-549;BR:HS 578T;BR:MCF7;BR:MDA-MB-231;BR:T-47D,0.378230901780586,FALSE,FALSE,not_patient_scored
pipobroman,procarbazine,pipobroman + procarbazine,-58,-61.6,-8,-117,0,5,BR:BT-549;BR:HS 578T;BR:MCF7;BR:MDA-MB-231;BR:T-47D,0.378230901780586,FALSE,FALSE,not_patient_scored
floxuridine,procarbazine,floxuridine + procarbazine,-49,-37.6,2,-57,0.2,5,BR:BT-549;BR:HS 578T;BR:MCF7;BR:MDA-MB-231;BR:T-47D,0.378230901780586,FALSE,FALSE,not_patient_scored
hydroxyurea,procarbazine,hydroxyurea + procarbazine,-34,-34.4,-2,-65,0,5,BR:BT-549;BR:HS 578T;BR:MCF7;BR:MDA-MB-231;BR:T-47D,0.378230901780586,FALSE,FALSE,not_patient_scored
procarbazine,uracil mustard,procarbazine + uracil mustard,50,50.8,87,22,1,5,BR:BT-549;BR:HS 578T;BR:MCF7;BR:MDA-MB-231;BR:T-47D,0.961133448209841,FALSE,FALSE,not_patient_scored
mitotane,procarbazine,mitotane + procarbazine,-19,-18.8,8,-44,0.2,5,BR:BT-549;BR:HS 578T;BR:MCF7;BR:MDA-MB-231;BR:T-47D,0.378230901780586,FALSE,FALSE,not_patient_scored
dacarbazine,procarbazine,dacarbazine + procarbazine,-2,17.8,75,-14,0.4,5,BR:BT-549;BR:HS 578T;BR:MCF7;BR:MDA-MB-231;BR:T-47D,0.378230901780586,FALSE,FALSE,not_patient_scored
procarbazine,vinblastine,procarbazine + vinblastine,-25,-20,74,-105,0.4,5,BR:BT-549;BR:HS 578T;BR:MCF7;BR:MDA-MB-231;BR:T-47D,0.378230901780586,FALSE,FALSE,not_patient_scored
cytarabine,procarbazine,cytarabine + procarbazine,-17,-15.6,16,-48,0.2,5,BR:BT-549;BR:HS 578T;BR:MCF7;BR:MDA-MB-231;BR:T-47D,0.378230901780586,FALSE,FALSE,not_patient_scored
procarbazine,thalidomide,procarbazine + thalidomide,-33,-29.8,-2,-54,0,5,BR:BT-549;BR:HS 578T;BR:MCF7;BR:MDA-MB-231;BR:T-47D,0.378230901780586,FALSE,FALSE,not_patient_scored
procarbazine,vincristine,procarbazine + vincristine,-17,6.5,94,-34,0.25,4,BR:BT-549;BR:HS 578T;BR:MCF7;BR:MDA-MB-231,0.378230901780586,FALSE,FALSE,not_patient_scored
megestrol acetate,procarbazine,megestrol acetate + procarbazine,-67,-95,21,-215,0.2,5,BR:BT-549;BR:HS 578T;BR:MCF7;BR:MDA-MB-231;BR:T-47D,0.378230901780586,FALSE,FALSE,not_patient_scored
lomustine,procarbazine,lomustine + procarbazine,57,53.2,81,15,1,5,BR:BT-549;BR:HS 578T;BR:MCF7;BR:MDA-MB-231;BR:T-47D,0.970227838407046,FALSE,FALSE,not_patient_scored
daunorubicin,procarbazine,daunorubicin + procarbazine,22,35.6,103,-20,0.6,5,BR:BT-549;BR:HS 578T;BR:MCF7;BR:MDA-MB-231;BR:T-47D,0.896802603867509,FALSE,FALSE,not_patient_scored
procarbazine,streptozocin,procarbazine + streptozocin,-23,-30.25,-11,-64,0,4,BR:HS 578T;BR:MCF7;BR:MDA-MB-231;BR:T-47D,0.378230901780586,FALSE,FALSE,not_patient_scored
azacitidine,procarbazine,azacitidine + procarbazine,-9,-11,3,-25,0.2,5,BR:BT-549;BR:HS 578T;BR:MCF7;BR:MDA-MB-231;BR:T-47D,0.378230901780586,FALSE,FALSE,not_patient_scored
cladribine,procarbazine,cladribine + procarbazine,-28,-39.6,-15,-69,0,5,BR:BT-549;BR:HS 578T;BR:MCF7;BR:MDA-MB-231;BR:T-47D,0.378230901780586,FALSE,FALSE,not_patient_scored
fludarabine,procarbazine,fludarabine + procarbazine,-42,-56.2,-13,-115,0,5,BR:BT-549;BR:HS 578T;BR:MCF7;BR:MDA-MB-231;BR:T-47D,0.378230901780586,FALSE,FALSE,not_patient_scored
isotretinoin,procarbazine,isotretinoin + procarbazine,-32,-30.2,40,-103,0.2,5,BR:BT-549;BR:HS 578T;BR:MCF7;BR:MDA-MB-231;BR:T-47D,0.378230901780586,FALSE,FALSE,not_patient_scored
procarbazine,teniposide,procarbazine + teniposide,50,55.6,109,9,1,5,BR:BT-549;BR:HS 578T;BR:MCF7;BR:MDA-MB-231;BR:T-47D,0.961133448209841,FALSE,FALSE,not_patient_scored
doxorubicin,procarbazine,doxorubicin + procarbazine,55,41.4,174,-154,0.8,5,BR:BT-549;BR:HS 578T;BR:MCF7;BR:MDA-MB-231;BR:T-47D,0.968313229944476,TRUE,FALSE,tier_B_one_drug_patient_scored
bleomycin,procarbazine,bleomycin + procarbazine,24,24,52,-4,0.8,5,BR:BT-549;BR:HS 578T;BR:MCF7;BR:MDA-MB-231;BR:T-47D,0.904843959410301,FALSE,FALSE,not_patient_scored
paclitaxel,procarbazine,paclitaxel + procarbazine,17,26,87,-17,0.5,4,BR:BT-549;BR:MCF7;BR:MDA-MB-231;BR:T-47D,0.874114493586062,TRUE,FALSE,tier_B_one_drug_patient_scored
bendamustine,procarbazine,bendamustine + procarbazine,-35,-34.4,-3,-51,0,5,BR:BT-549;BR:HS 578T;BR:MCF7;BR:MDA-MB-231;BR:T-47D,0.378230901780586,FALSE,FALSE,not_patient_scored
etoposide,procarbazine,etoposide + procarbazine,13,13.4,34,-2,0.6,5,BR:BT-549;BR:HS 578T;BR:MCF7;BR:MDA-MB-231;BR:T-47D,0.852766609228413,FALSE,FALSE,not_patient_scored
dexrazoxane,procarbazine,dexrazoxane + procarbazine,9,5.2,29,-14,0.6,5,BR:BT-549;BR:HS 578T;BR:MCF7;BR:MDA-MB-231;BR:T-47D,0.827685238368754,FALSE,FALSE,not_patient_scored
procarbazine,tamoxifen,procarbazine + tamoxifen,-22,-21.2,7,-53,0.2,5,BR:BT-549;BR:HS 578T;BR:MCF7;BR:MDA-MB-231;BR:T-47D,0.378230901780586,FALSE,FALSE,not_patient_scored
procarbazine,rapamycin,procarbazine + rapamycin,6,17.6,119,-34,0.6,5,BR:BT-549;BR:HS 578T;BR:MCF7;BR:MDA-MB-231;BR:T-47D,0.802508137085966,FALSE,TRUE,tier_B_one_drug_patient_scored
carboplatin,procarbazine,carboplatin + procarbazine,-19,-23.6,22,-103,0.4,5,BR:BT-549;BR:HS 578T;BR:MCF7;BR:MDA-MB-231;BR:T-47D,0.378230901780586,FALSE,FALSE,not_patient_scored
procarbazine,valrubicin,procarbazine + valrubicin,57,45.4,87,-12,0.8,5,BR:BT-549;BR:HS 578T;BR:MCF7;BR:MDA-MB-231;BR:T-47D,0.970227838407046,FALSE,FALSE,not_patient_scored
mitoxantrone,procarbazine,mitoxantrone + procarbazine,104,100,153,54,1,5,BR:BT-549;BR:HS 578T;BR:MCF7;BR:MDA-MB-231;BR:T-47D,0.991479992341566,FALSE,FALSE,not_patient_scored
procarbazine,temozolomide,procarbazine + temozolomide,-25,-33.8,-3,-85,0,5,BR:BT-549;BR:HS 578T;BR:MCF7;BR:MDA-MB-231;BR:T-47D,0.378230901780586,FALSE,FALSE,not_patient_scored
clofarabine,procarbazine,clofarabine + procarbazine,-19,-26.2,5,-60,0.2,5,BR:BT-549;BR:HS 578T;BR:MCF7;BR:MDA-MB-231;BR:T-47D,0.378230901780586,FALSE,FALSE,not_patient_scored
procarbazine,vinorelbine,procarbazine + vinorelbine,9,24.2,56,3,1,5,BR:BT-549;BR:HS 578T;BR:MCF7;BR:MDA-MB-231;BR:T-47D,0.827685238368754,FALSE,FALSE,not_patient_scored
gemcitabine,procarbazine,gemcitabine + procarbazine,-49,-36.8,4,-54,0.2,5,BR:BT-549;BR:HS 578T;BR:MCF7;BR:MDA-MB-231;BR:T-47D,0.378230901780586,TRUE,FALSE,tier_B_one_drug_patient_scored
docetaxel,procarbazine,docetaxel + procarbazine,-38,-38,-17,-59,0,2,BR:MCF7;BR:MDA-MB-231,0.378230901780586,TRUE,FALSE,tier_B_one_drug_patient_scored
7 ethyl 10 hydroxycamptothecin,procarbazine,7 ethyl 10 hydroxycamptothecin + procarbazine,-24,-17,19,-53,0.4,5,BR:BT-549;BR:HS 578T;BR:MCF7;BR:MDA-MB-231;BR:T-47D,0.378230901780586,FALSE,FALSE,not_patient_scored
nelarabine,procarbazine,nelarabine + procarbazine,-47.5,-93.25,-27,-251,0,4,BR:BT-549;BR:HS 578T;BR:MCF7;BR:MDA-MB-231,0.378230901780586,FALSE,FALSE,not_patient_scored
procarbazine,vorinostat,procarbazine + vorinostat,-52,-87.4,-38,-246,0,5,BR:BT-549;BR:HS 578T;BR:MCF7;BR:MDA-MB-231;BR:T-47D,0.378230901780586,FALSE,FALSE,not_patient_scored
capecitabine,procarbazine,capecitabine + procarbazine,-60,-56.4,-11,-116,0,5,BR:BT-549;BR:HS 578T;BR:MCF7;BR:MDA-MB-231;BR:T-47D,0.378230901780586,FALSE,FALSE,not_patient_scored
exemestane,procarbazine,exemestane + procarbazine,45,40.2,76,14,1,5,BR:BT-549;BR:HS 578T;BR:MCF7;BR:MDA-MB-231;BR:T-47D,0.95433658816772,FALSE,FALSE,not_patient_scored
gefitinib,procarbazine,gefitinib + procarbazine,45,38.8,54,12,1,5,BR:BT-549;BR:HS 578T;BR:MCF7;BR:MDA-MB-231;BR:T-47D,0.95433658816772,FALSE,FALSE,not_patient_scored
anastrozole,procarbazine,anastrozole + procarbazine,-28,-36.6,-23,-73,0,5,BR:BT-549;BR:HS 578T;BR:MCF7;BR:MDA-MB-231;BR:T-47D,0.378230901780586,FALSE,FALSE,not_patient_scored
letrozole,procarbazine,letrozole + procarbazine,-22,-38.4,-14,-80,0,5,BR:BT-549;BR:HS 578T;BR:MCF7;BR:MDA-MB-231;BR:T-47D,0.378230901780586,FALSE,FALSE,not_patient_scored
celecoxib,procarbazine,celecoxib + procarbazine,-39,-47.2,-17,-109,0,5,BR:BT-549;BR:HS 578T;BR:MCF7;BR:MDA-MB-231;BR:T-47D,0.378230901780586,FALSE,FALSE,not_patient_scored
procarbazine,zoledronate,procarbazine + zoledronate,-13,-14,28,-47,0.2,5,BR:BT-549;BR:HS 578T;BR:MCF7;BR:MDA-MB-231;BR:T-47D,0.378230901780586,FALSE,FALSE,not_patient_scored
dasatinib,procarbazine,dasatinib + procarbazine,22,-15.8,70,-159,0.6,5,BR:BT-549;BR:HS 578T;BR:MCF7;BR:MDA-MB-231;BR:T-47D,0.896802603867509,FALSE,FALSE,not_patient_scored
everolimus,procarbazine,everolimus + procarbazine,-19,-16,34,-44,0.2,5,BR:BT-549;BR:HS 578T;BR:MCF7;BR:MDA-MB-231;BR:T-47D,0.378230901780586,FALSE,FALSE,not_patient_scored
pazopanib,procarbazine,pazopanib + procarbazine,-34,-27.6,23,-64,0.2,5,BR:BT-549;BR:HS 578T;BR:MCF7;BR:MDA-MB-231;BR:T-47D,0.378230901780586,FALSE,FALSE,not_patient_scored
imatinib,procarbazine,imatinib + procarbazine,-40,-63.4,-15,-151,0,5,BR:BT-549;BR:HS 578T;BR:MCF7;BR:MDA-MB-231;BR:T-47D,0.378230901780586,FALSE,FALSE,not_patient_scored
lapatinib,procarbazine,lapatinib + procarbazine,-39,-53,36,-194,0.2,5,BR:BT-549;BR:HS 578T;BR:MCF7;BR:MDA-MB-231;BR:T-47D,0.378230901780586,TRUE,FALSE,tier_B_one_drug_patient_scored
nilotinib,procarbazine,nilotinib + procarbazine,-102,-114,-17,-226,0,5,BR:BT-549;BR:HS 578T;BR:MCF7;BR:MDA-MB-231;BR:T-47D,0.378230901780586,FALSE,FALSE,not_patient_scored
procarbazine,sorafenib,procarbazine + sorafenib,-53,-77.4,-11,-210,0,5,BR:BT-549;BR:HS 578T;BR:MCF7;BR:MDA-MB-231;BR:T-47D,0.378230901780586,FALSE,FALSE,not_patient_scored
lenalidomide,procarbazine,lenalidomide + procarbazine,28,20,49,-25,0.8,5,BR:BT-549;BR:HS 578T;BR:MCF7;BR:MDA-MB-231;BR:T-47D,0.91738464484013,FALSE,FALSE,not_patient_scored
procarbazine,raloxifene,procarbazine + raloxifene,-50,-60,-27,-99,0,5,BR:BT-549;BR:HS 578T;BR:MCF7;BR:MDA-MB-231;BR:T-47D,0.378230901780586,FALSE,FALSE,not_patient_scored
abiraterone,procarbazine,abiraterone + procarbazine,-15,-19,31,-79,0.4,5,BR:BT-549;BR:HS 578T;BR:MCF7;BR:MDA-MB-231;BR:T-47D,0.378230901780586,FALSE,FALSE,not_patient_scored
procarbazine,sunitinib,procarbazine + sunitinib,-98,-109.6,-40,-218,0,5,BR:BT-549;BR:HS 578T;BR:MCF7;BR:MDA-MB-231;BR:T-47D,0.378230901780586,FALSE,FALSE,not_patient_scored
procarbazine,vemurafenib,procarbazine + vemurafenib,-91,-82,-42,-104,0,4,BR:BT-549;BR:HS 578T;BR:MCF7;BR:T-47D,0.378230901780586,FALSE,FALSE,not_patient_scored
depsipeptide,procarbazine,depsipeptide + procarbazine,-13,-8,48,-53,0.4,5,BR:BT-549;BR:HS 578T;BR:MCF7;BR:MDA-MB-231;BR:T-47D,0.378230901780586,FALSE,FALSE,not_patient_scored
pralatrexate,procarbazine,pralatrexate + procarbazine,-20,-45.4,-4,-99,0,5,BR:BT-549;BR:HS 578T;BR:MCF7;BR:MDA-MB-231;BR:T-47D,0.378230901780586,FALSE,FALSE,not_patient_scored
procarbazine,vismodegib,procarbazine + vismodegib,-70,-61.8,3,-96,0.2,5,BR:BT-549;BR:HS 578T;BR:MCF7;BR:MDA-MB-231;BR:T-47D,0.378230901780586,FALSE,FALSE,not_patient_scored
crizotinib,procarbazine,crizotinib + procarbazine,-74,-68.4,-34,-102,0,5,BR:BT-549;BR:HS 578T;BR:MCF7;BR:MDA-MB-231;BR:T-47D,0.378230901780586,FALSE,FALSE,not_patient_scored
axitinib,procarbazine,axitinib + procarbazine,-20,-24.6,-7,-54,0,5,BR:BT-549;BR:HS 578T;BR:MCF7;BR:MDA-MB-231;BR:T-47D,0.378230901780586,FALSE,FALSE,not_patient_scored
procarbazine,vandetanib,procarbazine + vandetanib,-29,-27.8,37,-86,0.2,5,BR:BT-549;BR:HS 578T;BR:MCF7;BR:MDA-MB-231;BR:T-47D,0.378230901780586,FALSE,FALSE,not_patient_scored
cabazitaxel,procarbazine,cabazitaxel + procarbazine,-27,-22,10,-52,0.2,5,BR:BT-549;BR:HS 578T;BR:MCF7;BR:MDA-MB-231;BR:T-47D,0.378230901780586,FALSE,FALSE,not_patient_scored
procarbazine,ruxolitinib,procarbazine + ruxolitinib,-8,-5,24,-50,0.4,5,BR:BT-549;BR:HS 578T;BR:MCF7;BR:MDA-MB-231;BR:T-47D,0.378230901780586,FALSE,FALSE,not_patient_scored
lomustine,triethylenemelamine,lomustine + triethylenemelamine,-55,-47.2,26,-90,0.2,5,BR:BT-549;BR:HS 578T;BR:MCF7;BR:MDA-MB-231;BR:T-47D,0.378230901780586,FALSE,FALSE,not_patient_scored
daunorubicin,lomustine,daunorubicin + lomustine,-29,-27.8,5,-56,0.2,5,BR:BT-549;BR:HS 578T;BR:MCF7;BR:MDA-MB-231;BR:T-47D,0.378230901780586,FALSE,FALSE,not_patient_scored
lomustine,teniposide,lomustine + teniposide,-61,-59.6,-35,-94,0,5,BR:BT-549;BR:HS 578T;BR:MCF7;BR:MDA-MB-231;BR:T-47D,0.378230901780586,FALSE,FALSE,not_patient_scored
doxorubicin,lomustine,doxorubicin + lomustine,24,20.4,75,-39,0.8,5,BR:BT-549;BR:HS 578T;BR:MCF7;BR:MDA-MB-231;BR:T-47D,0.904843959410301,TRUE,FALSE,tier_B_one_drug_patient_scored
etoposide,lomustine,etoposide + lomustine,-37,-46.2,-4,-86,0,5,BR:BT-549;BR:HS 578T;BR:MCF7;BR:MDA-MB-231;BR:T-47D,0.378230901780586,FALSE,FALSE,not_patient_scored
dexrazoxane,lomustine,dexrazoxane + lomustine,-35,-40.6,-29,-62,0,5,BR:BT-549;BR:HS 578T;BR:MCF7;BR:MDA-MB-231;BR:T-47D,0.378230901780586,FALSE,FALSE,not_patient_scored
lomustine,mitoxantrone,lomustine + mitoxantrone,-165,-145.6,-76,-199,0,5,BR:BT-549;BR:HS 578T;BR:MCF7;BR:MDA-MB-231;BR:T-47D,0.378230901780586,FALSE,FALSE,not_patient_scored
lomustine,vinorelbine,lomustine + vinorelbine,-47.5,-40.5,-4,-63,0,4,BR:BT-549;BR:MCF7;BR:MDA-MB-231;BR:T-47D,0.378230901780586,FALSE,FALSE,not_patient_scored
lomustine,pemetrexed,lomustine + pemetrexed,-67,-68.4,-18,-119,0,5,BR:BT-549;BR:HS 578T;BR:MCF7;BR:MDA-MB-231;BR:T-47D,0.378230901780586,FALSE,FALSE,not_patient_scored
exemestane,lomustine,exemestane + lomustine,-7,-22,0,-54,0,5,BR:BT-549;BR:HS 578T;BR:MCF7;BR:MDA-MB-231;BR:T-47D,0.378230901780586,FALSE,FALSE,not_patient_scored
gefitinib,lomustine,gefitinib + lomustine,-30,-1.8,67,-53,0.4,5,BR:BT-549;BR:HS 578T;BR:MCF7;BR:MDA-MB-231;BR:T-47D,0.378230901780586,FALSE,FALSE,not_patient_scored
lomustine,pazopanib,lomustine + pazopanib,30,17.6,42,-45,0.8,5,BR:BT-549;BR:HS 578T;BR:MCF7;BR:MDA-MB-231;BR:T-47D,0.923607122343481,FALSE,FALSE,not_patient_scored
lenalidomide,lomustine,lenalidomide + lomustine,-51,-42.8,-21,-62,0,5,BR:BT-549;BR:HS 578T;BR:MCF7;BR:MDA-MB-231;BR:T-47D,0.378230901780586,FALSE,FALSE,not_patient_scored
lomustine,raloxifene,lomustine + raloxifene,-1,0.8,14,-18,0.4,5,BR:BT-549;BR:HS 578T;BR:MCF7;BR:MDA-MB-231;BR:T-47D,0.378230901780586,FALSE,FALSE,not_patient_scored
abiraterone,lomustine,abiraterone + lomustine,20,17,54,-25,0.6,5,BR:BT-549;BR:HS 578T;BR:MCF7;BR:MDA-MB-231;BR:T-47D,0.888091135362818,FALSE,FALSE,not_patient_scored
lomustine,vemurafenib,lomustine + vemurafenib,-16,-9.8,59,-63,0.4,5,BR:BT-549;BR:HS 578T;BR:MCF7;BR:MDA-MB-231;BR:T-47D,0.378230901780586,FALSE,FALSE,not_patient_scored
lomustine,vismodegib,lomustine + vismodegib,5,1.4,35,-34,0.6,5,BR:BT-549;BR:HS 578T;BR:MCF7;BR:MDA-MB-231;BR:T-47D,0.793030825196247,FALSE,FALSE,not_patient_scored
crizotinib,lomustine,crizotinib + lomustine,-29.5,-23.7,58,-67,0.2,5,BR:BT-549;BR:HS 578T;BR:MCF7;BR:MDA-MB-231;BR:T-47D,0.378230901780586,FALSE,FALSE,not_patient_scored
axitinib,lomustine,axitinib + lomustine,-21,3.4,70,-48,0.4,5,BR:BT-549;BR:HS 578T;BR:MCF7;BR:MDA-MB-231;BR:T-47D,0.378230901780586,FALSE,FALSE,not_patient_scored
lomustine,vandetanib,lomustine + vandetanib,2,15,48,-1,0.6,5,BR:BT-549;BR:HS 578T;BR:MCF7;BR:MDA-MB-231;BR:T-47D,0.768140915182845,FALSE,FALSE,not_patient_scored
cabazitaxel,lomustine,cabazitaxel + lomustine,-15,-14.6666666666667,5,-34,0.333333333333333,3,BR:MCF7;BR:MDA-MB-231;BR:T-47D,0.378230901780586,FALSE,FALSE,not_patient_scored
lomustine,ruxolitinib,lomustine + ruxolitinib,-8,-1,19,-12,0.4,5,BR:BT-549;BR:HS 578T;BR:MCF7;BR:MDA-MB-231;BR:T-47D,0.378230901780586,FALSE,FALSE,not_patient_scored
daunorubicin,triethylenemelamine,daunorubicin + triethylenemelamine,28,47.6,96,5,1,5,BR:BT-549;BR:HS 578T;BR:MCF7;BR:MDA-MB-231;BR:T-47D,0.91738464484013,FALSE,FALSE,not_patient_scored
daunorubicin,teniposide,daunorubicin + teniposide,25,19.8,44,-23,0.8,5,BR:BT-549;BR:HS 578T;BR:MCF7;BR:MDA-MB-231;BR:T-47D,0.908673176335439,FALSE,FALSE,not_patient_scored
daunorubicin,doxorubicin,daunorubicin + doxorubicin,49,25.4,137,-128,0.8,5,BR:BT-549;BR:HS 578T;BR:MCF7;BR:MDA-MB-231;BR:T-47D,0.959697491862914,FALSE,TRUE,tier_B_one_drug_patient_scored
daunorubicin,etoposide,daunorubicin + etoposide,3,3,42,-36,0.6,5,BR:BT-549;BR:HS 578T;BR:MCF7;BR:MDA-MB-231;BR:T-47D,0.775895079456251,FALSE,FALSE,not_patient_scored
daunorubicin,dexrazoxane,daunorubicin + dexrazoxane,-5,-16.6,18,-68,0.4,5,BR:BT-549;BR:HS 578T;BR:MCF7;BR:MDA-MB-231;BR:T-47D,0.378230901780586,FALSE,FALSE,not_patient_scored
daunorubicin,mitoxantrone,daunorubicin + mitoxantrone,36,28.6,55,-1,0.8,5,BR:BT-549;BR:HS 578T;BR:MCF7;BR:MDA-MB-231;BR:T-47D,0.938828259620908,FALSE,FALSE,not_patient_scored
daunorubicin,vinorelbine,daunorubicin + vinorelbine,-13,-18.6666666666667,-10,-33,0,3,BR:BT-549;BR:MCF7;BR:MDA-MB-231,0.378230901780586,FALSE,FALSE,not_patient_scored
daunorubicin,pemetrexed,daunorubicin + pemetrexed,-33,-29.2,0,-51,0,5,BR:BT-549;BR:HS 578T;BR:MCF7;BR:MDA-MB-231;BR:T-47D,0.378230901780586,FALSE,FALSE,not_patient_scored
daunorubicin,exemestane,daunorubicin + exemestane,27,43.6,80,20,1,5,BR:BT-549;BR:HS 578T;BR:MCF7;BR:MDA-MB-231;BR:T-47D,0.914225540876891,FALSE,FALSE,not_patient_scored
daunorubicin,gefitinib,daunorubicin + gefitinib,52,52.6,66,37,1,5,BR:BT-549;BR:HS 578T;BR:MCF7;BR:MDA-MB-231;BR:T-47D,0.964675473865594,FALSE,FALSE,not_patient_scored
daunorubicin,pazopanib,daunorubicin + pazopanib,17,30,88,-1,0.8,5,BR:BT-549;BR:HS 578T;BR:MCF7;BR:MDA-MB-231;BR:T-47D,0.874114493586062,FALSE,FALSE,not_patient_scored
daunorubicin,lenalidomide,daunorubicin + lenalidomide,11,11.4,69,-30,0.6,5,BR:BT-549;BR:HS 578T;BR:MCF7;BR:MDA-MB-231;BR:T-47D,0.841853340991767,FALSE,FALSE,not_patient_scored
daunorubicin,raloxifene,daunorubicin + raloxifene,15,21.6,66,-8,0.6,5,BR:BT-549;BR:HS 578T;BR:MCF7;BR:MDA-MB-231;BR:T-47D,0.864541451273215,FALSE,FALSE,not_patient_scored
abiraterone,daunorubicin,abiraterone + daunorubicin,51,44.8,54,26,1,5,BR:BT-549;BR:HS 578T;BR:MCF7;BR:MDA-MB-231;BR:T-47D,0.962952326249282,FALSE,FALSE,not_patient_scored
daunorubicin,vemurafenib,daunorubicin + vemurafenib,-12,-27.3,48,-125,0.4,5,BR:BT-549;BR:HS 578T;BR:MCF7;BR:MDA-MB-231;BR:T-47D,0.378230901780586,FALSE,FALSE,not_patient_scored
daunorubicin,vismodegib,daunorubicin + vismodegib,55,59.2,125,11,1,5,BR:BT-549;BR:HS 578T;BR:MCF7;BR:MDA-MB-231;BR:T-47D,0.968313229944476,FALSE,FALSE,not_patient_scored
crizotinib,daunorubicin,crizotinib + daunorubicin,-29.5,-41.4,-2,-108,0,5,BR:BT-549;BR:HS 578T;BR:MCF7;BR:MDA-MB-231;BR:T-47D,0.378230901780586,FALSE,FALSE,not_patient_scored
axitinib,daunorubicin,axitinib + daunorubicin,-12,-11.2,50,-77,0.4,5,BR:BT-549;BR:HS 578T;BR:MCF7;BR:MDA-MB-231;BR:T-47D,0.378230901780586,FALSE,FALSE,not_patient_scored
daunorubicin,vandetanib,daunorubicin + vandetanib,11,13.8,41,-6,0.6,5,BR:BT-549;BR:HS 578T;BR:MCF7;BR:MDA-MB-231;BR:T-47D,0.841853340991767,FALSE,FALSE,not_patient_scored
cabazitaxel,daunorubicin,cabazitaxel + daunorubicin,30,34.6666666666667,46,28,1,3,BR:BT-549;BR:MCF7;BR:MDA-MB-231,0.923607122343481,FALSE,FALSE,not_patient_scored
daunorubicin,ruxolitinib,daunorubicin + ruxolitinib,19,14.2,93,-65,0.6,5,BR:BT-549;BR:HS 578T;BR:MCF7;BR:MDA-MB-231;BR:T-47D,0.883974727168294,FALSE,FALSE,not_patient_scored
methotrexate,streptozocin,methotrexate + streptozocin,-38,-40.4,-15,-67,0,5,BR:BT-549;BR:HS 578T;BR:MCF7;BR:MDA-MB-231;BR:T-47D,0.378230901780586,FALSE,FALSE,not_patient_scored
busulfan,streptozocin,busulfan + streptozocin,-34,-32.8,21,-76,0.2,5,BR:BT-549;BR:HS 578T;BR:MCF7;BR:MDA-MB-231;BR:T-47D,0.378230901780586,FALSE,FALSE,not_patient_scored
6 thioguanine,streptozocin,6 thioguanine + streptozocin,-39,-28.2,8,-47,0.2,5,BR:BT-549;BR:HS 578T;BR:MCF7;BR:MDA-MB-231;BR:T-47D,0.378230901780586,FALSE,FALSE,not_patient_scored
6 mercaptopurine,streptozocin,6 mercaptopurine + streptozocin,-21,-28.6,7,-63,0.2,5,BR:BT-549;BR:HS 578T;BR:MCF7;BR:MDA-MB-231;BR:T-47D,0.378230901780586,FALSE,FALSE,not_patient_scored
nitrogen mustard,streptozocin,nitrogen mustard + streptozocin,-31,-26.2,12,-49,0.2,5,BR:BT-549;BR:HS 578T;BR:MCF7;BR:MDA-MB-231;BR:T-47D,0.378230901780586,FALSE,FALSE,not_patient_scored
allopurinol,streptozocin,allopurinol + streptozocin,-23,-78.6,24,-302,0.4,5,BR:BT-549;BR:HS 578T;BR:MCF7;BR:MDA-MB-231;BR:T-47D,0.378230901780586,FALSE,FALSE,not_patient_scored
actinomycin d,streptozocin,actinomycin d + streptozocin,-48,-36.8,-8,-56,0,5,BR:BT-549;BR:HS 578T;BR:MCF7;BR:MDA-MB-231;BR:T-47D,0.378230901780586,FALSE,FALSE,not_patient_scored
chlorambucil,streptozocin,chlorambucil + streptozocin,-24,-27.2,0,-73,0,5,BR:BT-549;BR:HS 578T;BR:MCF7;BR:MDA-MB-231;BR:T-47D,0.378230901780586,FALSE,FALSE,not_patient_scored
streptozocin,thiotepa,streptozocin + thiotepa,-5,-5.8,29,-48,0.4,5,BR:BT-549;BR:HS 578T;BR:MCF7;BR:MDA-MB-231;BR:T-47D,0.378230901780586,FALSE,FALSE,not_patient_scored
melphalan,streptozocin,melphalan + streptozocin,-41,-36.4,-20,-55,0,5,BR:BT-549;BR:HS 578T;BR:MCF7;BR:MDA-MB-231;BR:T-47D,0.378230901780586,FALSE,FALSE,not_patient_scored
streptozocin,triethylenemelamine,streptozocin + triethylenemelamine,-37,-28.4,0,-49,0,5,BR:BT-549;BR:HS 578T;BR:MCF7;BR:MDA-MB-231;BR:T-47D,0.378230901780586,FALSE,FALSE,not_patient_scored
altretamine,streptozocin,altretamine + streptozocin,-82,-74.2,0,-118,0,5,BR:BT-549;BR:HS 578T;BR:MCF7;BR:MDA-MB-231;BR:T-47D,0.378230901780586,FALSE,FALSE,not_patient_scored
acrichine,streptozocin,acrichine + streptozocin,-7,-6.6,64,-61,0.4,5,BR:BT-549;BR:HS 578T;BR:MCF7;BR:MDA-MB-231;BR:T-47D,0.378230901780586,FALSE,FALSE,not_patient_scored
aminolevulinic acid,streptozocin,aminolevulinic acid + streptozocin,-26,-29.8,6,-105,0.4,5,BR:BT-549;BR:HS 578T;BR:MCF7;BR:MDA-MB-231;BR:T-47D,0.378230901780586,FALSE,FALSE,not_patient_scored
5-fluorouracil,streptozocin,5-fluorouracil + streptozocin,-11,-12.2,13,-44,0.2,5,BR:BT-549;BR:HS 578T;BR:MCF7;BR:MDA-MB-231;BR:T-47D,0.378230901780586,TRUE,FALSE,tier_B_one_drug_patient_scored
mithramycin,streptozocin,mithramycin + streptozocin,-28,-13.4,73,-62,0.4,5,BR:BT-549;BR:HS 578T;BR:MCF7;BR:MDA-MB-231;BR:T-47D,0.378230901780586,FALSE,FALSE,not_patient_scored
pipobroman,streptozocin,pipobroman + streptozocin,-12,-12.8,62,-93,0.4,5,BR:BT-549;BR:HS 578T;BR:MCF7;BR:MDA-MB-231;BR:T-47D,0.378230901780586,FALSE,FALSE,not_patient_scored
floxuridine,streptozocin,floxuridine + streptozocin,-19,-22.2,-3,-56,0,5,BR:BT-549;BR:HS 578T;BR:MCF7;BR:MDA-MB-231;BR:T-47D,0.378230901780586,FALSE,FALSE,not_patient_scored
hydroxyurea,streptozocin,hydroxyurea + streptozocin,-48,-38.6,-9,-60,0,5,BR:BT-549;BR:HS 578T;BR:MCF7;BR:MDA-MB-231;BR:T-47D,0.378230901780586,FALSE,FALSE,not_patient_scored
streptozocin,uracil mustard,streptozocin + uracil mustard,-17,-11,41,-42,0.2,5,BR:BT-549;BR:HS 578T;BR:MCF7;BR:MDA-MB-231;BR:T-47D,0.378230901780586,FALSE,FALSE,not_patient_scored
mitotane,streptozocin,mitotane + streptozocin,-23,-20.6,-6,-30,0,5,BR:BT-549;BR:HS 578T;BR:MCF7;BR:MDA-MB-231;BR:T-47D,0.378230901780586,FALSE,FALSE,not_patient_scored
dacarbazine,streptozocin,dacarbazine + streptozocin,-62,-47.2,7,-82,0.2,5,BR:BT-549;BR:HS 578T;BR:MCF7;BR:MDA-MB-231;BR:T-47D,0.378230901780586,FALSE,FALSE,not_patient_scored
streptozocin,vinblastine,streptozocin + vinblastine,-37,-36.6,-5,-82,0,5,BR:BT-549;BR:HS 578T;BR:MCF7;BR:MDA-MB-231;BR:T-47D,0.378230901780586,FALSE,FALSE,not_patient_scored
cytarabine,streptozocin,cytarabine + streptozocin,-9,-2,34,-31,0.4,5,BR:BT-549;BR:HS 578T;BR:MCF7;BR:MDA-MB-231;BR:T-47D,0.378230901780586,FALSE,FALSE,not_patient_scored
streptozocin,thalidomide,streptozocin + thalidomide,-471,-515.6,-329,-756,0,5,BR:BT-549;BR:HS 578T;BR:MCF7;BR:MDA-MB-231;BR:T-47D,0.378230901780586,FALSE,FALSE,not_patient_scored
streptozocin,vincristine,streptozocin + vincristine,-106,-109.8,-92,-146,0,5,BR:BT-549;BR:HS 578T;BR:MCF7;BR:MDA-MB-231;BR:T-47D,0.378230901780586,FALSE,FALSE,not_patient_scored
megestrol acetate,streptozocin,megestrol acetate + streptozocin,-71,-92.2,2,-219,0.2,5,BR:BT-549;BR:HS 578T;BR:MCF7;BR:MDA-MB-231;BR:T-47D,0.378230901780586,FALSE,FALSE,not_patient_scored
lomustine,streptozocin,lomustine + streptozocin,8,-4.2,38,-62,0.6,5,BR:BT-549;BR:HS 578T;BR:MCF7;BR:MDA-MB-231;BR:T-47D,0.818973769864063,FALSE,FALSE,not_patient_scored
daunorubicin,streptozocin,daunorubicin + streptozocin,9,4.6,35,-34,0.6,5,BR:BT-549;BR:HS 578T;BR:MCF7;BR:MDA-MB-231;BR:T-47D,0.827685238368754,FALSE,FALSE,not_patient_scored
azacitidine,streptozocin,azacitidine + streptozocin,-16,-22,13,-59,0.2,5,BR:BT-549;BR:HS 578T;BR:MCF7;BR:MDA-MB-231;BR:T-47D,0.378230901780586,FALSE,FALSE,not_patient_scored
cladribine,streptozocin,cladribine + streptozocin,-29,-30.8,9,-63,0.2,5,BR:BT-549;BR:HS 578T;BR:MCF7;BR:MDA-MB-231;BR:T-47D,0.378230901780586,FALSE,FALSE,not_patient_scored
fludarabine,streptozocin,fludarabine + streptozocin,-46,-50.4,-36,-73,0,5,BR:BT-549;BR:HS 578T;BR:MCF7;BR:MDA-MB-231;BR:T-47D,0.378230901780586,FALSE,FALSE,not_patient_scored
isotretinoin,streptozocin,isotretinoin + streptozocin,-39,-33,35,-98,0.4,5,BR:BT-549;BR:HS 578T;BR:MCF7;BR:MDA-MB-231;BR:T-47D,0.378230901780586,FALSE,FALSE,not_patient_scored
streptozocin,teniposide,streptozocin + teniposide,37,36.4,72,-8,0.8,5,BR:BT-549;BR:HS 578T;BR:MCF7;BR:MDA-MB-231;BR:T-47D,0.941317250622248,FALSE,FALSE,not_patient_scored
doxorubicin,streptozocin,doxorubicin + streptozocin,4,1.2,59,-64,0.6,5,BR:BT-549;BR:HS 578T;BR:MCF7;BR:MDA-MB-231;BR:T-47D,0.783553513306529,TRUE,FALSE,tier_B_one_drug_patient_scored
bleomycin,streptozocin,bleomycin + streptozocin,-19,-9.8,28,-62,0.4,5,BR:BT-549;BR:HS 578T;BR:MCF7;BR:MDA-MB-231;BR:T-47D,0.378230901780586,FALSE,FALSE,not_patient_scored
paclitaxel,streptozocin,paclitaxel + streptozocin,-65,-17,174,-90,0.2,5,BR:BT-549;BR:HS 578T;BR:MCF7;BR:MDA-MB-231;BR:T-47D,0.378230901780586,TRUE,FALSE,tier_B_one_drug_patient_scored
bendamustine,streptozocin,bendamustine + streptozocin,-36,-40.4,-17,-75,0,5,BR:BT-549;BR:HS 578T;BR:MCF7;BR:MDA-MB-231;BR:T-47D,0.378230901780586,FALSE,FALSE,not_patient_scored
etoposide,streptozocin,etoposide + streptozocin,11,11.4,54,-31,0.6,5,BR:BT-549;BR:HS 578T;BR:MCF7;BR:MDA-MB-231;BR:T-47D,0.841853340991767,FALSE,FALSE,not_patient_scored
dexrazoxane,streptozocin,dexrazoxane + streptozocin,17,6.6,41,-34,0.6,5,BR:BT-549;BR:HS 578T;BR:MCF7;BR:MDA-MB-231;BR:T-47D,0.874114493586062,FALSE,FALSE,not_patient_scored
streptozocin,tamoxifen,streptozocin + tamoxifen,-16,-13,28,-34,0.2,5,BR:BT-549;BR:HS 578T;BR:MCF7;BR:MDA-MB-231;BR:T-47D,0.378230901780586,FALSE,FALSE,not_patient_scored
rapamycin,streptozocin,rapamycin + streptozocin,-29,-25.75,4,-49,0.25,4,BR:BT-549;BR:HS 578T;BR:MCF7;BR:MDA-MB-231,0.378230901780586,TRUE,FALSE,tier_B_one_drug_patient_scored
carboplatin,streptozocin,carboplatin + streptozocin,-31.5,-34,16,-89,0.5,4,BR:HS 578T;BR:MCF7;BR:MDA-MB-231;BR:T-47D,0.378230901780586,FALSE,FALSE,not_patient_scored
streptozocin,valrubicin,streptozocin + valrubicin,22,-5.6,106,-209,0.8,5,BR:BT-549;BR:HS 578T;BR:MCF7;BR:MDA-MB-231;BR:T-47D,0.896802603867509,FALSE,FALSE,not_patient_scored
mitoxantrone,streptozocin,mitoxantrone + streptozocin,33,20.2,58,-50,0.8,5,BR:BT-549;BR:HS 578T;BR:MCF7;BR:MDA-MB-231;BR:T-47D,0.932701512540685,FALSE,FALSE,not_patient_scored
streptozocin,temozolomide,streptozocin + temozolomide,-37,-40.4,4,-94,0.2,5,BR:BT-549;BR:HS 578T;BR:MCF7;BR:MDA-MB-231;BR:T-47D,0.378230901780586,FALSE,FALSE,not_patient_scored
clofarabine,streptozocin,clofarabine + streptozocin,-17,-19.2,-4,-50,0,5,BR:BT-549;BR:HS 578T;BR:MCF7;BR:MDA-MB-231;BR:T-47D,0.378230901780586,FALSE,FALSE,not_patient_scored
streptozocin,vinorelbine,streptozocin + vinorelbine,1,-3.2,22,-38,0.6,5,BR:BT-549;BR:HS 578T;BR:MCF7;BR:MDA-MB-231;BR:T-47D,0.759908098793797,FALSE,FALSE,not_patient_scored
gemcitabine,streptozocin,gemcitabine + streptozocin,-28,-31,-12,-59,0,5,BR:BT-549;BR:HS 578T;BR:MCF7;BR:MDA-MB-231;BR:T-47D,0.378230901780586,TRUE,FALSE,tier_B_one_drug_patient_scored
docetaxel,streptozocin,docetaxel + streptozocin,-64,-49,12,-70,0.2,5,BR:BT-549;BR:HS 578T;BR:MCF7;BR:MDA-MB-231;BR:T-47D,0.378230901780586,TRUE,FALSE,tier_B_one_drug_patient_scored
7 ethyl 10 hydroxycamptothecin,streptozocin,7 ethyl 10 hydroxycamptothecin + streptozocin,-15,-14.6,3,-36,0.2,5,BR:BT-549;BR:HS 578T;BR:MCF7;BR:MDA-MB-231;BR:T-47D,0.378230901780586,FALSE,FALSE,not_patient_scored
nelarabine,streptozocin,nelarabine + streptozocin,-49,-90.4,-4,-227,0,5,BR:BT-549;BR:HS 578T;BR:MCF7;BR:MDA-MB-231;BR:T-47D,0.378230901780586,FALSE,FALSE,not_patient_scored
pemetrexed,streptozocin,pemetrexed + streptozocin,-22,-24.8,12,-91,0.4,5,BR:BT-549;BR:HS 578T;BR:MCF7;BR:MDA-MB-231;BR:T-47D,0.378230901780586,FALSE,FALSE,not_patient_scored
streptozocin,vorinostat,streptozocin + vorinostat,-49,-31.5,32,-60,0.25,4,BR:HS 578T;BR:MCF7;BR:MDA-MB-231;BR:T-47D,0.378230901780586,FALSE,FALSE,not_patient_scored
capecitabine,streptozocin,capecitabine + streptozocin,-66,-83.6,-21,-177,0,5,BR:BT-549;BR:HS 578T;BR:MCF7;BR:MDA-MB-231;BR:T-47D,0.378230901780586,FALSE,FALSE,not_patient_scored
exemestane,streptozocin,exemestane + streptozocin,5,11.2,47,-25,0.6,5,BR:BT-549;BR:HS 578T;BR:MCF7;BR:MDA-MB-231;BR:T-47D,0.793030825196247,FALSE,FALSE,not_patient_scored
gefitinib,streptozocin,gefitinib + streptozocin,0,0.8,17,-15,0.4,5,BR:BT-549;BR:HS 578T;BR:MCF7;BR:MDA-MB-231;BR:T-47D,0.378230901780586,FALSE,FALSE,not_patient_scored
fulvestrant,streptozocin,fulvestrant + streptozocin,-55,-63,9,-179,0.2,5,BR:BT-549;BR:HS 578T;BR:MCF7;BR:MDA-MB-231;BR:T-47D,0.378230901780586,FALSE,FALSE,not_patient_scored
anastrozole,streptozocin,anastrozole + streptozocin,-66.5,-60,18,-125,0.25,4,BR:HS 578T;BR:MCF7;BR:MDA-MB-231;BR:T-47D,0.378230901780586,FALSE,FALSE,not_patient_scored
letrozole,streptozocin,letrozole + streptozocin,-58,-72.8,-20,-164,0,5,BR:BT-549;BR:HS 578T;BR:MCF7;BR:MDA-MB-231;BR:T-47D,0.378230901780586,FALSE,FALSE,not_patient_scored
celecoxib,streptozocin,celecoxib + streptozocin,-36,-64.6,3,-196,0.2,5,BR:BT-549;BR:HS 578T;BR:MCF7;BR:MDA-MB-231;BR:T-47D,0.378230901780586,FALSE,FALSE,not_patient_scored
streptozocin,zoledronate,streptozocin + zoledronate,-8,-21.6,22,-99,0.2,5,BR:BT-549;BR:HS 578T;BR:MCF7;BR:MDA-MB-231;BR:T-47D,0.378230901780586,FALSE,FALSE,not_patient_scored
dasatinib,streptozocin,dasatinib + streptozocin,-24,-3.25,66,-31,0.25,4,BR:HS 578T;BR:MCF7;BR:MDA-MB-231;BR:T-47D,0.378230901780586,FALSE,FALSE,not_patient_scored
everolimus,streptozocin,everolimus + streptozocin,12.5,9.5,24,-11,0.75,4,BR:HS 578T;BR:MCF7;BR:MDA-MB-231;BR:T-47D,0.849703235688302,FALSE,FALSE,not_patient_scored
pazopanib,streptozocin,pazopanib + streptozocin,-35,-42,11,-120,0.2,5,BR:BT-549;BR:HS 578T;BR:MCF7;BR:MDA-MB-231;BR:T-47D,0.378230901780586,FALSE,FALSE,not_patient_scored
imatinib,streptozocin,imatinib + streptozocin,-42,-75.6,-8,-242,0,5,BR:BT-549;BR:HS 578T;BR:MCF7;BR:MDA-MB-231;BR:T-47D,0.378230901780586,FALSE,FALSE,not_patient_scored
lapatinib,streptozocin,lapatinib + streptozocin,-25,-47.4,30,-137,0.2,5,BR:BT-549;BR:HS 578T;BR:MCF7;BR:MDA-MB-231;BR:T-47D,0.378230901780586,TRUE,FALSE,tier_B_one_drug_patient_scored
nilotinib,streptozocin,nilotinib + streptozocin,-41,-42.75,-24,-65,0,4,BR:HS 578T;BR:MCF7;BR:MDA-MB-231;BR:T-47D,0.378230901780586,FALSE,FALSE,not_patient_scored
sorafenib,streptozocin,sorafenib + streptozocin,-29,-80.6,9,-269,0.2,5,BR:BT-549;BR:HS 578T;BR:MCF7;BR:MDA-MB-231;BR:T-47D,0.378230901780586,FALSE,FALSE,not_patient_scored
lenalidomide,streptozocin,lenalidomide + streptozocin,-3,-3,12,-15,0.2,5,BR:BT-549;BR:HS 578T;BR:MCF7;BR:MDA-MB-231;BR:T-47D,0.378230901780586,FALSE,FALSE,not_patient_scored
raloxifene,streptozocin,raloxifene + streptozocin,-68,-65.4,-8,-119,0,5,BR:BT-549;BR:HS 578T;BR:MCF7;BR:MDA-MB-231;BR:T-47D,0.378230901780586,FALSE,FALSE,not_patient_scored
abiraterone,streptozocin,abiraterone + streptozocin,-44,-51.2,-31,-87,0,5,BR:BT-549;BR:HS 578T;BR:MCF7;BR:MDA-MB-231;BR:T-47D,0.378230901780586,FALSE,FALSE,not_patient_scored
streptozocin,sunitinib,streptozocin + sunitinib,-89,-108.8,-38,-239,0,5,BR:BT-549;BR:HS 578T;BR:MCF7;BR:MDA-MB-231;BR:T-47D,0.378230901780586,FALSE,FALSE,not_patient_scored
streptozocin,vemurafenib,streptozocin + vemurafenib,-40,-51,-12,-87,0,5,BR:BT-549;BR:HS 578T;BR:MCF7;BR:MDA-MB-231;BR:T-47D,0.378230901780586,FALSE,FALSE,not_patient_scored
depsipeptide,streptozocin,depsipeptide + streptozocin,-25,-35,15,-113,0.4,5,BR:BT-549;BR:HS 578T;BR:MCF7;BR:MDA-MB-231;BR:T-47D,0.378230901780586,FALSE,FALSE,not_patient_scored
pralatrexate,streptozocin,pralatrexate + streptozocin,-58,-65,-14,-118,0,5,BR:BT-549;BR:HS 578T;BR:MCF7;BR:MDA-MB-231;BR:T-47D,0.378230901780586,FALSE,FALSE,not_patient_scored
streptozocin,vismodegib,streptozocin + vismodegib,-36,-45,-19,-84,0,5,BR:BT-549;BR:HS 578T;BR:MCF7;BR:MDA-MB-231;BR:T-47D,0.378230901780586,FALSE,FALSE,not_patient_scored
crizotinib,streptozocin,crizotinib + streptozocin,-57,-63,-39,-95,0,5,BR:BT-549;BR:HS 578T;BR:MCF7;BR:MDA-MB-231;BR:T-47D,0.378230901780586,FALSE,FALSE,not_patient_scored
axitinib,streptozocin,axitinib + streptozocin,-81,-72.6,-57,-84,0,5,BR:BT-549;BR:HS 578T;BR:MCF7;BR:MDA-MB-231;BR:T-47D,0.378230901780586,FALSE,FALSE,not_patient_scored
streptozocin,vandetanib,streptozocin + vandetanib,-61,-60.2,-9,-131,0,5,BR:BT-549;BR:HS 578T;BR:MCF7;BR:MDA-MB-231;BR:T-47D,0.378230901780586,FALSE,FALSE,not_patient_scored
cabazitaxel,streptozocin,cabazitaxel + streptozocin,-23,-25.2,-14,-35,0,5,BR:BT-549;BR:HS 578T;BR:MCF7;BR:MDA-MB-231;BR:T-47D,0.378230901780586,FALSE,FALSE,not_patient_scored
ruxolitinib,streptozocin,ruxolitinib + streptozocin,-88,-72.8,-32,-96,0,5,BR:BT-549;BR:HS 578T;BR:MCF7;BR:MDA-MB-231;BR:T-47D,0.378230901780586,FALSE,FALSE,not_patient_scored
arsenic trioxide,methotrexate,arsenic trioxide + methotrexate,-18.5,-19,22,-61,0.5,4,BR:HS 578T;BR:MCF7;BR:MDA-MB-231;BR:T-47D,0.378230901780586,FALSE,FALSE,not_patient_scored
arsenic trioxide,busulfan,arsenic trioxide + busulfan,6,11.4,69,-33,0.6,5,BR:BT-549;BR:HS 578T;BR:MCF7;BR:MDA-MB-231;BR:T-47D,0.802508137085966,FALSE,FALSE,not_patient_scored
6 thioguanine,arsenic trioxide,6 thioguanine + arsenic trioxide,-25,-16.2,6,-37,0.4,5,BR:BT-549;BR:HS 578T;BR:MCF7;BR:MDA-MB-231;BR:T-47D,0.378230901780586,FALSE,FALSE,not_patient_scored
6 mercaptopurine,arsenic trioxide,6 mercaptopurine + arsenic trioxide,-14,-32.8,6,-117,0.4,5,BR:BT-549;BR:HS 578T;BR:MCF7;BR:MDA-MB-231;BR:T-47D,0.378230901780586,FALSE,FALSE,not_patient_scored
arsenic trioxide,nitrogen mustard,arsenic trioxide + nitrogen mustard,5,7.2,31,-20,0.6,5,BR:BT-549;BR:HS 578T;BR:MCF7;BR:MDA-MB-231;BR:T-47D,0.793030825196247,FALSE,FALSE,not_patient_scored
allopurinol,arsenic trioxide,allopurinol + arsenic trioxide,19,7.4,56,-49,0.6,5,BR:BT-549;BR:HS 578T;BR:MCF7;BR:MDA-MB-231;BR:T-47D,0.883974727168294,FALSE,FALSE,not_patient_scored
arsenic trioxide,chlorambucil,arsenic trioxide + chlorambucil,-80,-68.2,8,-134,0.2,5,BR:BT-549;BR:HS 578T;BR:MCF7;BR:MDA-MB-231;BR:T-47D,0.378230901780586,FALSE,FALSE,not_patient_scored
arsenic trioxide,thiotepa,arsenic trioxide + thiotepa,-33,-25.2,-9,-37,0,5,BR:BT-549;BR:HS 578T;BR:MCF7;BR:MDA-MB-231;BR:T-47D,0.378230901780586,FALSE,FALSE,not_patient_scored
arsenic trioxide,melphalan,arsenic trioxide + melphalan,-74,-71.8,-7,-142,0,5,BR:BT-549;BR:HS 578T;BR:MCF7;BR:MDA-MB-231;BR:T-47D,0.378230901780586,FALSE,FALSE,not_patient_scored
arsenic trioxide,triethylenemelamine,arsenic trioxide + triethylenemelamine,0,9.8,57,-19,0.4,5,BR:BT-549;BR:HS 578T;BR:MCF7;BR:MDA-MB-231;BR:T-47D,0.378230901780586,FALSE,FALSE,not_patient_scored
altretamine,arsenic trioxide,altretamine + arsenic trioxide,-57,-79,-31,-174,0,5,BR:BT-549;BR:HS 578T;BR:MCF7;BR:MDA-MB-231;BR:T-47D,0.378230901780586,FALSE,FALSE,not_patient_scored
acrichine,arsenic trioxide,acrichine + arsenic trioxide,-5,-1.6,9,-9,0.4,5,BR:BT-549;BR:HS 578T;BR:MCF7;BR:MDA-MB-231;BR:T-47D,0.378230901780586,FALSE,FALSE,not_patient_scored
aminolevulinic acid,arsenic trioxide,aminolevulinic acid + arsenic trioxide,-20,-24.6,40,-111,0.4,5,BR:BT-549;BR:HS 578T;BR:MCF7;BR:MDA-MB-231;BR:T-47D,0.378230901780586,FALSE,FALSE,not_patient_scored
5-fluorouracil,arsenic trioxide,5-fluorouracil + arsenic trioxide,6,1,58,-46,0.6,5,BR:BT-549;BR:HS 578T;BR:MCF7;BR:MDA-MB-231;BR:T-47D,0.802508137085966,TRUE,FALSE,tier_B_one_drug_patient_scored
arsenic trioxide,mithramycin,arsenic trioxide + mithramycin,-14,-21.2,29,-108,0.4,5,BR:BT-549;BR:HS 578T;BR:MCF7;BR:MDA-MB-231;BR:T-47D,0.378230901780586,FALSE,FALSE,not_patient_scored
arsenic trioxide,pipobroman,arsenic trioxide + pipobroman,-3,1.4,39,-26,0.4,5,BR:BT-549;BR:HS 578T;BR:MCF7;BR:MDA-MB-231;BR:T-47D,0.378230901780586,FALSE,FALSE,not_patient_scored
arsenic trioxide,cyclophosphamide,arsenic trioxide + cyclophosphamide,-1,1.4,53,-29,0.4,5,BR:BT-549;BR:HS 578T;BR:MCF7;BR:MDA-MB-231;BR:T-47D,0.378230901780586,FALSE,FALSE,not_patient_scored
arsenic trioxide,mitomycin,arsenic trioxide + mitomycin,-21,-2.8,40,-27,0.4,5,BR:BT-549;BR:HS 578T;BR:MCF7;BR:MDA-MB-231;BR:T-47D,0.378230901780586,FALSE,FALSE,not_patient_scored
arsenic trioxide,floxuridine,arsenic trioxide + floxuridine,-12,-19.2,17,-67,0.2,5,BR:BT-549;BR:HS 578T;BR:MCF7;BR:MDA-MB-231;BR:T-47D,0.378230901780586,FALSE,FALSE,not_patient_scored
arsenic trioxide,hydroxyurea,arsenic trioxide + hydroxyurea,22,1.4,42,-60,0.6,5,BR:BT-549;BR:HS 578T;BR:MCF7;BR:MDA-MB-231;BR:T-47D,0.896802603867509,FALSE,FALSE,not_patient_scored
arsenic trioxide,uracil mustard,arsenic trioxide + uracil mustard,-208,-191.2,-42,-296,0,5,BR:BT-549;BR:HS 578T;BR:MCF7;BR:MDA-MB-231;BR:T-47D,0.378230901780586,FALSE,FALSE,not_patient_scored
arsenic trioxide,mitotane,arsenic trioxide + mitotane,-34,-25.6,51,-71,0.2,5,BR:BT-549;BR:HS 578T;BR:MCF7;BR:MDA-MB-231;BR:T-47D,0.378230901780586,FALSE,FALSE,not_patient_scored
arsenic trioxide,dacarbazine,arsenic trioxide + dacarbazine,-46,-37.4,12,-76,0.2,5,BR:BT-549;BR:HS 578T;BR:MCF7;BR:MDA-MB-231;BR:T-47D,0.378230901780586,FALSE,FALSE,not_patient_scored
arsenic trioxide,methoxsalen,arsenic trioxide + methoxsalen,-32,-7.4,51,-63,0.4,5,BR:BT-549;BR:HS 578T;BR:MCF7;BR:MDA-MB-231;BR:T-47D,0.378230901780586,FALSE,FALSE,not_patient_scored
arsenic trioxide,vinblastine,arsenic trioxide + vinblastine,-13,-15.8,15,-67,0.4,5,BR:BT-549;BR:HS 578T;BR:MCF7;BR:MDA-MB-231;BR:T-47D,0.378230901780586,FALSE,FALSE,not_patient_scored
arsenic trioxide,cytarabine,arsenic trioxide + cytarabine,-20,-10.6,70,-68,0.4,5,BR:BT-549;BR:HS 578T;BR:MCF7;BR:MDA-MB-231;BR:T-47D,0.378230901780586,FALSE,FALSE,not_patient_scored
arsenic trioxide,thalidomide,arsenic trioxide + thalidomide,-24,-22.6,-12,-31,0,5,BR:BT-549;BR:HS 578T;BR:MCF7;BR:MDA-MB-231;BR:T-47D,0.378230901780586,FALSE,FALSE,not_patient_scored
arsenic trioxide,vincristine,arsenic trioxide + vincristine,13,5.8,84,-90,0.6,5,BR:BT-549;BR:HS 578T;BR:MCF7;BR:MDA-MB-231;BR:T-47D,0.852766609228413,FALSE,FALSE,not_patient_scored
arsenic trioxide,megestrol acetate,arsenic trioxide + megestrol acetate,-5,-45.2,48,-158,0.2,5,BR:BT-549;BR:HS 578T;BR:MCF7;BR:MDA-MB-231;BR:T-47D,0.378230901780586,FALSE,FALSE,not_patient_scored
arsenic trioxide,procarbazine,arsenic trioxide + procarbazine,-24,-41.6666666666667,-21,-80,0,3,BR:HS 578T;BR:MCF7;BR:T-47D,0.378230901780586,FALSE,FALSE,not_patient_scored
arsenic trioxide,lomustine,arsenic trioxide + lomustine,-165,-140.8,-85,-178,0,5,BR:BT-549;BR:HS 578T;BR:MCF7;BR:MDA-MB-231;BR:T-47D,0.378230901780586,FALSE,FALSE,not_patient_scored
arsenic trioxide,daunorubicin,arsenic trioxide + daunorubicin,-111,-132.8,-45,-222,0,5,BR:BT-549;BR:HS 578T;BR:MCF7;BR:MDA-MB-231;BR:T-47D,0.378230901780586,FALSE,FALSE,not_patient_scored
arsenic trioxide,streptozocin,arsenic trioxide + streptozocin,-106,-112.8,-53,-185,0,5,BR:BT-549;BR:HS 578T;BR:MCF7;BR:MDA-MB-231;BR:T-47D,0.378230901780586,FALSE,FALSE,not_patient_scored
arsenic trioxide,azacitidine,arsenic trioxide + azacitidine,-29,-21.2,39,-55,0.2,5,BR:BT-549;BR:HS 578T;BR:MCF7;BR:MDA-MB-231;BR:T-47D,0.378230901780586,FALSE,FALSE,not_patient_scored
arsenic trioxide,cladribine,arsenic trioxide + cladribine,-29,-34.6,54,-95,0.2,5,BR:BT-549;BR:HS 578T;BR:MCF7;BR:MDA-MB-231;BR:T-47D,0.378230901780586,FALSE,FALSE,not_patient_scored
arsenic trioxide,ifosfamide,arsenic trioxide + ifosfamide,-17,-14.2,63,-89,0.2,5,BR:BT-549;BR:HS 578T;BR:MCF7;BR:MDA-MB-231;BR:T-47D,0.378230901780586,FALSE,FALSE,not_patient_scored
arsenic trioxide,fludarabine,arsenic trioxide + fludarabine,-5,1.4,33,-39,0.4,5,BR:BT-549;BR:HS 578T;BR:MCF7;BR:MDA-MB-231;BR:T-47D,0.378230901780586,FALSE,FALSE,not_patient_scored
arsenic trioxide,cisplatin,arsenic trioxide + cisplatin,-51,-45.6,109,-250,0.4,5,BR:BT-549;BR:HS 578T;BR:MCF7;BR:MDA-MB-231;BR:T-47D,0.378230901780586,FALSE,TRUE,tier_B_one_drug_patient_scored
arsenic trioxide,isotretinoin,arsenic trioxide + isotretinoin,22,13,62,-44,0.6,5,BR:BT-549;BR:HS 578T;BR:MCF7;BR:MDA-MB-231;BR:T-47D,0.896802603867509,FALSE,FALSE,not_patient_scored
arsenic trioxide,teniposide,arsenic trioxide + teniposide,-244,-225.4,-75,-331,0,5,BR:BT-549;BR:HS 578T;BR:MCF7;BR:MDA-MB-231;BR:T-47D,0.378230901780586,FALSE,FALSE,not_patient_scored
arsenic trioxide,doxorubicin,arsenic trioxide + doxorubicin,-40,-25.2,50,-90,0.4,5,BR:BT-549;BR:HS 578T;BR:MCF7;BR:MDA-MB-231;BR:T-47D,0.378230901780586,FALSE,TRUE,tier_B_one_drug_patient_scored
arsenic trioxide,bleomycin,arsenic trioxide + bleomycin,28,22,39,-12,0.8,5,BR:BT-549;BR:HS 578T;BR:MCF7;BR:MDA-MB-231;BR:T-47D,0.91738464484013,FALSE,FALSE,not_patient_scored
arsenic trioxide,paclitaxel,arsenic trioxide + paclitaxel,-3,2.8,51,-27,0.2,5,BR:BT-549;BR:HS 578T;BR:MCF7;BR:MDA-MB-231;BR:T-47D,0.378230901780586,FALSE,TRUE,tier_B_one_drug_patient_scored
arsenic trioxide,decitabine,arsenic trioxide + decitabine,27,20.4,35,-9,0.8,5,BR:BT-549;BR:HS 578T;BR:MCF7;BR:MDA-MB-231;BR:T-47D,0.914225540876891,FALSE,FALSE,not_patient_scored
arsenic trioxide,bendamustine,arsenic trioxide + bendamustine,-1,-12.8,15,-45,0.4,5,BR:BT-549;BR:HS 578T;BR:MCF7;BR:MDA-MB-231;BR:T-47D,0.378230901780586,FALSE,FALSE,not_patient_scored
arsenic trioxide,etoposide,arsenic trioxide + etoposide,-239,-214,-26,-306,0,5,BR:BT-549;BR:HS 578T;BR:MCF7;BR:MDA-MB-231;BR:T-47D,0.378230901780586,FALSE,FALSE,not_patient_scored
arsenic trioxide,dexrazoxane,arsenic trioxide + dexrazoxane,-52,-61.6,-45,-92,0,5,BR:BT-549;BR:HS 578T;BR:MCF7;BR:MDA-MB-231;BR:T-47D,0.378230901780586,FALSE,FALSE,not_patient_scored
arsenic trioxide,tamoxifen,arsenic trioxide + tamoxifen,29,19.4,64,-41,0.6,5,BR:BT-549;BR:HS 578T;BR:MCF7;BR:MDA-MB-231;BR:T-47D,0.920830940072755,FALSE,FALSE,not_patient_scored
arsenic trioxide,pentostatin,arsenic trioxide + pentostatin,7,-5,10,-52,0.8,5,BR:BT-549;BR:HS 578T;BR:MCF7;BR:MDA-MB-231;BR:T-47D,0.810453762205629,FALSE,FALSE,not_patient_scored
arsenic trioxide,rapamycin,arsenic trioxide + rapamycin,-28,-12.4,54,-93,0.4,5,BR:BT-549;BR:HS 578T;BR:MCF7;BR:MDA-MB-231;BR:T-47D,0.378230901780586,FALSE,TRUE,tier_B_one_drug_patient_scored
arsenic trioxide,carboplatin,arsenic trioxide + carboplatin,-2,-7.8,25,-39,0.4,5,BR:BT-549;BR:HS 578T;BR:MCF7;BR:MDA-MB-231;BR:T-47D,0.378230901780586,FALSE,FALSE,not_patient_scored
arsenic trioxide,valrubicin,arsenic trioxide + valrubicin,-8.5,-11,-2,-25,0,4,BR:BT-549;BR:HS 578T;BR:MCF7;BR:MDA-MB-231,0.378230901780586,FALSE,FALSE,not_patient_scored
arsenic trioxide,oxaliplatin,arsenic trioxide + oxaliplatin,-4,-19,18,-90,0.2,5,BR:BT-549;BR:HS 578T;BR:MCF7;BR:MDA-MB-231;BR:T-47D,0.378230901780586,FALSE,FALSE,not_patient_scored
arsenic trioxide,mitoxantrone,arsenic trioxide + mitoxantrone,-268,-252.2,-99,-336,0,5,BR:BT-549;BR:HS 578T;BR:MCF7;BR:MDA-MB-231;BR:T-47D,0.378230901780586,FALSE,FALSE,not_patient_scored
amifostine,arsenic trioxide,amifostine + arsenic trioxide,13,6.8,26,-31,0.8,5,BR:BT-549;BR:HS 578T;BR:MCF7;BR:MDA-MB-231;BR:T-47D,0.852766609228413,FALSE,FALSE,not_patient_scored
arsenic trioxide,temozolomide,arsenic trioxide + temozolomide,-33,-29.8,-4,-60,0,5,BR:BT-549;BR:HS 578T;BR:MCF7;BR:MDA-MB-231;BR:T-47D,0.378230901780586,FALSE,FALSE,not_patient_scored
arsenic trioxide,imiquimod,arsenic trioxide + imiquimod,-15,3.8,59,-40,0.4,5,BR:BT-549;BR:HS 578T;BR:MCF7;BR:MDA-MB-231;BR:T-47D,0.378230901780586,FALSE,FALSE,not_patient_scored
arsenic trioxide,carmustine,arsenic trioxide + carmustine,-27,-18.2,39,-61,0.4,5,BR:BT-549;BR:HS 578T;BR:MCF7;BR:MDA-MB-231;BR:T-47D,0.378230901780586,FALSE,FALSE,not_patient_scored
arsenic trioxide,clofarabine,arsenic trioxide + clofarabine,-19,8.4,73,-46,0.4,5,BR:BT-549;BR:HS 578T;BR:MCF7;BR:MDA-MB-231;BR:T-47D,0.378230901780586,FALSE,FALSE,not_patient_scored
arsenic trioxide,vinorelbine,arsenic trioxide + vinorelbine,-10,-17.2,39,-91,0.2,5,BR:BT-549;BR:HS 578T;BR:MCF7;BR:MDA-MB-231;BR:T-47D,0.378230901780586,FALSE,FALSE,not_patient_scored
arsenic trioxide,topotecan,arsenic trioxide + topotecan,-11,-2,31,-35,0.4,5,BR:BT-549;BR:HS 578T;BR:MCF7;BR:MDA-MB-231;BR:T-47D,0.378230901780586,FALSE,FALSE,not_patient_scored
arsenic trioxide,gemcitabine,arsenic trioxide + gemcitabine,-17,-0.4,49,-45,0.4,5,BR:BT-549;BR:HS 578T;BR:MCF7;BR:MDA-MB-231;BR:T-47D,0.378230901780586,FALSE,TRUE,tier_B_one_drug_patient_scored
arsenic trioxide,docetaxel,arsenic trioxide + docetaxel,-31,-21.4,28,-55,0.2,5,BR:BT-549;BR:HS 578T;BR:MCF7;BR:MDA-MB-231;BR:T-47D,0.378230901780586,FALSE,TRUE,tier_B_one_drug_patient_scored
7 ethyl 10 hydroxycamptothecin,arsenic trioxide,7 ethyl 10 hydroxycamptothecin + arsenic trioxide,-15,-19.6,-1,-57,0,5,BR:BT-549;BR:HS 578T;BR:MCF7;BR:MDA-MB-231;BR:T-47D,0.378230901780586,FALSE,FALSE,not_patient_scored
arsenic trioxide,bortezomib,arsenic trioxide + bortezomib,-24,-23.6666666666667,-19,-28,0,3,BR:BT-549;BR:HS 578T;BR:MCF7,0.378230901780586,FALSE,FALSE,not_patient_scored
arsenic trioxide,nelarabine,arsenic trioxide + nelarabine,6,1.6,15,-13,0.6,5,BR:BT-549;BR:HS 578T;BR:MCF7;BR:MDA-MB-231;BR:T-47D,0.802508137085966,FALSE,FALSE,not_patient_scored
arsenic trioxide,pemetrexed,arsenic trioxide + pemetrexed,-5,-3,32,-30,0.2,5,BR:BT-549;BR:HS 578T;BR:MCF7;BR:MDA-MB-231;BR:T-47D,0.378230901780586,FALSE,FALSE,not_patient_scored
arsenic trioxide,vorinostat,arsenic trioxide + vorinostat,34,24.4,44,-23,0.8,5,BR:BT-549;BR:HS 578T;BR:MCF7;BR:MDA-MB-231;BR:T-47D,0.934711851426383,FALSE,FALSE,not_patient_scored
arsenic trioxide,estramustine,arsenic trioxide + estramustine,-105,-69.8,36,-144,0.2,5,BR:BT-549;BR:HS 578T;BR:MCF7;BR:MDA-MB-231;BR:T-47D,0.378230901780586,FALSE,FALSE,not_patient_scored
arsenic trioxide,capecitabine,arsenic trioxide + capecitabine,-12,-2,54,-25,0.2,5,BR:BT-549;BR:HS 578T;BR:MCF7;BR:MDA-MB-231;BR:T-47D,0.378230901780586,FALSE,FALSE,not_patient_scored
arsenic trioxide,exemestane,arsenic trioxide + exemestane,-248,-248.6,13,-430,0.2,5,BR:BT-549;BR:HS 578T;BR:MCF7;BR:MDA-MB-231;BR:T-47D,0.378230901780586,FALSE,FALSE,not_patient_scored
arsenic trioxide,gefitinib,arsenic trioxide + gefitinib,-12,-0.6,65,-47,0.4,5,BR:BT-549;BR:HS 578T;BR:MCF7;BR:MDA-MB-231;BR:T-47D,0.378230901780586,FALSE,FALSE,not_patient_scored
arsenic trioxide,erlotinib,arsenic trioxide + erlotinib,-2,4,43,-18,0.2,5,BR:BT-549;BR:HS 578T;BR:MCF7;BR:MDA-MB-231;BR:T-47D,0.378230901780586,FALSE,FALSE,not_patient_scored
arsenic trioxide,fulvestrant,arsenic trioxide + fulvestrant,-11,-0.8,41,-21,0.4,5,BR:BT-549;BR:HS 578T;BR:MCF7;BR:MDA-MB-231;BR:T-47D,0.378230901780586,FALSE,FALSE,not_patient_scored
anastrozole,arsenic trioxide,anastrozole + arsenic trioxide,-54,-48.2,-8,-67,0,5,BR:BT-549;BR:HS 578T;BR:MCF7;BR:MDA-MB-231;BR:T-47D,0.378230901780586,FALSE,FALSE,not_patient_scored
arsenic trioxide,letrozole,arsenic trioxide + letrozole,-19,-34.6,-5,-72,0,5,BR:BT-549;BR:HS 578T;BR:MCF7;BR:MDA-MB-231;BR:T-47D,0.378230901780586,FALSE,FALSE,not_patient_scored
arsenic trioxide,celecoxib,arsenic trioxide + celecoxib,-28,-35.6,-16,-61,0,5,BR:BT-549;BR:HS 578T;BR:MCF7;BR:MDA-MB-231;BR:T-47D,0.378230901780586,FALSE,FALSE,not_patient_scored
arsenic trioxide,zoledronate,arsenic trioxide + zoledronate,-35,-34.2,-3,-64,0,5,BR:BT-549;BR:HS 578T;BR:MCF7;BR:MDA-MB-231;BR:T-47D,0.378230901780586,FALSE,FALSE,not_patient_scored
arsenic trioxide,dasatinib,arsenic trioxide + dasatinib,-24,-26.8,-4,-66,0,5,BR:BT-549;BR:HS 578T;BR:MCF7;BR:MDA-MB-231;BR:T-47D,0.378230901780586,FALSE,FALSE,not_patient_scored
arsenic trioxide,everolimus,arsenic trioxide + everolimus,-4,2,43,-32,0.4,5,BR:BT-549;BR:HS 578T;BR:MCF7;BR:MDA-MB-231;BR:T-47D,0.378230901780586,FALSE,FALSE,not_patient_scored
arsenic trioxide,pazopanib,arsenic trioxide + pazopanib,-30,-33,-2,-90,0,5,BR:BT-549;BR:HS 578T;BR:MCF7;BR:MDA-MB-231;BR:T-47D,0.378230901780586,FALSE,FALSE,not_patient_scored
arsenic trioxide,imatinib,arsenic trioxide + imatinib,-34,-33.6,-8,-54,0,5,BR:BT-549;BR:HS 578T;BR:MCF7;BR:MDA-MB-231;BR:T-47D,0.378230901780586,FALSE,FALSE,not_patient_scored
arsenic trioxide,lapatinib,arsenic trioxide + lapatinib,2,4.4,26,-7,0.6,5,BR:BT-549;BR:HS 578T;BR:MCF7;BR:MDA-MB-231;BR:T-47D,0.768140915182845,FALSE,TRUE,tier_B_one_drug_patient_scored
arsenic trioxide,nilotinib,arsenic trioxide + nilotinib,-16,-14.75,17,-44,0.25,4,BR:BT-549;BR:HS 578T;BR:MCF7;BR:T-47D,0.378230901780586,FALSE,FALSE,not_patient_scored
arsenic trioxide,sorafenib,arsenic trioxide + sorafenib,-32,-52.6,-20,-109,0,5,BR:BT-549;BR:HS 578T;BR:MCF7;BR:MDA-MB-231;BR:T-47D,0.378230901780586,FALSE,FALSE,not_patient_scored
arsenic trioxide,lenalidomide,arsenic trioxide + lenalidomide,-14,-23.6,16,-60,0.2,5,BR:BT-549;BR:HS 578T;BR:MCF7;BR:MDA-MB-231;BR:T-47D,0.378230901780586,FALSE,FALSE,not_patient_scored
arsenic trioxide,ixabepilone,arsenic trioxide + ixabepilone,-36,-28.2,36,-64,0.2,5,BR:BT-549;BR:HS 578T;BR:MCF7;BR:MDA-MB-231;BR:T-47D,0.378230901780586,FALSE,FALSE,not_patient_scored
arsenic trioxide,raloxifene,arsenic trioxide + raloxifene,-68,-91.8,-37,-172,0,5,BR:BT-549;BR:HS 578T;BR:MCF7;BR:MDA-MB-231;BR:T-47D,0.378230901780586,FALSE,FALSE,not_patient_scored
abiraterone,arsenic trioxide,abiraterone + arsenic trioxide,-79,-77,-37,-124,0,5,BR:BT-549;BR:HS 578T;BR:MCF7;BR:MDA-MB-231;BR:T-47D,0.378230901780586,FALSE,FALSE,not_patient_scored
arsenic trioxide,sunitinib,arsenic trioxide + sunitinib,-3,-9,11,-39,0.4,5,BR:BT-549;BR:HS 578T;BR:MCF7;BR:MDA-MB-231;BR:T-47D,0.378230901780586,FALSE,FALSE,not_patient_scored
arsenic trioxide,vemurafenib,arsenic trioxide + vemurafenib,-10,1.6,73,-62,0.4,5,BR:BT-549;BR:HS 578T;BR:MCF7;BR:MDA-MB-231;BR:T-47D,0.378230901780586,FALSE,FALSE,not_patient_scored
arsenic trioxide,depsipeptide,arsenic trioxide + depsipeptide,-21,-22.2,-9,-37,0,5,BR:BT-549;BR:HS 578T;BR:MCF7;BR:MDA-MB-231;BR:T-47D,0.378230901780586,FALSE,FALSE,not_patient_scored
arsenic trioxide,pralatrexate,arsenic trioxide + pralatrexate,-12,-4.4,25,-39,0.4,5,BR:BT-549;BR:HS 578T;BR:MCF7;BR:MDA-MB-231;BR:T-47D,0.378230901780586,FALSE,FALSE,not_patient_scored
arsenic trioxide,vismodegib,arsenic trioxide + vismodegib,-18,-9.8,51,-61,0.4,5,BR:BT-549;BR:HS 578T;BR:MCF7;BR:MDA-MB-231;BR:T-47D,0.378230901780586,FALSE,FALSE,not_patient_scored
arsenic trioxide,crizotinib,arsenic trioxide + crizotinib,-58,-66,-21,-116,0,5,BR:BT-549;BR:HS 578T;BR:MCF7;BR:MDA-MB-231;BR:T-47D,0.378230901780586,FALSE,FALSE,not_patient_scored
arsenic trioxide,axitinib,arsenic trioxide + axitinib,-71,-75,-20,-147,0,5,BR:BT-549;BR:HS 578T;BR:MCF7;BR:MDA-MB-231;BR:T-47D,0.378230901780586,FALSE,FALSE,not_patient_scored
arsenic trioxide,vandetanib,arsenic trioxide + vandetanib,-19,-35,-2,-73,0,5,BR:BT-549;BR:HS 578T;BR:MCF7;BR:MDA-MB-231;BR:T-47D,0.378230901780586,FALSE,FALSE,not_patient_scored
arsenic trioxide,cabazitaxel,arsenic trioxide + cabazitaxel,-236,-245,-171,-334,0,5,BR:BT-549;BR:HS 578T;BR:MCF7;BR:MDA-MB-231;BR:T-47D,0.378230901780586,FALSE,FALSE,not_patient_scored
arsenic trioxide,ruxolitinib,arsenic trioxide + ruxolitinib,-71,-72.4,-48,-124,0,5,BR:BT-549;BR:HS 578T;BR:MCF7;BR:MDA-MB-231;BR:T-47D,0.378230901780586,FALSE,FALSE,not_patient_scored
6 thioguanine,azacitidine,6 thioguanine + azacitidine,-26,-23.8,-6,-39,0,5,BR:BT-549;BR:HS 578T;BR:MCF7;BR:MDA-MB-231;BR:T-47D,0.378230901780586,FALSE,FALSE,not_patient_scored
actinomycin d,azacitidine,actinomycin d + azacitidine,-52.5,-49.25,4,-96,0.25,4,BR:BT-549;BR:HS 578T;BR:MCF7;BR:MDA-MB-231,0.378230901780586,FALSE,FALSE,not_patient_scored
azacitidine,chlorambucil,azacitidine + chlorambucil,-22,-22.2,2,-62,0.2,5,BR:BT-549;BR:HS 578T;BR:MCF7;BR:MDA-MB-231;BR:T-47D,0.378230901780586,FALSE,FALSE,not_patient_scored
azacitidine,thiotepa,azacitidine + thiotepa,0,-3,37,-48,0.4,5,BR:BT-549;BR:HS 578T;BR:MCF7;BR:MDA-MB-231;BR:T-47D,0.378230901780586,FALSE,FALSE,not_patient_scored
azacitidine,melphalan,azacitidine + melphalan,-18,-27.2,-6,-55,0,5,BR:BT-549;BR:HS 578T;BR:MCF7;BR:MDA-MB-231;BR:T-47D,0.378230901780586,FALSE,FALSE,not_patient_scored
altretamine,azacitidine,altretamine + azacitidine,-50,-55.8,-44,-79,0,5,BR:BT-549;BR:HS 578T;BR:MCF7;BR:MDA-MB-231;BR:T-47D,0.378230901780586,FALSE,FALSE,not_patient_scored
5-fluorouracil,azacitidine,5-fluorouracil + azacitidine,2,-2,73,-84,0.6,5,BR:BT-549;BR:HS 578T;BR:MCF7;BR:MDA-MB-231;BR:T-47D,0.768140915182845,TRUE,FALSE,tier_B_one_drug_patient_scored
azacitidine,floxuridine,azacitidine + floxuridine,-51,-50.2,-6,-102,0,5,BR:BT-549;BR:HS 578T;BR:MCF7;BR:MDA-MB-231;BR:T-47D,0.378230901780586,FALSE,FALSE,not_patient_scored
azacitidine,uracil mustard,azacitidine + uracil mustard,5,-7.6,43,-74,0.6,5,BR:BT-549;BR:HS 578T;BR:MCF7;BR:MDA-MB-231;BR:T-47D,0.793030825196247,FALSE,FALSE,not_patient_scored
azacitidine,dacarbazine,azacitidine + dacarbazine,-35,-37.6,-12,-71,0,5,BR:BT-549;BR:HS 578T;BR:MCF7;BR:MDA-MB-231;BR:T-47D,0.378230901780586,FALSE,FALSE,not_patient_scored
azacitidine,cytarabine,azacitidine + cytarabine,-36,-47.4,67,-158,0.2,5,BR:BT-549;BR:HS 578T;BR:MCF7;BR:MDA-MB-231;BR:T-47D,0.378230901780586,FALSE,FALSE,not_patient_scored
azacitidine,vincristine,azacitidine + vincristine,-28,-38.6,44,-126,0.2,5,BR:BT-549;BR:HS 578T;BR:MCF7;BR:MDA-MB-231;BR:T-47D,0.378230901780586,FALSE,FALSE,not_patient_scored
azacitidine,megestrol acetate,azacitidine + megestrol acetate,-35,-70.6,-14,-145,0,5,BR:BT-549;BR:HS 578T;BR:MCF7;BR:MDA-MB-231;BR:T-47D,0.378230901780586,FALSE,FALSE,not_patient_scored
azacitidine,lomustine,azacitidine + lomustine,-3,4,34,-24,0.4,5,BR:BT-549;BR:HS 578T;BR:MCF7;BR:MDA-MB-231;BR:T-47D,0.378230901780586,FALSE,FALSE,not_patient_scored
azacitidine,daunorubicin,azacitidine + daunorubicin,-17,-12.8,7,-24,0.2,5,BR:BT-549;BR:HS 578T;BR:MCF7;BR:MDA-MB-231;BR:T-47D,0.378230901780586,FALSE,FALSE,not_patient_scored
azacitidine,cladribine,azacitidine + cladribine,-5,-19.8,24,-95,0.4,5,BR:BT-549;BR:HS 578T;BR:MCF7;BR:MDA-MB-231;BR:T-47D,0.378230901780586,FALSE,FALSE,not_patient_scored
azacitidine,fludarabine,azacitidine + fludarabine,-2,-23.4,23,-103,0.4,5,BR:BT-549;BR:HS 578T;BR:MCF7;BR:MDA-MB-231;BR:T-47D,0.378230901780586,FALSE,FALSE,not_patient_scored
azacitidine,isotretinoin,azacitidine + isotretinoin,-5,-13.4,63,-71,0.4,5,BR:BT-549;BR:HS 578T;BR:MCF7;BR:MDA-MB-231;BR:T-47D,0.378230901780586,FALSE,FALSE,not_patient_scored
azacitidine,teniposide,azacitidine + teniposide,33,21.6,58,-54,0.8,5,BR:BT-549;BR:HS 578T;BR:MCF7;BR:MDA-MB-231;BR:T-47D,0.932701512540685,FALSE,FALSE,not_patient_scored
azacitidine,paclitaxel,azacitidine + paclitaxel,-18,-29,26,-124,0.4,5,BR:BT-549;BR:HS 578T;BR:MCF7;BR:MDA-MB-231;BR:T-47D,0.378230901780586,FALSE,TRUE,tier_B_one_drug_patient_scored
azacitidine,etoposide,azacitidine + etoposide,33,26.4,67,-11,0.8,5,BR:BT-549;BR:HS 578T;BR:MCF7;BR:MDA-MB-231;BR:T-47D,0.932701512540685,FALSE,FALSE,not_patient_scored
azacitidine,dexrazoxane,azacitidine + dexrazoxane,-4,-0.4,20,-17,0.4,5,BR:BT-549;BR:HS 578T;BR:MCF7;BR:MDA-MB-231;BR:T-47D,0.378230901780586,FALSE,FALSE,not_patient_scored
azacitidine,tamoxifen,azacitidine + tamoxifen,-3,-26.6,51,-163,0.4,5,BR:BT-549;BR:HS 578T;BR:MCF7;BR:MDA-MB-231;BR:T-47D,0.378230901780586,FALSE,FALSE,not_patient_scored
azacitidine,rapamycin,azacitidine + rapamycin,-37,-51.6,23,-117,0.2,5,BR:BT-549;BR:HS 578T;BR:MCF7;BR:MDA-MB-231;BR:T-47D,0.378230901780586,FALSE,TRUE,tier_B_one_drug_patient_scored
azacitidine,carboplatin,azacitidine + carboplatin,-11,-34.2,42,-120,0.4,5,BR:BT-549;BR:HS 578T;BR:MCF7;BR:MDA-MB-231;BR:T-47D,0.378230901780586,FALSE,FALSE,not_patient_scored
azacitidine,valrubicin,azacitidine + valrubicin,50,48.2857142857143,109,-22,0.857142857142857,4,BR:BT-549;BR:MCF7;BR:MDA-MB-231;BR:T-47D,0.961133448209841,FALSE,FALSE,not_patient_scored
azacitidine,mitoxantrone,azacitidine + mitoxantrone,34,32.4,73,-1,0.8,5,BR:BT-549;BR:HS 578T;BR:MCF7;BR:MDA-MB-231;BR:T-47D,0.934711851426383,FALSE,FALSE,not_patient_scored
azacitidine,temozolomide,azacitidine + temozolomide,-73,-64.4,24,-168,0.2,5,BR:BT-549;BR:HS 578T;BR:MCF7;BR:MDA-MB-231;BR:T-47D,0.378230901780586,FALSE,FALSE,not_patient_scored
azacitidine,clofarabine,azacitidine + clofarabine,-6,-18.4,40,-101,0.4,5,BR:BT-549;BR:HS 578T;BR:MCF7;BR:MDA-MB-231;BR:T-47D,0.378230901780586,FALSE,FALSE,not_patient_scored
azacitidine,vinorelbine,azacitidine + vinorelbine,3,2.4,48,-41,0.6,5,BR:BT-549;BR:HS 578T;BR:MCF7;BR:MDA-MB-231;BR:T-47D,0.775895079456251,FALSE,FALSE,not_patient_scored
azacitidine,gemcitabine,azacitidine + gemcitabine,-13,-42.4,13,-113,0.4,5,BR:BT-549;BR:HS 578T;BR:MCF7;BR:MDA-MB-231;BR:T-47D,0.378230901780586,FALSE,TRUE,tier_B_one_drug_patient_scored
azacitidine,docetaxel,azacitidine + docetaxel,-17,-18.4,59,-127,0.4,5,BR:BT-549;BR:HS 578T;BR:MCF7;BR:MDA-MB-231;BR:T-47D,0.378230901780586,FALSE,TRUE,tier_B_one_drug_patient_scored
7 ethyl 10 hydroxycamptothecin,azacitidine,7 ethyl 10 hydroxycamptothecin + azacitidine,-35,-30.8,17,-75,0.2,5,BR:BT-549;BR:HS 578T;BR:MCF7;BR:MDA-MB-231;BR:T-47D,0.378230901780586,FALSE,FALSE,not_patient_scored
azacitidine,nelarabine,azacitidine + nelarabine,-29,-48.8,5,-136,0.4,5,BR:BT-549;BR:HS 578T;BR:MCF7;BR:MDA-MB-231;BR:T-47D,0.378230901780586,FALSE,FALSE,not_patient_scored
azacitidine,pemetrexed,azacitidine + pemetrexed,-25,-29.8,-8,-69,0,5,BR:BT-549;BR:HS 578T;BR:MCF7;BR:MDA-MB-231;BR:T-47D,0.378230901780586,FALSE,FALSE,not_patient_scored
azacitidine,capecitabine,azacitidine + capecitabine,-118,-93,-4,-167,0,5,BR:BT-549;BR:HS 578T;BR:MCF7;BR:MDA-MB-231;BR:T-47D,0.378230901780586,FALSE,FALSE,not_patient_scored
azacitidine,exemestane,azacitidine + exemestane,4,29.8,96,-2,0.8,5,BR:BT-549;BR:HS 578T;BR:MCF7;BR:MDA-MB-231;BR:T-47D,0.783553513306529,FALSE,FALSE,not_patient_scored
azacitidine,gefitinib,azacitidine + gefitinib,15,16.4,38,-4,0.8,5,BR:BT-549;BR:HS 578T;BR:MCF7;BR:MDA-MB-231;BR:T-47D,0.864541451273215,FALSE,FALSE,not_patient_scored
anastrozole,azacitidine,anastrozole + azacitidine,-44,-58.2,44,-213,0.1,5,BR:BT-549;BR:HS 578T;BR:MCF7;BR:MDA-MB-231;BR:T-47D,0.378230901780586,FALSE,FALSE,not_patient_scored
azacitidine,letrozole,azacitidine + letrozole,-32,-43.8,-17,-84,0,5,BR:BT-549;BR:HS 578T;BR:MCF7;BR:MDA-MB-231;BR:T-47D,0.378230901780586,FALSE,FALSE,not_patient_scored
azacitidine,celecoxib,azacitidine + celecoxib,3,7.2,67,-55,0.6,5,BR:BT-549;BR:HS 578T;BR:MCF7;BR:MDA-MB-231;BR:T-47D,0.775895079456251,FALSE,FALSE,not_patient_scored
azacitidine,pazopanib,azacitidine + pazopanib,-25,-22.4,19,-47,0.2,5,BR:BT-549;BR:HS 578T;BR:MCF7;BR:MDA-MB-231;BR:T-47D,0.378230901780586,FALSE,FALSE,not_patient_scored
azacitidine,imatinib,azacitidine + imatinib,-66,-58,9,-126,0.2,5,BR:BT-549;BR:HS 578T;BR:MCF7;BR:MDA-MB-231;BR:T-47D,0.378230901780586,FALSE,FALSE,not_patient_scored
azacitidine,nilotinib,azacitidine + nilotinib,-73.5,-71,7,-144,0.25,4,BR:BT-549;BR:HS 578T;BR:MCF7;BR:T-47D,0.378230901780586,FALSE,FALSE,not_patient_scored
azacitidine,lenalidomide,azacitidine + lenalidomide,13,9.4,40,-20,0.6,5,BR:BT-549;BR:HS 578T;BR:MCF7;BR:MDA-MB-231;BR:T-47D,0.852766609228413,FALSE,FALSE,not_patient_scored
azacitidine,raloxifene,azacitidine + raloxifene,-47,-46.2,-21,-72,0,5,BR:BT-549;BR:HS 578T;BR:MCF7;BR:MDA-MB-231;BR:T-47D,0.378230901780586,FALSE,FALSE,not_patient_scored
abiraterone,azacitidine,abiraterone + azacitidine,-15,-9.6,31,-34,0.2,5,BR:BT-549;BR:HS 578T;BR:MCF7;BR:MDA-MB-231;BR:T-47D,0.378230901780586,FALSE,FALSE,not_patient_scored
azacitidine,vemurafenib,azacitidine + vemurafenib,13,0.6,18,-24,0.6,5,BR:BT-549;BR:HS 578T;BR:MCF7;BR:MDA-MB-231;BR:T-47D,0.852766609228413,FALSE,FALSE,not_patient_scored
azacitidine,depsipeptide,azacitidine + depsipeptide,-8,-27.2,0,-66,0,5,BR:BT-549;BR:HS 578T;BR:MCF7;BR:MDA-MB-231;BR:T-47D,0.378230901780586,FALSE,FALSE,not_patient_scored
azacitidine,vismodegib,azacitidine + vismodegib,-3,-2,24,-27,0.4,5,BR:BT-549;BR:HS 578T;BR:MCF7;BR:MDA-MB-231;BR:T-47D,0.378230901780586,FALSE,FALSE,not_patient_scored
azacitidine,crizotinib,azacitidine + crizotinib,-21,-12.4,11,-30,0.4,5,BR:BT-549;BR:HS 578T;BR:MCF7;BR:MDA-MB-231;BR:T-47D,0.378230901780586,FALSE,FALSE,not_patient_scored
axitinib,azacitidine,axitinib + azacitidine,-35,-24.8,31,-73,0.2,5,BR:BT-549;BR:HS 578T;BR:MCF7;BR:MDA-MB-231;BR:T-47D,0.378230901780586,FALSE,FALSE,not_patient_scored
azacitidine,vandetanib,azacitidine + vandetanib,12,14.4,29,-1,0.8,5,BR:BT-549;BR:HS 578T;BR:MCF7;BR:MDA-MB-231;BR:T-47D,0.847118514263833,FALSE,FALSE,not_patient_scored
azacitidine,cabazitaxel,azacitidine + cabazitaxel,61.5,71.25,146,16,1,4,BR:BT-549;BR:MCF7;BR:MDA-MB-231;BR:T-47D,0.974152785755313,FALSE,FALSE,not_patient_scored
azacitidine,ruxolitinib,azacitidine + ruxolitinib,-19,-14.5,2,-22,0.25,4,BR:BT-549;BR:MCF7;BR:MDA-MB-231;BR:T-47D,0.378230901780586,FALSE,FALSE,not_patient_scored
cladribine,methotrexate,cladribine + methotrexate,-67,-73.2,-45,-112,0,5,BR:BT-549;BR:HS 578T;BR:MCF7;BR:MDA-MB-231;BR:T-47D,0.378230901780586,FALSE,FALSE,not_patient_scored
6 thioguanine,cladribine,6 thioguanine + cladribine,-41,-47.8,-23,-83,0,5,BR:BT-549;BR:HS 578T;BR:MCF7;BR:MDA-MB-231;BR:T-47D,0.378230901780586,FALSE,FALSE,not_patient_scored
actinomycin d,cladribine,actinomycin d + cladribine,-14,9.4,112,-44,0.4,5,BR:BT-549;BR:HS 578T;BR:MCF7;BR:MDA-MB-231;BR:T-47D,0.378230901780586,FALSE,FALSE,not_patient_scored
chlorambucil,cladribine,chlorambucil + cladribine,-42,-53.2,-18,-89,0,5,BR:BT-549;BR:HS 578T;BR:MCF7;BR:MDA-MB-231;BR:T-47D,0.378230901780586,FALSE,FALSE,not_patient_scored
cladribine,thiotepa,cladribine + thiotepa,-40,-52.8,-15,-115,0,5,BR:BT-549;BR:HS 578T;BR:MCF7;BR:MDA-MB-231;BR:T-47D,0.378230901780586,FALSE,FALSE,not_patient_scored
cladribine,melphalan,cladribine + melphalan,-12,-14.8,4,-39,0.4,5,BR:BT-549;BR:HS 578T;BR:MCF7;BR:MDA-MB-231;BR:T-47D,0.378230901780586,FALSE,FALSE,not_patient_scored
altretamine,cladribine,altretamine + cladribine,-64,-78.8,-50,-115,0,5,BR:BT-549;BR:HS 578T;BR:MCF7;BR:MDA-MB-231;BR:T-47D,0.378230901780586,FALSE,FALSE,not_patient_scored
5-fluorouracil,cladribine,5-fluorouracil + cladribine,-11,-4.4,28,-16,0.2,5,BR:BT-549;BR:HS 578T;BR:MCF7;BR:MDA-MB-231;BR:T-47D,0.378230901780586,TRUE,FALSE,tier_B_one_drug_patient_scored
cladribine,floxuridine,cladribine + floxuridine,-48,-50.5,-13,-93,0,4,BR:BT-549;BR:MCF7;BR:MDA-MB-231;BR:T-47D,0.378230901780586,FALSE,FALSE,not_patient_scored
cladribine,uracil mustard,cladribine + uracil mustard,-20,-12.4,17,-42,0.4,5,BR:BT-549;BR:HS 578T;BR:MCF7;BR:MDA-MB-231;BR:T-47D,0.378230901780586,FALSE,FALSE,not_patient_scored
cladribine,dacarbazine,cladribine + dacarbazine,-38,-28.8,36,-67,0.2,5,BR:BT-549;BR:HS 578T;BR:MCF7;BR:MDA-MB-231;BR:T-47D,0.378230901780586,FALSE,FALSE,not_patient_scored
cladribine,cytarabine,cladribine + cytarabine,-40,-44.8,-17,-102,0,5,BR:BT-549;BR:HS 578T;BR:MCF7;BR:MDA-MB-231;BR:T-47D,0.378230901780586,FALSE,FALSE,not_patient_scored
cladribine,vincristine,cladribine + vincristine,0,-1.5,39,-45,0.5,4,BR:BT-549;BR:MCF7;BR:MDA-MB-231;BR:T-47D,0.378230901780586,FALSE,FALSE,not_patient_scored
cladribine,megestrol acetate,cladribine + megestrol acetate,-122,-95.2,1,-168,0.2,5,BR:BT-549;BR:HS 578T;BR:MCF7;BR:MDA-MB-231;BR:T-47D,0.378230901780586,FALSE,FALSE,not_patient_scored
cladribine,lomustine,cladribine + lomustine,-16,-11.6,32,-40,0.2,5,BR:BT-549;BR:HS 578T;BR:MCF7;BR:MDA-MB-231;BR:T-47D,0.378230901780586,FALSE,FALSE,not_patient_scored
cladribine,daunorubicin,cladribine + daunorubicin,11,6.8,23,-12,0.6,5,BR:BT-549;BR:HS 578T;BR:MCF7;BR:MDA-MB-231;BR:T-47D,0.841853340991767,FALSE,FALSE,not_patient_scored
cladribine,teniposide,cladribine + teniposide,13,12,47,-41,0.8,5,BR:BT-549;BR:HS 578T;BR:MCF7;BR:MDA-MB-231;BR:T-47D,0.852766609228413,FALSE,FALSE,not_patient_scored
cladribine,etoposide,cladribine + etoposide,0,-7.8,29,-56,0.4,5,BR:BT-549;BR:HS 578T;BR:MCF7;BR:MDA-MB-231;BR:T-47D,0.378230901780586,FALSE,FALSE,not_patient_scored
cladribine,dexrazoxane,cladribine + dexrazoxane,-5,-6.2,13,-29,0.4,5,BR:BT-549;BR:HS 578T;BR:MCF7;BR:MDA-MB-231;BR:T-47D,0.378230901780586,FALSE,FALSE,not_patient_scored
cladribine,mitoxantrone,cladribine + mitoxantrone,10,9,24,-12,0.8,5,BR:BT-549;BR:HS 578T;BR:MCF7;BR:MDA-MB-231;BR:T-47D,0.835343672219031,FALSE,FALSE,not_patient_scored
cladribine,vinorelbine,cladribine + vinorelbine,1,7.4,21,-2,0.6,5,BR:BT-549;BR:HS 578T;BR:MCF7;BR:MDA-MB-231;BR:T-47D,0.759908098793797,FALSE,FALSE,not_patient_scored
cladribine,pemetrexed,cladribine + pemetrexed,-38,-41.6,-4,-73,0,5,BR:BT-549;BR:HS 578T;BR:MCF7;BR:MDA-MB-231;BR:T-47D,0.378230901780586,FALSE,FALSE,not_patient_scored
cladribine,exemestane,cladribine + exemestane,38,22.8,50,-25,0.8,5,BR:BT-549;BR:HS 578T;BR:MCF7;BR:MDA-MB-231;BR:T-47D,0.943423319931074,FALSE,FALSE,not_patient_scored
cladribine,gefitinib,cladribine + gefitinib,24,21.8,34,9,1,5,BR:BT-549;BR:HS 578T;BR:MCF7;BR:MDA-MB-231;BR:T-47D,0.904843959410301,FALSE,FALSE,not_patient_scored
cladribine,letrozole,cladribine + letrozole,-76,-72,-29,-101,0,5,BR:BT-549;BR:HS 578T;BR:MCF7;BR:MDA-MB-231;BR:T-47D,0.378230901780586,FALSE,FALSE,not_patient_scored
celecoxib,cladribine,celecoxib + cladribine,-32,-42,-16,-94,0,5,BR:BT-549;BR:HS 578T;BR:MCF7;BR:MDA-MB-231;BR:T-47D,0.378230901780586,FALSE,FALSE,not_patient_scored
cladribine,pazopanib,cladribine + pazopanib,-1,-4.4,37,-32,0.2,5,BR:BT-549;BR:HS 578T;BR:MCF7;BR:MDA-MB-231;BR:T-47D,0.378230901780586,FALSE,FALSE,not_patient_scored
cladribine,lenalidomide,cladribine + lenalidomide,-31,-16.4,11,-34,0.4,5,BR:BT-549;BR:HS 578T;BR:MCF7;BR:MDA-MB-231;BR:T-47D,0.378230901780586,FALSE,FALSE,not_patient_scored
cladribine,raloxifene,cladribine + raloxifene,-42,-35,5,-67,0.2,5,BR:BT-549;BR:HS 578T;BR:MCF7;BR:MDA-MB-231;BR:T-47D,0.378230901780586,FALSE,FALSE,not_patient_scored
abiraterone,cladribine,abiraterone + cladribine,-6,-11,14,-35,0.2,5,BR:BT-549;BR:HS 578T;BR:MCF7;BR:MDA-MB-231;BR:T-47D,0.378230901780586,FALSE,FALSE,not_patient_scored
cladribine,vemurafenib,cladribine + vemurafenib,-20,-13.8,33,-36,0.2,5,BR:BT-549;BR:HS 578T;BR:MCF7;BR:MDA-MB-231;BR:T-47D,0.378230901780586,FALSE,FALSE,not_patient_scored
cladribine,vismodegib,cladribine + vismodegib,-33,-24.4,28,-68,0.2,5,BR:BT-549;BR:HS 578T;BR:MCF7;BR:MDA-MB-231;BR:T-47D,0.378230901780586,FALSE,FALSE,not_patient_scored
cladribine,crizotinib,cladribine + crizotinib,-34,-40,-15,-61,0,5,BR:BT-549;BR:HS 578T;BR:MCF7;BR:MDA-MB-231;BR:T-47D,0.378230901780586,FALSE,FALSE,not_patient_scored
axitinib,cladribine,axitinib + cladribine,-24,-21.8,24,-65,0.4,5,BR:BT-549;BR:HS 578T;BR:MCF7;BR:MDA-MB-231;BR:T-47D,0.378230901780586,FALSE,FALSE,not_patient_scored
cladribine,vandetanib,cladribine + vandetanib,-24,-17.8,43,-59,0.2,5,BR:BT-549;BR:HS 578T;BR:MCF7;BR:MDA-MB-231;BR:T-47D,0.378230901780586,FALSE,FALSE,not_patient_scored
cabazitaxel,cladribine,cabazitaxel + cladribine,-35,-28,10,-57,0.2,5,BR:BT-549;BR:HS 578T;BR:MCF7;BR:MDA-MB-231;BR:T-47D,0.378230901780586,FALSE,FALSE,not_patient_scored
cladribine,ruxolitinib,cladribine + ruxolitinib,-30,-30.2,0,-68,0,5,BR:BT-549;BR:HS 578T;BR:MCF7;BR:MDA-MB-231;BR:T-47D,0.378230901780586,FALSE,FALSE,not_patient_scored
ifosfamide,methotrexate,ifosfamide + methotrexate,-27,-38.2,6,-91,0.2,5,BR:BT-549;BR:HS 578T;BR:MCF7;BR:MDA-MB-231;BR:T-47D,0.378230901780586,FALSE,FALSE,not_patient_scored
busulfan,ifosfamide,busulfan + ifosfamide,-19,-22.2,6,-52,0.2,5,BR:BT-549;BR:HS 578T;BR:MCF7;BR:MDA-MB-231;BR:T-47D,0.378230901780586,FALSE,FALSE,not_patient_scored
6 thioguanine,ifosfamide,6 thioguanine + ifosfamide,-34,-27.2,13,-58,0.2,5,BR:BT-549;BR:HS 578T;BR:MCF7;BR:MDA-MB-231;BR:T-47D,0.378230901780586,FALSE,FALSE,not_patient_scored
6 mercaptopurine,ifosfamide,6 mercaptopurine + ifosfamide,8,15.4,69,-20,0.6,5,BR:BT-549;BR:HS 578T;BR:MCF7;BR:MDA-MB-231;BR:T-47D,0.818973769864063,FALSE,FALSE,not_patient_scored
ifosfamide,nitrogen mustard,ifosfamide + nitrogen mustard,-47,-47.2,-36,-58,0,5,BR:BT-549;BR:HS 578T;BR:MCF7;BR:MDA-MB-231;BR:T-47D,0.378230901780586,FALSE,FALSE,not_patient_scored
allopurinol,ifosfamide,allopurinol + ifosfamide,-50,-47.8,0,-87,0,5,BR:BT-549;BR:HS 578T;BR:MCF7;BR:MDA-MB-231;BR:T-47D,0.378230901780586,FALSE,FALSE,not_patient_scored
actinomycin d,ifosfamide,actinomycin d + ifosfamide,6,6.6,56,-55,0.6,5,BR:BT-549;BR:HS 578T;BR:MCF7;BR:MDA-MB-231;BR:T-47D,0.802508137085966,FALSE,FALSE,not_patient_scored
chlorambucil,ifosfamide,chlorambucil + ifosfamide,-71,-62,-7,-122,0,5,BR:BT-549;BR:HS 578T;BR:MCF7;BR:MDA-MB-231;BR:T-47D,0.378230901780586,FALSE,FALSE,not_patient_scored
ifosfamide,thiotepa,ifosfamide + thiotepa,-35,-38,16,-94,0.4,5,BR:BT-549;BR:HS 578T;BR:MCF7;BR:MDA-MB-231;BR:T-47D,0.378230901780586,FALSE,FALSE,not_patient_scored
ifosfamide,melphalan,ifosfamide + melphalan,-41,-44.8,-21,-81,0,5,BR:BT-549;BR:HS 578T;BR:MCF7;BR:MDA-MB-231;BR:T-47D,0.378230901780586,FALSE,FALSE,not_patient_scored
ifosfamide,triethylenemelamine,ifosfamide + triethylenemelamine,-6,-8.2,22,-37,0.4,5,BR:BT-549;BR:HS 578T;BR:MCF7;BR:MDA-MB-231;BR:T-47D,0.378230901780586,FALSE,FALSE,not_patient_scored
altretamine,ifosfamide,altretamine + ifosfamide,-74,-80.2,-39,-117,0,5,BR:BT-549;BR:HS 578T;BR:MCF7;BR:MDA-MB-231;BR:T-47D,0.378230901780586,FALSE,FALSE,not_patient_scored
acrichine,ifosfamide,acrichine + ifosfamide,-15,-8,62,-78,0.4,5,BR:BT-549;BR:HS 578T;BR:MCF7;BR:MDA-MB-231;BR:T-47D,0.378230901780586,FALSE,FALSE,not_patient_scored
aminolevulinic acid,ifosfamide,aminolevulinic acid + ifosfamide,-64,-78.6,-40,-147,0,5,BR:BT-549;BR:HS 578T;BR:MCF7;BR:MDA-MB-231;BR:T-47D,0.378230901780586,FALSE,FALSE,not_patient_scored
5-fluorouracil,ifosfamide,5-fluorouracil + ifosfamide,0,-4.2,7,-24,0.4,5,BR:BT-549;BR:HS 578T;BR:MCF7;BR:MDA-MB-231;BR:T-47D,0.378230901780586,TRUE,FALSE,tier_B_one_drug_patient_scored
ifosfamide,mithramycin,ifosfamide + mithramycin,-6,3.6,49,-34,0.4,5,BR:BT-549;BR:HS 578T;BR:MCF7;BR:MDA-MB-231;BR:T-47D,0.378230901780586,FALSE,FALSE,not_patient_scored
ifosfamide,pipobroman,ifosfamide + pipobroman,-81,-77.6,-18,-146,0,5,BR:BT-549;BR:HS 578T;BR:MCF7;BR:MDA-MB-231;BR:T-47D,0.378230901780586,FALSE,FALSE,not_patient_scored
cyclophosphamide,ifosfamide,cyclophosphamide + ifosfamide,16,11.6,114,-118,0.6,5,BR:BT-549;BR:HS 578T;BR:MCF7;BR:MDA-MB-231;BR:T-47D,0.869519433275895,FALSE,FALSE,not_patient_scored
ifosfamide,mitomycin,ifosfamide + mitomycin,-7,18.6,62,-14,0.4,5,BR:BT-549;BR:HS 578T;BR:MCF7;BR:MDA-MB-231;BR:T-47D,0.378230901780586,FALSE,FALSE,not_patient_scored
floxuridine,ifosfamide,floxuridine + ifosfamide,5,0,22,-19,0.6,5,BR:BT-549;BR:HS 578T;BR:MCF7;BR:MDA-MB-231;BR:T-47D,0.793030825196247,FALSE,FALSE,not_patient_scored
hydroxyurea,ifosfamide,hydroxyurea + ifosfamide,-43,-47.8,-17,-79,0,5,BR:BT-549;BR:HS 578T;BR:MCF7;BR:MDA-MB-231;BR:T-47D,0.378230901780586,FALSE,FALSE,not_patient_scored
ifosfamide,uracil mustard,ifosfamide + uracil mustard,-32,-28.2,9,-58,0.2,5,BR:BT-549;BR:HS 578T;BR:MCF7;BR:MDA-MB-231;BR:T-47D,0.378230901780586,FALSE,FALSE,not_patient_scored
ifosfamide,mitotane,ifosfamide + mitotane,-20,-20.2,-7,-28,0,5,BR:BT-549;BR:HS 578T;BR:MCF7;BR:MDA-MB-231;BR:T-47D,0.378230901780586,FALSE,FALSE,not_patient_scored
dacarbazine,ifosfamide,dacarbazine + ifosfamide,-53,-62.2,-31,-101,0,5,BR:BT-549;BR:HS 578T;BR:MCF7;BR:MDA-MB-231;BR:T-47D,0.378230901780586,FALSE,FALSE,not_patient_scored
ifosfamide,methoxsalen,ifosfamide + methoxsalen,-7,7.4,116,-58,0.4,5,BR:BT-549;BR:HS 578T;BR:MCF7;BR:MDA-MB-231;BR:T-47D,0.378230901780586,FALSE,FALSE,not_patient_scored
ifosfamide,vinblastine,ifosfamide + vinblastine,-46,-36.8,10,-85,0.2,5,BR:BT-549;BR:HS 578T;BR:MCF7;BR:MDA-MB-231;BR:T-47D,0.378230901780586,FALSE,FALSE,not_patient_scored
cytarabine,ifosfamide,cytarabine + ifosfamide,-19,-17.4,6,-41,0.4,5,BR:BT-549;BR:HS 578T;BR:MCF7;BR:MDA-MB-231;BR:T-47D,0.378230901780586,FALSE,FALSE,not_patient_scored
ifosfamide,thalidomide,ifosfamide + thalidomide,-67,-41,16,-81,0.2,5,BR:BT-549;BR:HS 578T;BR:MCF7;BR:MDA-MB-231;BR:T-47D,0.378230901780586,FALSE,FALSE,not_patient_scored
ifosfamide,vincristine,ifosfamide + vincristine,-71,-69.2,27,-140,0.2,5,BR:BT-549;BR:HS 578T;BR:MCF7;BR:MDA-MB-231;BR:T-47D,0.378230901780586,FALSE,FALSE,not_patient_scored
ifosfamide,megestrol acetate,ifosfamide + megestrol acetate,-95,-105.2,-27,-208,0,5,BR:BT-549;BR:HS 578T;BR:MCF7;BR:MDA-MB-231;BR:T-47D,0.378230901780586,FALSE,FALSE,not_patient_scored
ifosfamide,procarbazine,ifosfamide + procarbazine,-18,-26.4,-8,-62,0,5,BR:BT-549;BR:HS 578T;BR:MCF7;BR:MDA-MB-231;BR:T-47D,0.378230901780586,FALSE,FALSE,not_patient_scored
ifosfamide,lomustine,ifosfamide + lomustine,-1,-11.2,41,-115,0.4,5,BR:BT-549;BR:HS 578T;BR:MCF7;BR:MDA-MB-231;BR:T-47D,0.378230901780586,FALSE,FALSE,not_patient_scored
daunorubicin,ifosfamide,daunorubicin + ifosfamide,-17,-14.8,0,-27,0,5,BR:BT-549;BR:HS 578T;BR:MCF7;BR:MDA-MB-231;BR:T-47D,0.378230901780586,FALSE,FALSE,not_patient_scored
ifosfamide,streptozocin,ifosfamide + streptozocin,-28,-17,21,-37,0.2,5,BR:BT-549;BR:HS 578T;BR:MCF7;BR:MDA-MB-231;BR:T-47D,0.378230901780586,FALSE,FALSE,not_patient_scored
azacitidine,ifosfamide,azacitidine + ifosfamide,-26,-24.6,28,-65,0.2,5,BR:BT-549;BR:HS 578T;BR:MCF7;BR:MDA-MB-231;BR:T-47D,0.378230901780586,FALSE,FALSE,not_patient_scored
cladribine,ifosfamide,cladribine + ifosfamide,-22,-8.2,63,-43,0.4,5,BR:BT-549;BR:HS 578T;BR:MCF7;BR:MDA-MB-231;BR:T-47D,0.378230901780586,FALSE,FALSE,not_patient_scored
fludarabine,ifosfamide,fludarabine + ifosfamide,-36,-32.2,-14,-50,0,5,BR:BT-549;BR:HS 578T;BR:MCF7;BR:MDA-MB-231;BR:T-47D,0.378230901780586,FALSE,FALSE,not_patient_scored
ifosfamide,isotretinoin,ifosfamide + isotretinoin,11,-11.6,13,-84,0.6,5,BR:BT-549;BR:HS 578T;BR:MCF7;BR:MDA-MB-231;BR:T-47D,0.841853340991767,FALSE,FALSE,not_patient_scored
ifosfamide,teniposide,ifosfamide + teniposide,-21,-22.6,5,-63,0.2,5,BR:BT-549;BR:HS 578T;BR:MCF7;BR:MDA-MB-231;BR:T-47D,0.378230901780586,FALSE,FALSE,not_patient_scored
doxorubicin,ifosfamide,doxorubicin + ifosfamide,-32,-10.4,97,-46,0.2,5,BR:BT-549;BR:HS 578T;BR:MCF7;BR:MDA-MB-231;BR:T-47D,0.378230901780586,TRUE,FALSE,tier_B_one_drug_patient_scored
bleomycin,ifosfamide,bleomycin + ifosfamide,7,9.8,64,-33,0.8,5,BR:BT-549;BR:HS 578T;BR:MCF7;BR:MDA-MB-231;BR:T-47D,0.810453762205629,FALSE,FALSE,not_patient_scored
ifosfamide,paclitaxel,ifosfamide + paclitaxel,5,-8,84,-92,0.6,5,BR:BT-549;BR:HS 578T;BR:MCF7;BR:MDA-MB-231;BR:T-47D,0.793030825196247,FALSE,TRUE,tier_B_one_drug_patient_scored
bendamustine,ifosfamide,bendamustine + ifosfamide,-23,-28.8,-11,-48,0,5,BR:BT-549;BR:HS 578T;BR:MCF7;BR:MDA-MB-231;BR:T-47D,0.378230901780586,FALSE,FALSE,not_patient_scored
etoposide,ifosfamide,etoposide + ifosfamide,-16,-7.8,20,-39,0.4,5,BR:BT-549;BR:HS 578T;BR:MCF7;BR:MDA-MB-231;BR:T-47D,0.378230901780586,FALSE,FALSE,not_patient_scored
dexrazoxane,ifosfamide,dexrazoxane + ifosfamide,-6,-12.2,41,-64,0.2,5,BR:BT-549;BR:HS 578T;BR:MCF7;BR:MDA-MB-231;BR:T-47D,0.378230901780586,FALSE,FALSE,not_patient_scored
ifosfamide,tamoxifen,ifosfamide + tamoxifen,-10,-14.4,17,-41,0.2,5,BR:BT-549;BR:HS 578T;BR:MCF7;BR:MDA-MB-231;BR:T-47D,0.378230901780586,FALSE,FALSE,not_patient_scored
ifosfamide,rapamycin,ifosfamide + rapamycin,5,6.4,30,-21,0.6,5,BR:BT-549;BR:HS 578T;BR:MCF7;BR:MDA-MB-231;BR:T-47D,0.793030825196247,FALSE,TRUE,tier_B_one_drug_patient_scored
carboplatin,ifosfamide,carboplatin + ifosfamide,-15,-24.2,1,-82,0.2,5,BR:BT-549;BR:HS 578T;BR:MCF7;BR:MDA-MB-231;BR:T-47D,0.378230901780586,FALSE,FALSE,not_patient_scored
ifosfamide,valrubicin,ifosfamide + valrubicin,2,-14.6,70,-191,0.6,5,BR:BT-549;BR:HS 578T;BR:MCF7;BR:MDA-MB-231;BR:T-47D,0.768140915182845,FALSE,FALSE,not_patient_scored
ifosfamide,oxaliplatin,ifosfamide + oxaliplatin,-572,-561.2,-307,-719,0,5,BR:BT-549;BR:HS 578T;BR:MCF7;BR:MDA-MB-231;BR:T-47D,0.378230901780586,FALSE,FALSE,not_patient_scored
ifosfamide,mitoxantrone,ifosfamide + mitoxantrone,26,17.4,42,-16,0.8,5,BR:BT-549;BR:HS 578T;BR:MCF7;BR:MDA-MB-231;BR:T-47D,0.911640819452422,FALSE,FALSE,not_patient_scored
ifosfamide,temozolomide,ifosfamide + temozolomide,-33,-44.2,-19,-104,0,5,BR:BT-549;BR:HS 578T;BR:MCF7;BR:MDA-MB-231;BR:T-47D,0.378230901780586,FALSE,FALSE,not_patient_scored
clofarabine,ifosfamide,clofarabine + ifosfamide,-20,-32,-16,-66,0,5,BR:BT-549;BR:HS 578T;BR:MCF7;BR:MDA-MB-231;BR:T-47D,0.378230901780586,FALSE,FALSE,not_patient_scored
ifosfamide,vinorelbine,ifosfamide + vinorelbine,-5,1,51,-35,0.4,5,BR:BT-549;BR:HS 578T;BR:MCF7;BR:MDA-MB-231;BR:T-47D,0.378230901780586,FALSE,FALSE,not_patient_scored
gemcitabine,ifosfamide,gemcitabine + ifosfamide,-20,-28.2,-15,-59,0,5,BR:BT-549;BR:HS 578T;BR:MCF7;BR:MDA-MB-231;BR:T-47D,0.378230901780586,TRUE,FALSE,tier_B_one_drug_patient_scored
docetaxel,ifosfamide,docetaxel + ifosfamide,-41,-39.75,-27,-50,0,4,BR:BT-549;BR:MCF7;BR:MDA-MB-231;BR:T-47D,0.378230901780586,TRUE,FALSE,tier_B_one_drug_patient_scored
7 ethyl 10 hydroxycamptothecin,ifosfamide,7 ethyl 10 hydroxycamptothecin + ifosfamide,-22,-9.2,26,-25,0.2,5,BR:BT-549;BR:HS 578T;BR:MCF7;BR:MDA-MB-231;BR:T-47D,0.378230901780586,FALSE,FALSE,not_patient_scored
ifosfamide,nelarabine,ifosfamide + nelarabine,-81.5,-97.75,-58,-170,0,4,BR:HS 578T;BR:MCF7;BR:MDA-MB-231;BR:T-47D,0.378230901780586,FALSE,FALSE,not_patient_scored
ifosfamide,pemetrexed,ifosfamide + pemetrexed,-21,-17,10,-31,0.2,5,BR:BT-549;BR:HS 578T;BR:MCF7;BR:MDA-MB-231;BR:T-47D,0.378230901780586,FALSE,FALSE,not_patient_scored
ifosfamide,vorinostat,ifosfamide + vorinostat,-39,-61.6,-22,-112,0,5,BR:BT-549;BR:HS 578T;BR:MCF7;BR:MDA-MB-231;BR:T-47D,0.378230901780586,FALSE,FALSE,not_patient_scored
capecitabine,ifosfamide,capecitabine + ifosfamide,-65,-68.6,18,-121,0.2,5,BR:BT-549;BR:HS 578T;BR:MCF7;BR:MDA-MB-231;BR:T-47D,0.378230901780586,FALSE,FALSE,not_patient_scored
exemestane,ifosfamide,exemestane + ifosfamide,-5,6.2,34,-22,0.4,5,BR:BT-549;BR:HS 578T;BR:MCF7;BR:MDA-MB-231;BR:T-47D,0.378230901780586,FALSE,FALSE,not_patient_scored
gefitinib,ifosfamide,gefitinib + ifosfamide,3,-5.4,24,-50,0.6,5,BR:BT-549;BR:HS 578T;BR:MCF7;BR:MDA-MB-231;BR:T-47D,0.775895079456251,FALSE,FALSE,not_patient_scored
anastrozole,ifosfamide,anastrozole + ifosfamide,-49.5,-51,-33,-72,0,4,BR:HS 578T;BR:MCF7;BR:MDA-MB-231;BR:T-47D,0.378230901780586,FALSE,FALSE,not_patient_scored
ifosfamide,letrozole,ifosfamide + letrozole,-62,-84.8,-24,-212,0,5,BR:BT-549;BR:HS 578T;BR:MCF7;BR:MDA-MB-231;BR:T-47D,0.378230901780586,FALSE,FALSE,not_patient_scored
celecoxib,ifosfamide,celecoxib + ifosfamide,-47,-57.6,-30,-121,0,5,BR:BT-549;BR:HS 578T;BR:MCF7;BR:MDA-MB-231;BR:T-47D,0.378230901780586,FALSE,FALSE,not_patient_scored
ifosfamide,zoledronate,ifosfamide + zoledronate,-15,-51.4,-3,-179,0,5,BR:BT-549;BR:HS 578T;BR:MCF7;BR:MDA-MB-231;BR:T-47D,0.378230901780586,FALSE,FALSE,not_patient_scored
dasatinib,ifosfamide,dasatinib + ifosfamide,-14.5,-12.75,18,-40,0.25,4,BR:HS 578T;BR:MCF7;BR:MDA-MB-231;BR:T-47D,0.378230901780586,FALSE,FALSE,not_patient_scored
everolimus,ifosfamide,everolimus + ifosfamide,-8.5,-4.75,37,-39,0.5,4,BR:HS 578T;BR:MCF7;BR:MDA-MB-231;BR:T-47D,0.378230901780586,FALSE,FALSE,not_patient_scored
ifosfamide,pazopanib,ifosfamide + pazopanib,-3,-16.2,20,-69,0.4,5,BR:BT-549;BR:HS 578T;BR:MCF7;BR:MDA-MB-231;BR:T-47D,0.378230901780586,FALSE,FALSE,not_patient_scored
ifosfamide,imatinib,ifosfamide + imatinib,-58,-94.6,-31,-246,0,5,BR:BT-549;BR:HS 578T;BR:MCF7;BR:MDA-MB-231;BR:T-47D,0.378230901780586,FALSE,FALSE,not_patient_scored
ifosfamide,lapatinib,ifosfamide + lapatinib,-52,-69.8,-26,-162,0,5,BR:BT-549;BR:HS 578T;BR:MCF7;BR:MDA-MB-231;BR:T-47D,0.378230901780586,FALSE,TRUE,tier_B_one_drug_patient_scored
ifosfamide,nilotinib,ifosfamide + nilotinib,-79,-81.8,-67,-97,0,5,BR:BT-549;BR:HS 578T;BR:MCF7;BR:MDA-MB-231;BR:T-47D,0.378230901780586,FALSE,FALSE,not_patient_scored
ifosfamide,sorafenib,ifosfamide + sorafenib,-29,-49.6,55,-160,0.2,5,BR:BT-549;BR:HS 578T;BR:MCF7;BR:MDA-MB-231;BR:T-47D,0.378230901780586,FALSE,FALSE,not_patient_scored
ifosfamide,lenalidomide,ifosfamide + lenalidomide,-29,-36.8,9,-83,0.2,5,BR:BT-549;BR:HS 578T;BR:MCF7;BR:MDA-MB-231;BR:T-47D,0.378230901780586,FALSE,FALSE,not_patient_scored
ifosfamide,raloxifene,ifosfamide + raloxifene,-32,-24,27,-52,0.2,5,BR:BT-549;BR:HS 578T;BR:MCF7;BR:MDA-MB-231;BR:T-47D,0.378230901780586,FALSE,FALSE,not_patient_scored
abiraterone,ifosfamide,abiraterone + ifosfamide,-14,-11.4,3,-23,0.2,5,BR:BT-549;BR:HS 578T;BR:MCF7;BR:MDA-MB-231;BR:T-47D,0.378230901780586,FALSE,FALSE,not_patient_scored
ifosfamide,sunitinib,ifosfamide + sunitinib,-73,-95.6,-25,-172,0,5,BR:BT-549;BR:HS 578T;BR:MCF7;BR:MDA-MB-231;BR:T-47D,0.378230901780586,FALSE,FALSE,not_patient_scored
ifosfamide,vemurafenib,ifosfamide + vemurafenib,-13,-8.8,10,-36,0.4,5,BR:BT-549;BR:HS 578T;BR:MCF7;BR:MDA-MB-231;BR:T-47D,0.378230901780586,FALSE,FALSE,not_patient_scored
depsipeptide,ifosfamide,depsipeptide + ifosfamide,-42,-31.6,75,-102,0.2,5,BR:BT-549;BR:HS 578T;BR:MCF7;BR:MDA-MB-231;BR:T-47D,0.378230901780586,FALSE,FALSE,not_patient_scored
ifosfamide,pralatrexate,ifosfamide + pralatrexate,-72,-69.8,-50,-95,0,5,BR:BT-549;BR:HS 578T;BR:MCF7;BR:MDA-MB-231;BR:T-47D,0.378230901780586,FALSE,FALSE,not_patient_scored
ifosfamide,vismodegib,ifosfamide + vismodegib,9,5,37,-33,0.6,5,BR:BT-549;BR:HS 578T;BR:MCF7;BR:MDA-MB-231;BR:T-47D,0.827685238368754,FALSE,FALSE,not_patient_scored
crizotinib,ifosfamide,crizotinib + ifosfamide,-34,-31.4,-19,-39,0,5,BR:BT-549;BR:HS 578T;BR:MCF7;BR:MDA-MB-231;BR:T-47D,0.378230901780586,FALSE,FALSE,not_patient_scored
axitinib,ifosfamide,axitinib + ifosfamide,4,-2,47,-41,0.6,5,BR:BT-549;BR:HS 578T;BR:MCF7;BR:MDA-MB-231;BR:T-47D,0.783553513306529,FALSE,FALSE,not_patient_scored
ifosfamide,vandetanib,ifosfamide + vandetanib,-10,-2.8,21,-23,0.4,5,BR:BT-549;BR:HS 578T;BR:MCF7;BR:MDA-MB-231;BR:T-47D,0.378230901780586,FALSE,FALSE,not_patient_scored
cabazitaxel,ifosfamide,cabazitaxel + ifosfamide,36,38.4,66,21,1,5,BR:BT-549;BR:HS 578T;BR:MCF7;BR:MDA-MB-231;BR:T-47D,0.938828259620908,FALSE,FALSE,not_patient_scored
ifosfamide,ruxolitinib,ifosfamide + ruxolitinib,-22,-36.4,-10,-98,0,5,BR:BT-549;BR:HS 578T;BR:MCF7;BR:MDA-MB-231;BR:T-47D,0.378230901780586,FALSE,FALSE,not_patient_scored
fludarabine,methotrexate,fludarabine + methotrexate,-80,-81.8,-3,-192,0,5,BR:BT-549;BR:HS 578T;BR:MCF7;BR:MDA-MB-231;BR:T-47D,0.378230901780586,FALSE,FALSE,not_patient_scored
6 thioguanine,fludarabine,6 thioguanine + fludarabine,-43,-43.6,-18,-75,0,5,BR:BT-549;BR:HS 578T;BR:MCF7;BR:MDA-MB-231;BR:T-47D,0.378230901780586,FALSE,FALSE,not_patient_scored
actinomycin d,fludarabine,actinomycin d + fludarabine,-41,-29.4,51,-76,0.2,5,BR:BT-549;BR:HS 578T;BR:MCF7;BR:MDA-MB-231;BR:T-47D,0.378230901780586,FALSE,FALSE,not_patient_scored
chlorambucil,fludarabine,chlorambucil + fludarabine,-54,-49,-18,-73,0,5,BR:BT-549;BR:HS 578T;BR:MCF7;BR:MDA-MB-231;BR:T-47D,0.378230901780586,FALSE,FALSE,not_patient_scored
fludarabine,thiotepa,fludarabine + thiotepa,18,17.6,38,-20,0.8,5,BR:BT-549;BR:HS 578T;BR:MCF7;BR:MDA-MB-231;BR:T-47D,0.878996745165614,FALSE,FALSE,not_patient_scored
fludarabine,melphalan,fludarabine + melphalan,-30,-34.8,-14,-63,0,5,BR:BT-549;BR:HS 578T;BR:MCF7;BR:MDA-MB-231;BR:T-47D,0.378230901780586,FALSE,FALSE,not_patient_scored
altretamine,fludarabine,altretamine + fludarabine,-67,-69,-40,-99,0,5,BR:BT-549;BR:HS 578T;BR:MCF7;BR:MDA-MB-231;BR:T-47D,0.378230901780586,FALSE,FALSE,not_patient_scored
5-fluorouracil,fludarabine,5-fluorouracil + fludarabine,-5,-2.4,34,-22,0.4,5,BR:BT-549;BR:HS 578T;BR:MCF7;BR:MDA-MB-231;BR:T-47D,0.378230901780586,TRUE,FALSE,tier_B_one_drug_patient_scored
floxuridine,fludarabine,floxuridine + fludarabine,-26,-31.2,-6,-60,0,5,BR:BT-549;BR:HS 578T;BR:MCF7;BR:MDA-MB-231;BR:T-47D,0.378230901780586,FALSE,FALSE,not_patient_scored
fludarabine,uracil mustard,fludarabine + uracil mustard,-20,-19,15,-64,0.4,5,BR:BT-549;BR:HS 578T;BR:MCF7;BR:MDA-MB-231;BR:T-47D,0.378230901780586,FALSE,FALSE,not_patient_scored
dacarbazine,fludarabine,dacarbazine + fludarabine,-39,-30,10,-64,0.2,5,BR:BT-549;BR:HS 578T;BR:MCF7;BR:MDA-MB-231;BR:T-47D,0.378230901780586,FALSE,FALSE,not_patient_scored
cytarabine,fludarabine,cytarabine + fludarabine,19,6.2,44,-31,0.6,5,BR:BT-549;BR:HS 578T;BR:MCF7;BR:MDA-MB-231;BR:T-47D,0.883974727168294,FALSE,FALSE,not_patient_scored
fludarabine,vincristine,fludarabine + vincristine,-10,-16.8,9,-71,0.4,5,BR:BT-549;BR:HS 578T;BR:MCF7;BR:MDA-MB-231;BR:T-47D,0.378230901780586,FALSE,FALSE,not_patient_scored
fludarabine,megestrol acetate,fludarabine + megestrol acetate,-111,-94.4,-15,-156,0,5,BR:BT-549;BR:HS 578T;BR:MCF7;BR:MDA-MB-231;BR:T-47D,0.378230901780586,FALSE,FALSE,not_patient_scored
fludarabine,lomustine,fludarabine + lomustine,-12,-16.8,26,-65,0.4,5,BR:BT-549;BR:HS 578T;BR:MCF7;BR:MDA-MB-231;BR:T-47D,0.378230901780586,FALSE,FALSE,not_patient_scored
daunorubicin,fludarabine,daunorubicin + fludarabine,0,-2,12,-21,0.4,5,BR:BT-549;BR:HS 578T;BR:MCF7;BR:MDA-MB-231;BR:T-47D,0.378230901780586,FALSE,FALSE,not_patient_scored
cladribine,fludarabine,cladribine + fludarabine,18,21.8,90,-34,0.8,5,BR:BT-549;BR:HS 578T;BR:MCF7;BR:MDA-MB-231;BR:T-47D,0.878996745165614,FALSE,FALSE,not_patient_scored
fludarabine,teniposide,fludarabine + teniposide,-18,-19.2,14,-56,0.2,5,BR:BT-549;BR:HS 578T;BR:MCF7;BR:MDA-MB-231;BR:T-47D,0.378230901780586,FALSE,FALSE,not_patient_scored
etoposide,fludarabine,etoposide + fludarabine,10,-2.6,16,-49,0.6,5,BR:BT-549;BR:HS 578T;BR:MCF7;BR:MDA-MB-231;BR:T-47D,0.835343672219031,FALSE,FALSE,not_patient_scored
dexrazoxane,fludarabine,dexrazoxane + fludarabine,9,8.2,21,-10,0.6,5,BR:BT-549;BR:HS 578T;BR:MCF7;BR:MDA-MB-231;BR:T-47D,0.827685238368754,FALSE,FALSE,not_patient_scored
fludarabine,mitoxantrone,fludarabine + mitoxantrone,0,0.8,19,-17,0.4,5,BR:BT-549;BR:HS 578T;BR:MCF7;BR:MDA-MB-231;BR:T-47D,0.378230901780586,FALSE,FALSE,not_patient_scored
fludarabine,vinorelbine,fludarabine + vinorelbine,-9,-2.8,27,-32,0.4,5,BR:BT-549;BR:HS 578T;BR:MCF7;BR:MDA-MB-231;BR:T-47D,0.378230901780586,FALSE,FALSE,not_patient_scored
fludarabine,pemetrexed,fludarabine + pemetrexed,-5,-24.2,7,-63,0.2,5,BR:BT-549;BR:HS 578T;BR:MCF7;BR:MDA-MB-231;BR:T-47D,0.378230901780586,FALSE,FALSE,not_patient_scored
exemestane,fludarabine,exemestane + fludarabine,3,16.8,54,1,1,5,BR:BT-549;BR:HS 578T;BR:MCF7;BR:MDA-MB-231;BR:T-47D,0.775895079456251,FALSE,FALSE,not_patient_scored
fludarabine,gefitinib,fludarabine + gefitinib,-1,5,51,-36,0.4,5,BR:BT-549;BR:HS 578T;BR:MCF7;BR:MDA-MB-231;BR:T-47D,0.378230901780586,FALSE,FALSE,not_patient_scored
fludarabine,letrozole,fludarabine + letrozole,-61,-64.2,-40,-102,0,5,BR:BT-549;BR:HS 578T;BR:MCF7;BR:MDA-MB-231;BR:T-47D,0.378230901780586,FALSE,FALSE,not_patient_scored
celecoxib,fludarabine,celecoxib + fludarabine,-14,-7.8,50,-56,0.4,5,BR:BT-549;BR:HS 578T;BR:MCF7;BR:MDA-MB-231;BR:T-47D,0.378230901780586,FALSE,FALSE,not_patient_scored
fludarabine,pazopanib,fludarabine + pazopanib,-11,-10.8,24,-43,0.4,5,BR:BT-549;BR:HS 578T;BR:MCF7;BR:MDA-MB-231;BR:T-47D,0.378230901780586,FALSE,FALSE,not_patient_scored
fludarabine,lenalidomide,fludarabine + lenalidomide,-13,-14.2,1,-30,0.2,5,BR:BT-549;BR:HS 578T;BR:MCF7;BR:MDA-MB-231;BR:T-47D,0.378230901780586,FALSE,FALSE,not_patient_scored
fludarabine,raloxifene,fludarabine + raloxifene,-66,-51.4,-6,-77,0,5,BR:BT-549;BR:HS 578T;BR:MCF7;BR:MDA-MB-231;BR:T-47D,0.378230901780586,FALSE,FALSE,not_patient_scored
abiraterone,fludarabine,abiraterone + fludarabine,-21,-19,12,-39,0.2,5,BR:BT-549;BR:HS 578T;BR:MCF7;BR:MDA-MB-231;BR:T-47D,0.378230901780586,FALSE,FALSE,not_patient_scored
fludarabine,vemurafenib,fludarabine + vemurafenib,-42,-41.4,-16,-74,0,5,BR:BT-549;BR:HS 578T;BR:MCF7;BR:MDA-MB-231;BR:T-47D,0.378230901780586,FALSE,FALSE,not_patient_scored
fludarabine,vismodegib,fludarabine + vismodegib,-9,-22.6,16,-99,0.2,5,BR:BT-549;BR:HS 578T;BR:MCF7;BR:MDA-MB-231;BR:T-47D,0.378230901780586,FALSE,FALSE,not_patient_scored
crizotinib,fludarabine,crizotinib + fludarabine,-13,-24.2,-1,-67,0,5,BR:BT-549;BR:HS 578T;BR:MCF7;BR:MDA-MB-231;BR:T-47D,0.378230901780586,FALSE,FALSE,not_patient_scored
axitinib,fludarabine,axitinib + fludarabine,-23,-27,10,-71,0.2,5,BR:BT-549;BR:HS 578T;BR:MCF7;BR:MDA-MB-231;BR:T-47D,0.378230901780586,FALSE,FALSE,not_patient_scored
fludarabine,vandetanib,fludarabine + vandetanib,-18,-22.6,21,-56,0.2,5,BR:BT-549;BR:HS 578T;BR:MCF7;BR:MDA-MB-231;BR:T-47D,0.378230901780586,FALSE,FALSE,not_patient_scored
cabazitaxel,fludarabine,cabazitaxel + fludarabine,-5,8.4,38,-16,0.4,5,BR:BT-549;BR:HS 578T;BR:MCF7;BR:MDA-MB-231;BR:T-47D,0.378230901780586,FALSE,FALSE,not_patient_scored
fludarabine,ruxolitinib,fludarabine + ruxolitinib,-26,-13.8,48,-56,0.4,5,BR:BT-549;BR:HS 578T;BR:MCF7;BR:MDA-MB-231;BR:T-47D,0.378230901780586,FALSE,FALSE,not_patient_scored
cisplatin,methotrexate,cisplatin + methotrexate,-33,-38.75,16,-105,0.25,4,BR:BT-549;BR:MCF7;BR:MDA-MB-231;BR:T-47D,0.378230901780586,TRUE,FALSE,tier_B_one_drug_patient_scored
busulfan,cisplatin,busulfan + cisplatin,-5,-3.6,51,-42,0.4,5,BR:BT-549;BR:HS 578T;BR:MCF7;BR:MDA-MB-231;BR:T-47D,0.378230901780586,FALSE,TRUE,tier_B_one_drug_patient_scored
6 thioguanine,cisplatin,6 thioguanine + cisplatin,-83,-104.333333333333,-66,-164,0,3,BR:BT-549;BR:MCF7;BR:MDA-MB-231,0.378230901780586,FALSE,TRUE,tier_B_one_drug_patient_scored
6 mercaptopurine,cisplatin,6 mercaptopurine + cisplatin,-127,-112.75,-60,-137,0,4,BR:BT-549;BR:HS 578T;BR:MCF7;BR:T-47D,0.378230901780586,FALSE,TRUE,tier_B_one_drug_patient_scored
cisplatin,nitrogen mustard,cisplatin + nitrogen mustard,22,8.2,49,-71,0.6,5,BR:BT-549;BR:HS 578T;BR:MCF7;BR:MDA-MB-231;BR:T-47D,0.896802603867509,TRUE,FALSE,tier_B_one_drug_patient_scored
allopurinol,cisplatin,allopurinol + cisplatin,3,-10.8,18,-63,0.6,5,BR:BT-549;BR:HS 578T;BR:MCF7;BR:MDA-MB-231;BR:T-47D,0.775895079456251,FALSE,TRUE,tier_B_one_drug_patient_scored
actinomycin d,cisplatin,actinomycin d + cisplatin,16,42,175,-13,0.8,5,BR:BT-549;BR:HS 578T;BR:MCF7;BR:MDA-MB-231;BR:T-47D,0.869519433275895,FALSE,TRUE,tier_B_one_drug_patient_scored
chlorambucil,cisplatin,chlorambucil + cisplatin,-46,-48.6,-26,-96,0,5,BR:BT-549;BR:HS 578T;BR:MCF7;BR:MDA-MB-231;BR:T-47D,0.378230901780586,FALSE,TRUE,tier_B_one_drug_patient_scored
cisplatin,thiotepa,cisplatin + thiotepa,-19,-15.2,15,-46,0.4,5,BR:BT-549;BR:HS 578T;BR:MCF7;BR:MDA-MB-231;BR:T-47D,0.378230901780586,TRUE,FALSE,tier_B_one_drug_patient_scored
cisplatin,melphalan,cisplatin + melphalan,-53,-57.4,-44,-80,0,5,BR:BT-549;BR:HS 578T;BR:MCF7;BR:MDA-MB-231;BR:T-47D,0.378230901780586,TRUE,FALSE,tier_B_one_drug_patient_scored
cisplatin,triethylenemelamine,cisplatin + triethylenemelamine,25,1,46,-49,0.6,5,BR:BT-549;BR:HS 578T;BR:MCF7;BR:MDA-MB-231;BR:T-47D,0.908673176335439,TRUE,FALSE,tier_B_one_drug_patient_scored
altretamine,cisplatin,altretamine + cisplatin,-89,-83.4,-60,-103,0,5,BR:BT-549;BR:HS 578T;BR:MCF7;BR:MDA-MB-231;BR:T-47D,0.378230901780586,FALSE,TRUE,tier_B_one_drug_patient_scored
acrichine,cisplatin,acrichine + cisplatin,29,15.6,69,-37,0.6,5,BR:BT-549;BR:HS 578T;BR:MCF7;BR:MDA-MB-231;BR:T-47D,0.920830940072755,FALSE,TRUE,tier_B_one_drug_patient_scored
aminolevulinic acid,cisplatin,aminolevulinic acid + cisplatin,-2,-1.4,26,-27,0.4,5,BR:BT-549;BR:HS 578T;BR:MCF7;BR:MDA-MB-231;BR:T-47D,0.378230901780586,FALSE,TRUE,tier_B_one_drug_patient_scored
5-fluorouracil,cisplatin,5-fluorouracil + cisplatin,-21,-17.2,0,-37,0,5,BR:BT-549;BR:HS 578T;BR:MCF7;BR:MDA-MB-231;BR:T-47D,0.378230901780586,TRUE,TRUE,tier_A_both_drugs_patient_scored
cisplatin,mithramycin,cisplatin + mithramycin,-14,-26.6,-11,-79,0,5,BR:BT-549;BR:HS 578T;BR:MCF7;BR:MDA-MB-231;BR:T-47D,0.378230901780586,TRUE,FALSE,tier_B_one_drug_patient_scored
cisplatin,pipobroman,cisplatin + pipobroman,0,20.4,62,-13,0.4,5,BR:BT-549;BR:HS 578T;BR:MCF7;BR:MDA-MB-231;BR:T-47D,0.378230901780586,TRUE,FALSE,tier_B_one_drug_patient_scored
cisplatin,cyclophosphamide,cisplatin + cyclophosphamide,-12,-4.5,83,-77,0.25,4,BR:HS 578T;BR:MCF7;BR:MDA-MB-231;BR:T-47D,0.378230901780586,TRUE,FALSE,tier_B_one_drug_patient_scored
cisplatin,mitomycin,cisplatin + mitomycin,10,-8.6,20,-56,0.6,5,BR:BT-549;BR:HS 578T;BR:MCF7;BR:MDA-MB-231;BR:T-47D,0.835343672219031,TRUE,FALSE,tier_B_one_drug_patient_scored
cisplatin,floxuridine,cisplatin + floxuridine,-52,-43.5,5,-75,0.25,4,BR:BT-549;BR:MCF7;BR:MDA-MB-231;BR:T-47D,0.378230901780586,TRUE,FALSE,tier_B_one_drug_patient_scored
cisplatin,hydroxyurea,cisplatin + hydroxyurea,-37,-31.8,-12,-54,0,5,BR:BT-549;BR:HS 578T;BR:MCF7;BR:MDA-MB-231;BR:T-47D,0.378230901780586,TRUE,FALSE,tier_B_one_drug_patient_scored
cisplatin,uracil mustard,cisplatin + uracil mustard,-27,-20.2,18,-42,0.2,5,BR:BT-549;BR:HS 578T;BR:MCF7;BR:MDA-MB-231;BR:T-47D,0.378230901780586,TRUE,FALSE,tier_B_one_drug_patient_scored
cisplatin,mitotane,cisplatin + mitotane,-41,-37.4,3,-67,0.2,5,BR:BT-549;BR:HS 578T;BR:MCF7;BR:MDA-MB-231;BR:T-47D,0.378230901780586,TRUE,FALSE,tier_B_one_drug_patient_scored
cisplatin,dacarbazine,cisplatin + dacarbazine,-37,-37.2,-7,-65,0,5,BR:BT-549;BR:HS 578T;BR:MCF7;BR:MDA-MB-231;BR:T-47D,0.378230901780586,TRUE,FALSE,tier_B_one_drug_patient_scored
cisplatin,methoxsalen,cisplatin + methoxsalen,-27,-40.4,-13,-95,0,5,BR:BT-549;BR:HS 578T;BR:MCF7;BR:MDA-MB-231;BR:T-47D,0.378230901780586,TRUE,FALSE,tier_B_one_drug_patient_scored
cisplatin,vinblastine,cisplatin + vinblastine,-42,-38,6,-65,0.2,5,BR:BT-549;BR:HS 578T;BR:MCF7;BR:MDA-MB-231;BR:T-47D,0.378230901780586,TRUE,FALSE,tier_B_one_drug_patient_scored
cisplatin,cytarabine,cisplatin + cytarabine,13,4.2,49,-41,0.6,5,BR:BT-549;BR:HS 578T;BR:MCF7;BR:MDA-MB-231;BR:T-47D,0.852766609228413,TRUE,FALSE,tier_B_one_drug_patient_scored
cisplatin,thalidomide,cisplatin + thalidomide,-37,-20.4,26,-39,0.2,5,BR:BT-549;BR:HS 578T;BR:MCF7;BR:MDA-MB-231;BR:T-47D,0.378230901780586,TRUE,FALSE,tier_B_one_drug_patient_scored
cisplatin,vincristine,cisplatin + vincristine,12,-10.8,32,-76,0.6,5,BR:BT-549;BR:HS 578T;BR:MCF7;BR:MDA-MB-231;BR:T-47D,0.847118514263833,TRUE,FALSE,tier_B_one_drug_patient_scored
cisplatin,megestrol acetate,cisplatin + megestrol acetate,-43,-83.4,-6,-177,0,5,BR:BT-549;BR:HS 578T;BR:MCF7;BR:MDA-MB-231;BR:T-47D,0.378230901780586,TRUE,FALSE,tier_B_one_drug_patient_scored
cisplatin,procarbazine,cisplatin + procarbazine,-32,-23.6,43,-71,0.2,5,BR:BT-549;BR:HS 578T;BR:MCF7;BR:MDA-MB-231;BR:T-47D,0.378230901780586,TRUE,FALSE,tier_B_one_drug_patient_scored
cisplatin,lomustine,cisplatin + lomustine,-11,-11,31,-37,0.2,5,BR:BT-549;BR:HS 578T;BR:MCF7;BR:MDA-MB-231;BR:T-47D,0.378230901780586,TRUE,FALSE,tier_B_one_drug_patient_scored
cisplatin,daunorubicin,cisplatin + daunorubicin,-35,-39.2,-11,-71,0,5,BR:BT-549;BR:HS 578T;BR:MCF7;BR:MDA-MB-231;BR:T-47D,0.378230901780586,TRUE,FALSE,tier_B_one_drug_patient_scored
cisplatin,streptozocin,cisplatin + streptozocin,-15,-34.2,39,-104,0.4,5,BR:BT-549;BR:HS 578T;BR:MCF7;BR:MDA-MB-231;BR:T-47D,0.378230901780586,TRUE,FALSE,tier_B_one_drug_patient_scored
azacitidine,cisplatin,azacitidine + cisplatin,78,51.4,98,-15,0.8,5,BR:BT-549;BR:HS 578T;BR:MCF7;BR:MDA-MB-231;BR:T-47D,0.983917288914417,FALSE,TRUE,tier_B_one_drug_patient_scored
cisplatin,cladribine,cisplatin + cladribine,14,47,122,-6,0.6,5,BR:BT-549;BR:HS 578T;BR:MCF7;BR:MDA-MB-231;BR:T-47D,0.858989086731763,TRUE,FALSE,tier_B_one_drug_patient_scored
cisplatin,ifosfamide,cisplatin + ifosfamide,-15,-9,19,-20,0.2,5,BR:BT-549;BR:HS 578T;BR:MCF7;BR:MDA-MB-231;BR:T-47D,0.378230901780586,TRUE,FALSE,tier_B_one_drug_patient_scored
cisplatin,fludarabine,cisplatin + fludarabine,5,5.4,34,-34,0.8,5,BR:BT-549;BR:HS 578T;BR:MCF7;BR:MDA-MB-231;BR:T-47D,0.793030825196247,TRUE,FALSE,tier_B_one_drug_patient_scored
cisplatin,isotretinoin,cisplatin + isotretinoin,6,-12,25,-106,0.6,5,BR:BT-549;BR:HS 578T;BR:MCF7;BR:MDA-MB-231;BR:T-47D,0.802508137085966,TRUE,FALSE,tier_B_one_drug_patient_scored
cisplatin,teniposide,cisplatin + teniposide,-10,-9.4,37,-55,0.4,5,BR:BT-549;BR:HS 578T;BR:MCF7;BR:MDA-MB-231;BR:T-47D,0.378230901780586,TRUE,FALSE,tier_B_one_drug_patient_scored
cisplatin,doxorubicin,cisplatin + doxorubicin,20,23.6,70,-28,0.8,5,BR:BT-549;BR:HS 578T;BR:MCF7;BR:MDA-MB-231;BR:T-47D,0.888091135362818,TRUE,TRUE,tier_A_both_drugs_patient_scored
bleomycin,cisplatin,bleomycin + cisplatin,9,-6.8,20,-43,0.6,5,BR:BT-549;BR:HS 578T;BR:MCF7;BR:MDA-MB-231;BR:T-47D,0.827685238368754,FALSE,TRUE,tier_B_one_drug_patient_scored
cisplatin,paclitaxel,cisplatin + paclitaxel,-47,-60.4,2,-132,0.2,5,BR:BT-549;BR:HS 578T;BR:MCF7;BR:MDA-MB-231;BR:T-47D,0.378230901780586,TRUE,TRUE,tier_A_both_drugs_patient_scored
cisplatin,decitabine,cisplatin + decitabine,31,30.8,55,14,1,5,BR:BT-549;BR:HS 578T;BR:MCF7;BR:MDA-MB-231;BR:T-47D,0.926287574191078,TRUE,FALSE,tier_B_one_drug_patient_scored
bendamustine,cisplatin,bendamustine + cisplatin,-20,-11,26,-34,0.2,5,BR:BT-549;BR:HS 578T;BR:MCF7;BR:MDA-MB-231;BR:T-47D,0.378230901780586,FALSE,TRUE,tier_B_one_drug_patient_scored
cisplatin,etoposide,cisplatin + etoposide,-17,-8.4,35,-49,0.4,5,BR:BT-549;BR:HS 578T;BR:MCF7;BR:MDA-MB-231;BR:T-47D,0.378230901780586,TRUE,FALSE,tier_B_one_drug_patient_scored
cisplatin,dexrazoxane,cisplatin + dexrazoxane,22,20.8,84,-53,0.8,5,BR:BT-549;BR:HS 578T;BR:MCF7;BR:MDA-MB-231;BR:T-47D,0.896802603867509,TRUE,FALSE,tier_B_one_drug_patient_scored
cisplatin,tamoxifen,cisplatin + tamoxifen,-24,-13.8,16,-47,0.4,5,BR:BT-549;BR:HS 578T;BR:MCF7;BR:MDA-MB-231;BR:T-47D,0.378230901780586,TRUE,FALSE,tier_B_one_drug_patient_scored
cisplatin,pentostatin,cisplatin + pentostatin,-8,0.2,47,-24,0.4,5,BR:BT-549;BR:HS 578T;BR:MCF7;BR:MDA-MB-231;BR:T-47D,0.378230901780586,TRUE,FALSE,tier_B_one_drug_patient_scored
cisplatin,rapamycin,cisplatin + rapamycin,-3,1.4,57,-58,0.4,5,BR:BT-549;BR:HS 578T;BR:MCF7;BR:MDA-MB-231;BR:T-47D,0.378230901780586,TRUE,TRUE,tier_A_both_drugs_patient_scored
carboplatin,cisplatin,carboplatin + cisplatin,41,13.4,57,-47,0.6,5,BR:BT-549;BR:HS 578T;BR:MCF7;BR:MDA-MB-231;BR:T-47D,0.947635458548727,FALSE,TRUE,tier_B_one_drug_patient_scored
cisplatin,valrubicin,cisplatin + valrubicin,-3,-5.4,103,-87,0.2,5,BR:BT-549;BR:HS 578T;BR:MCF7;BR:MDA-MB-231;BR:T-47D,0.378230901780586,TRUE,FALSE,tier_B_one_drug_patient_scored
cisplatin,oxaliplatin,cisplatin + oxaliplatin,-13,-5.4,35,-39,0.4,5,BR:BT-549;BR:HS 578T;BR:MCF7;BR:MDA-MB-231;BR:T-47D,0.378230901780586,TRUE,FALSE,tier_B_one_drug_patient_scored
cisplatin,mitoxantrone,cisplatin + mitoxantrone,-141,-143.4,-100,-214,0,5,BR:BT-549;BR:HS 578T;BR:MCF7;BR:MDA-MB-231;BR:T-47D,0.378230901780586,TRUE,FALSE,tier_B_one_drug_patient_scored
amifostine,cisplatin,amifostine + cisplatin,-2,5.6,51,-32,0.4,5,BR:BT-549;BR:HS 578T;BR:MCF7;BR:MDA-MB-231;BR:T-47D,0.378230901780586,FALSE,TRUE,tier_B_one_drug_patient_scored
cisplatin,temozolomide,cisplatin + temozolomide,-27,-45.8,-16,-105,0,5,BR:BT-549;BR:HS 578T;BR:MCF7;BR:MDA-MB-231;BR:T-47D,0.378230901780586,TRUE,FALSE,tier_B_one_drug_patient_scored
cisplatin,imiquimod,cisplatin + imiquimod,-33,-32,1,-78,0.2,5,BR:BT-549;BR:HS 578T;BR:MCF7;BR:MDA-MB-231;BR:T-47D,0.378230901780586,TRUE,FALSE,tier_B_one_drug_patient_scored
carmustine,cisplatin,carmustine + cisplatin,10,-1.4,39,-42,0.6,5,BR:BT-549;BR:HS 578T;BR:MCF7;BR:MDA-MB-231;BR:T-47D,0.835343672219031,FALSE,TRUE,tier_B_one_drug_patient_scored
cisplatin,clofarabine,cisplatin + clofarabine,-24,-23.2,-11,-37,0,5,BR:BT-549;BR:HS 578T;BR:MCF7;BR:MDA-MB-231;BR:T-47D,0.378230901780586,TRUE,FALSE,tier_B_one_drug_patient_scored
cisplatin,vinorelbine,cisplatin + vinorelbine,-21,-3,51,-25,0.4,5,BR:BT-549;BR:HS 578T;BR:MCF7;BR:MDA-MB-231;BR:T-47D,0.378230901780586,TRUE,FALSE,tier_B_one_drug_patient_scored
cisplatin,topotecan,cisplatin + topotecan,7,4,22,-28,0.6,5,BR:BT-549;BR:HS 578T;BR:MCF7;BR:MDA-MB-231;BR:T-47D,0.810453762205629,TRUE,FALSE,tier_B_one_drug_patient_scored
cisplatin,gemcitabine,cisplatin + gemcitabine,-28,-28.6,-12,-44,0,5,BR:BT-549;BR:HS 578T;BR:MCF7;BR:MDA-MB-231;BR:T-47D,0.378230901780586,TRUE,TRUE,tier_A_both_drugs_patient_scored
cisplatin,docetaxel,cisplatin + docetaxel,-3,-9.6,15,-59,0.4,5,BR:BT-549;BR:HS 578T;BR:MCF7;BR:MDA-MB-231;BR:T-47D,0.378230901780586,TRUE,TRUE,tier_A_both_drugs_patient_scored
7 ethyl 10 hydroxycamptothecin,cisplatin,7 ethyl 10 hydroxycamptothecin + cisplatin,8,-9.8,25,-51,0.6,5,BR:BT-549;BR:HS 578T;BR:MCF7;BR:MDA-MB-231;BR:T-47D,0.818973769864063,FALSE,TRUE,tier_B_one_drug_patient_scored
bortezomib,cisplatin,bortezomib + cisplatin,-7,-1.6,34,-19,0.2,5,BR:BT-549;BR:HS 578T;BR:MCF7;BR:MDA-MB-231;BR:T-47D,0.378230901780586,FALSE,TRUE,tier_B_one_drug_patient_scored
cisplatin,nelarabine,cisplatin + nelarabine,8,2.4,45,-36,0.6,5,BR:BT-549;BR:HS 578T;BR:MCF7;BR:MDA-MB-231;BR:T-47D,0.818973769864063,TRUE,FALSE,tier_B_one_drug_patient_scored
cisplatin,pemetrexed,cisplatin + pemetrexed,-23,-30,-4,-69,0,5,BR:BT-549;BR:HS 578T;BR:MCF7;BR:MDA-MB-231;BR:T-47D,0.378230901780586,TRUE,FALSE,tier_B_one_drug_patient_scored
cisplatin,vorinostat,cisplatin + vorinostat,78,55.4,115,-57,0.8,5,BR:BT-549;BR:HS 578T;BR:MCF7;BR:MDA-MB-231;BR:T-47D,0.983917288914417,TRUE,FALSE,tier_B_one_drug_patient_scored
cisplatin,estramustine,cisplatin + estramustine,-1,5.4,62,-42,0.4,5,BR:BT-549;BR:HS 578T;BR:MCF7;BR:MDA-MB-231;BR:T-47D,0.378230901780586,TRUE,FALSE,tier_B_one_drug_patient_scored
capecitabine,cisplatin,capecitabine + cisplatin,-24,-19.6,13,-46,0.2,5,BR:BT-549;BR:HS 578T;BR:MCF7;BR:MDA-MB-231;BR:T-47D,0.378230901780586,FALSE,TRUE,tier_B_one_drug_patient_scored
cisplatin,exemestane,cisplatin + exemestane,26,36,75,18,1,5,BR:BT-549;BR:HS 578T;BR:MCF7;BR:MDA-MB-231;BR:T-47D,0.911640819452422,TRUE,FALSE,tier_B_one_drug_patient_scored
cisplatin,gefitinib,cisplatin + gefitinib,-7,3,24,-15,0.4,5,BR:BT-549;BR:HS 578T;BR:MCF7;BR:MDA-MB-231;BR:T-47D,0.378230901780586,TRUE,FALSE,tier_B_one_drug_patient_scored
cisplatin,erlotinib,cisplatin + erlotinib,-34,-25,40,-82,0.2,5,BR:BT-549;BR:HS 578T;BR:MCF7;BR:MDA-MB-231;BR:T-47D,0.378230901780586,TRUE,FALSE,tier_B_one_drug_patient_scored
cisplatin,fulvestrant,cisplatin + fulvestrant,-70,-64.4,-19,-128,0,5,BR:BT-549;BR:HS 578T;BR:MCF7;BR:MDA-MB-231;BR:T-47D,0.378230901780586,TRUE,FALSE,tier_B_one_drug_patient_scored
anastrozole,cisplatin,anastrozole + cisplatin,-55,-56.2,-36,-74,0,5,BR:BT-549;BR:HS 578T;BR:MCF7;BR:MDA-MB-231;BR:T-47D,0.378230901780586,FALSE,TRUE,tier_B_one_drug_patient_scored
celecoxib,cisplatin,celecoxib + cisplatin,-50.5,-50.5,-16,-85,0,4,BR:HS 578T;BR:MCF7;BR:MDA-MB-231;BR:T-47D,0.378230901780586,FALSE,TRUE,tier_B_one_drug_patient_scored
cisplatin,zoledronate,cisplatin + zoledronate,-37,-35.4,-11,-55,0,5,BR:BT-549;BR:HS 578T;BR:MCF7;BR:MDA-MB-231;BR:T-47D,0.378230901780586,TRUE,FALSE,tier_B_one_drug_patient_scored
cisplatin,dasatinib,cisplatin + dasatinib,-27,-32.4,-6,-91,0,5,BR:BT-549;BR:HS 578T;BR:MCF7;BR:MDA-MB-231;BR:T-47D,0.378230901780586,TRUE,FALSE,tier_B_one_drug_patient_scored
cisplatin,everolimus,cisplatin + everolimus,-9,-10,36,-59,0.2,5,BR:BT-549;BR:HS 578T;BR:MCF7;BR:MDA-MB-231;BR:T-47D,0.378230901780586,TRUE,FALSE,tier_B_one_drug_patient_scored
cisplatin,pazopanib,cisplatin + pazopanib,33,24.4,75,-62,0.8,5,BR:BT-549;BR:HS 578T;BR:MCF7;BR:MDA-MB-231;BR:T-47D,0.932701512540685,TRUE,FALSE,tier_B_one_drug_patient_scored
cisplatin,imatinib,cisplatin + imatinib,-65,-57.2,3,-146,0.2,5,BR:BT-549;BR:HS 578T;BR:MCF7;BR:MDA-MB-231;BR:T-47D,0.378230901780586,TRUE,FALSE,tier_B_one_drug_patient_scored
cisplatin,lapatinib,cisplatin + lapatinib,-30,-24.4,40,-71,0.2,5,BR:BT-549;BR:HS 578T;BR:MCF7;BR:MDA-MB-231;BR:T-47D,0.378230901780586,TRUE,TRUE,tier_A_both_drugs_patient_scored
cisplatin,nilotinib,cisplatin + nilotinib,-36,-30,40,-124,0.4,5,BR:BT-549;BR:HS 578T;BR:MCF7;BR:MDA-MB-231;BR:T-47D,0.378230901780586,TRUE,FALSE,tier_B_one_drug_patient_scored
cisplatin,sorafenib,cisplatin + sorafenib,-35,-64.6,-21,-187,0,5,BR:BT-549;BR:HS 578T;BR:MCF7;BR:MDA-MB-231;BR:T-47D,0.378230901780586,TRUE,FALSE,tier_B_one_drug_patient_scored
cisplatin,lenalidomide,cisplatin + lenalidomide,-7,-18.2,17,-56,0.2,5,BR:BT-549;BR:HS 578T;BR:MCF7;BR:MDA-MB-231;BR:T-47D,0.378230901780586,TRUE,FALSE,tier_B_one_drug_patient_scored
cisplatin,ixabepilone,cisplatin + ixabepilone,-79,-89.2,-41,-181,0,5,BR:BT-549;BR:HS 578T;BR:MCF7;BR:MDA-MB-231;BR:T-47D,0.378230901780586,TRUE,FALSE,tier_B_one_drug_patient_scored
cisplatin,raloxifene,cisplatin + raloxifene,-44,-36.4,4,-72,0.2,5,BR:BT-549;BR:HS 578T;BR:MCF7;BR:MDA-MB-231;BR:T-47D,0.378230901780586,TRUE,FALSE,tier_B_one_drug_patient_scored
abiraterone,cisplatin,abiraterone + cisplatin,-31,-20.8,25,-44,0.2,5,BR:BT-549;BR:HS 578T;BR:MCF7;BR:MDA-MB-231;BR:T-47D,0.378230901780586,FALSE,TRUE,tier_B_one_drug_patient_scored
cisplatin,sunitinib,cisplatin + sunitinib,-24,-24.6,-10,-41,0,5,BR:BT-549;BR:HS 578T;BR:MCF7;BR:MDA-MB-231;BR:T-47D,0.378230901780586,TRUE,FALSE,tier_B_one_drug_patient_scored
cisplatin,vemurafenib,cisplatin + vemurafenib,3,-6.6,32,-56,0.6,5,BR:BT-549;BR:HS 578T;BR:MCF7;BR:MDA-MB-231;BR:T-47D,0.775895079456251,TRUE,FALSE,tier_B_one_drug_patient_scored
cisplatin,depsipeptide,cisplatin + depsipeptide,67,62.8,80,32,1,5,BR:BT-549;BR:HS 578T;BR:MCF7;BR:MDA-MB-231;BR:T-47D,0.978269193949837,TRUE,FALSE,tier_B_one_drug_patient_scored
cisplatin,pralatrexate,cisplatin + pralatrexate,-2,-13.6,12,-39,0.2,5,BR:BT-549;BR:HS 578T;BR:MCF7;BR:MDA-MB-231;BR:T-47D,0.378230901780586,TRUE,FALSE,tier_B_one_drug_patient_scored
cisplatin,vismodegib,cisplatin + vismodegib,-4,-4,25,-27,0.4,5,BR:BT-549;BR:HS 578T;BR:MCF7;BR:MDA-MB-231;BR:T-47D,0.378230901780586,TRUE,FALSE,tier_B_one_drug_patient_scored
cisplatin,crizotinib,cisplatin + crizotinib,-29,-20,39,-61,0.2,5,BR:BT-549;BR:HS 578T;BR:MCF7;BR:MDA-MB-231;BR:T-47D,0.378230901780586,TRUE,FALSE,tier_B_one_drug_patient_scored
axitinib,cisplatin,axitinib + cisplatin,-6,-24.6,16,-82,0.4,5,BR:BT-549;BR:HS 578T;BR:MCF7;BR:MDA-MB-231;BR:T-47D,0.378230901780586,FALSE,TRUE,tier_B_one_drug_patient_scored
cisplatin,vandetanib,cisplatin + vandetanib,-11,2.6,50,-37,0.4,5,BR:BT-549;BR:HS 578T;BR:MCF7;BR:MDA-MB-231;BR:T-47D,0.378230901780586,TRUE,FALSE,tier_B_one_drug_patient_scored
cabazitaxel,cisplatin,cabazitaxel + cisplatin,28,41,93,21,1,5,BR:BT-549;BR:HS 578T;BR:MCF7;BR:MDA-MB-231;BR:T-47D,0.91738464484013,FALSE,TRUE,tier_B_one_drug_patient_scored
cisplatin,ruxolitinib,cisplatin + ruxolitinib,13,34.2,110,-24,0.8,5,BR:BT-549;BR:HS 578T;BR:MCF7;BR:MDA-MB-231;BR:T-47D,0.852766609228413,TRUE,FALSE,tier_B_one_drug_patient_scored
isotretinoin,methotrexate,isotretinoin + methotrexate,-40.5,-36.5,54,-119,0.25,4,BR:BT-549;BR:HS 578T;BR:MCF7;BR:MDA-MB-231,0.378230901780586,FALSE,FALSE,not_patient_scored
6 thioguanine,isotretinoin,6 thioguanine + isotretinoin,-49,-57.2,-9,-121,0,5,BR:BT-549;BR:HS 578T;BR:MCF7;BR:MDA-MB-231;BR:T-47D,0.378230901780586,FALSE,FALSE,not_patient_scored
actinomycin d,isotretinoin,actinomycin d + isotretinoin,133,120.8,207,36,1,5,BR:BT-549;BR:HS 578T;BR:MCF7;BR:MDA-MB-231;BR:T-47D,0.995692130959219,FALSE,FALSE,not_patient_scored
chlorambucil,isotretinoin,chlorambucil + isotretinoin,-31,-22.6,40,-68,0.2,5,BR:BT-549;BR:HS 578T;BR:MCF7;BR:MDA-MB-231;BR:T-47D,0.378230901780586,FALSE,FALSE,not_patient_scored
isotretinoin,thiotepa,isotretinoin + thiotepa,-23,-27.2,22,-83,0.2,5,BR:BT-549;BR:HS 578T;BR:MCF7;BR:MDA-MB-231;BR:T-47D,0.378230901780586,FALSE,FALSE,not_patient_scored
isotretinoin,melphalan,isotretinoin + melphalan,-38,-32,23,-66,0.2,5,BR:BT-549;BR:HS 578T;BR:MCF7;BR:MDA-MB-231;BR:T-47D,0.378230901780586,FALSE,FALSE,not_patient_scored
altretamine,isotretinoin,altretamine + isotretinoin,-68,-77.6,-23,-125,0,5,BR:BT-549;BR:HS 578T;BR:MCF7;BR:MDA-MB-231;BR:T-47D,0.378230901780586,FALSE,FALSE,not_patient_scored
5-fluorouracil,isotretinoin,5-fluorouracil + isotretinoin,-11,-14.6,18,-47,0.2,5,BR:BT-549;BR:HS 578T;BR:MCF7;BR:MDA-MB-231;BR:T-47D,0.378230901780586,TRUE,FALSE,tier_B_one_drug_patient_scored
floxuridine,isotretinoin,floxuridine + isotretinoin,-30,-22.8,28,-44,0.2,5,BR:BT-549;BR:HS 578T;BR:MCF7;BR:MDA-MB-231;BR:T-47D,0.378230901780586,FALSE,FALSE,not_patient_scored
isotretinoin,uracil mustard,isotretinoin + uracil mustard,-3,5,49,-23,0.4,5,BR:BT-549;BR:HS 578T;BR:MCF7;BR:MDA-MB-231;BR:T-47D,0.378230901780586,FALSE,FALSE,not_patient_scored
dacarbazine,isotretinoin,dacarbazine + isotretinoin,-39,-39.6,31,-107,0.2,5,BR:BT-549;BR:HS 578T;BR:MCF7;BR:MDA-MB-231;BR:T-47D,0.378230901780586,FALSE,FALSE,not_patient_scored
cytarabine,isotretinoin,cytarabine + isotretinoin,-6,-11.6,8,-40,0.2,5,BR:BT-549;BR:HS 578T;BR:MCF7;BR:MDA-MB-231;BR:T-47D,0.378230901780586,FALSE,FALSE,not_patient_scored
isotretinoin,vincristine,isotretinoin + vincristine,7,2.4,53,-56,0.6,5,BR:BT-549;BR:HS 578T;BR:MCF7;BR:MDA-MB-231;BR:T-47D,0.810453762205629,FALSE,FALSE,not_patient_scored
isotretinoin,megestrol acetate,isotretinoin + megestrol acetate,-68,-92.6,-14,-201,0,5,BR:BT-549;BR:HS 578T;BR:MCF7;BR:MDA-MB-231;BR:T-47D,0.378230901780586,FALSE,FALSE,not_patient_scored
isotretinoin,lomustine,isotretinoin + lomustine,-11,-8.2,8,-29,0.4,5,BR:BT-549;BR:HS 578T;BR:MCF7;BR:MDA-MB-231;BR:T-47D,0.378230901780586,FALSE,FALSE,not_patient_scored
daunorubicin,isotretinoin,daunorubicin + isotretinoin,5,-6.6,25,-53,0.6,5,BR:BT-549;BR:HS 578T;BR:MCF7;BR:MDA-MB-231;BR:T-47D,0.793030825196247,FALSE,FALSE,not_patient_scored
cladribine,isotretinoin,cladribine + isotretinoin,0,9,61,-42,0.4,5,BR:BT-549;BR:HS 578T;BR:MCF7;BR:MDA-MB-231;BR:T-47D,0.378230901780586,FALSE,FALSE,not_patient_scored
fludarabine,isotretinoin,fludarabine + isotretinoin,-26,-33.2,39,-95,0.2,5,BR:BT-549;BR:HS 578T;BR:MCF7;BR:MDA-MB-231;BR:T-47D,0.378230901780586,FALSE,FALSE,not_patient_scored
isotretinoin,teniposide,isotretinoin + teniposide,40,40,60,24,1,5,BR:BT-549;BR:HS 578T;BR:MCF7;BR:MDA-MB-231;BR:T-47D,0.945529389239901,FALSE,FALSE,not_patient_scored
etoposide,isotretinoin,etoposide + isotretinoin,23,31.4,53,9,1,5,BR:BT-549;BR:HS 578T;BR:MCF7;BR:MDA-MB-231;BR:T-47D,0.901014742485162,FALSE,FALSE,not_patient_scored
dexrazoxane,isotretinoin,dexrazoxane + isotretinoin,-34,-28.4,-2,-52,0,5,BR:BT-549;BR:HS 578T;BR:MCF7;BR:MDA-MB-231;BR:T-47D,0.378230901780586,FALSE,FALSE,not_patient_scored
isotretinoin,mitoxantrone,isotretinoin + mitoxantrone,-5,-7,24,-62,0.4,5,BR:BT-549;BR:HS 578T;BR:MCF7;BR:MDA-MB-231;BR:T-47D,0.378230901780586,FALSE,FALSE,not_patient_scored
isotretinoin,vinorelbine,isotretinoin + vinorelbine,14,13.6,58,-19,0.6,5,BR:BT-549;BR:HS 578T;BR:MCF7;BR:MDA-MB-231;BR:T-47D,0.858989086731763,FALSE,FALSE,not_patient_scored
isotretinoin,pemetrexed,isotretinoin + pemetrexed,-53,-35.6,77,-100,0.2,5,BR:BT-549;BR:HS 578T;BR:MCF7;BR:MDA-MB-231;BR:T-47D,0.378230901780586,FALSE,FALSE,not_patient_scored
exemestane,isotretinoin,exemestane + isotretinoin,-13,-7.4,4,-15,0.2,5,BR:BT-549;BR:HS 578T;BR:MCF7;BR:MDA-MB-231;BR:T-47D,0.378230901780586,FALSE,FALSE,not_patient_scored
gefitinib,isotretinoin,gefitinib + isotretinoin,9,14.2,65,-35,0.8,5,BR:BT-549;BR:HS 578T;BR:MCF7;BR:MDA-MB-231;BR:T-47D,0.827685238368754,FALSE,FALSE,not_patient_scored
isotretinoin,letrozole,isotretinoin + letrozole,-46,-31.2,89,-90,0.2,5,BR:BT-549;BR:HS 578T;BR:MCF7;BR:MDA-MB-231;BR:T-47D,0.378230901780586,FALSE,FALSE,not_patient_scored
celecoxib,isotretinoin,celecoxib + isotretinoin,-20,-4.4,84,-59,0.4,5,BR:BT-549;BR:HS 578T;BR:MCF7;BR:MDA-MB-231;BR:T-47D,0.378230901780586,FALSE,FALSE,not_patient_scored
isotretinoin,pazopanib,isotretinoin + pazopanib,8,14.2,77,-47,0.6,5,BR:BT-549;BR:HS 578T;BR:MCF7;BR:MDA-MB-231;BR:T-47D,0.818973769864063,FALSE,FALSE,not_patient_scored
isotretinoin,lenalidomide,isotretinoin + lenalidomide,-23,-23.2,33,-79,0.2,5,BR:BT-549;BR:HS 578T;BR:MCF7;BR:MDA-MB-231;BR:T-47D,0.378230901780586,FALSE,FALSE,not_patient_scored
isotretinoin,raloxifene,isotretinoin + raloxifene,-60,-63.2,-2,-115,0,5,BR:BT-549;BR:HS 578T;BR:MCF7;BR:MDA-MB-231;BR:T-47D,0.378230901780586,FALSE,FALSE,not_patient_scored
abiraterone,isotretinoin,abiraterone + isotretinoin,-5,-26.4,-2,-75,0,5,BR:BT-549;BR:HS 578T;BR:MCF7;BR:MDA-MB-231;BR:T-47D,0.378230901780586,FALSE,FALSE,not_patient_scored
isotretinoin,vemurafenib,isotretinoin + vemurafenib,-23,-32,24,-98,0.4,5,BR:BT-549;BR:HS 578T;BR:MCF7;BR:MDA-MB-231;BR:T-47D,0.378230901780586,FALSE,FALSE,not_patient_scored
isotretinoin,vismodegib,isotretinoin + vismodegib,-40,-19.8,55,-78,0.4,5,BR:BT-549;BR:HS 578T;BR:MCF7;BR:MDA-MB-231;BR:T-47D,0.378230901780586,FALSE,FALSE,not_patient_scored
crizotinib,isotretinoin,crizotinib + isotretinoin,-5,-52.4,3,-165,0.2,5,BR:BT-549;BR:HS 578T;BR:MCF7;BR:MDA-MB-231;BR:T-47D,0.378230901780586,FALSE,FALSE,not_patient_scored
axitinib,isotretinoin,axitinib + isotretinoin,9,-13.2,47,-141,0.6,5,BR:BT-549;BR:HS 578T;BR:MCF7;BR:MDA-MB-231;BR:T-47D,0.827685238368754,FALSE,FALSE,not_patient_scored
isotretinoin,vandetanib,isotretinoin + vandetanib,9,-8.6,43,-69,0.6,5,BR:BT-549;BR:HS 578T;BR:MCF7;BR:MDA-MB-231;BR:T-47D,0.827685238368754,FALSE,FALSE,not_patient_scored
cabazitaxel,isotretinoin,cabazitaxel + isotretinoin,84,85.6,195,-11,0.8,5,BR:BT-549;BR:HS 578T;BR:MCF7;BR:MDA-MB-231;BR:T-47D,0.986406279915757,FALSE,FALSE,not_patient_scored
isotretinoin,ruxolitinib,isotretinoin + ruxolitinib,-40,-28.8,57,-94,0.4,5,BR:BT-549;BR:HS 578T;BR:MCF7;BR:MDA-MB-231;BR:T-47D,0.378230901780586,FALSE,FALSE,not_patient_scored
teniposide,triethylenemelamine,teniposide + triethylenemelamine,-5,-5.2,16,-23,0.2,5,BR:BT-549;BR:HS 578T;BR:MCF7;BR:MDA-MB-231;BR:T-47D,0.378230901780586,FALSE,FALSE,not_patient_scored
doxorubicin,teniposide,doxorubicin + teniposide,15,17.4,29,5,1,5,BR:BT-549;BR:HS 578T;BR:MCF7;BR:MDA-MB-231;BR:T-47D,0.864541451273215,TRUE,FALSE,tier_B_one_drug_patient_scored
etoposide,teniposide,etoposide + teniposide,-23,-20.4,11,-54,0.2,5,BR:BT-549;BR:HS 578T;BR:MCF7;BR:MDA-MB-231;BR:T-47D,0.378230901780586,FALSE,FALSE,not_patient_scored
dexrazoxane,teniposide,dexrazoxane + teniposide,5,5,29,-31,0.6,5,BR:BT-549;BR:HS 578T;BR:MCF7;BR:MDA-MB-231;BR:T-47D,0.793030825196247,FALSE,FALSE,not_patient_scored
mitoxantrone,teniposide,mitoxantrone + teniposide,-13,-9.6,24,-41,0.4,5,BR:BT-549;BR:HS 578T;BR:MCF7;BR:MDA-MB-231;BR:T-47D,0.378230901780586,FALSE,FALSE,not_patient_scored
teniposide,vinorelbine,teniposide + vinorelbine,-33,-36,-20,-58,0,4,BR:BT-549;BR:MCF7;BR:MDA-MB-231;BR:T-47D,0.378230901780586,FALSE,FALSE,not_patient_scored
pemetrexed,teniposide,pemetrexed + teniposide,-56,-64.2,-33,-101,0,5,BR:BT-549;BR:HS 578T;BR:MCF7;BR:MDA-MB-231;BR:T-47D,0.378230901780586,FALSE,FALSE,not_patient_scored
exemestane,teniposide,exemestane + teniposide,-31,-18.2,44,-69,0.4,5,BR:BT-549;BR:HS 578T;BR:MCF7;BR:MDA-MB-231;BR:T-47D,0.378230901780586,FALSE,FALSE,not_patient_scored
gefitinib,teniposide,gefitinib + teniposide,8,5.2,39,-31,0.8,5,BR:BT-549;BR:HS 578T;BR:MCF7;BR:MDA-MB-231;BR:T-47D,0.818973769864063,FALSE,FALSE,not_patient_scored
pazopanib,teniposide,pazopanib + teniposide,-23,-25.8,1,-44,0.2,5,BR:BT-549;BR:HS 578T;BR:MCF7;BR:MDA-MB-231;BR:T-47D,0.378230901780586,FALSE,FALSE,not_patient_scored
lenalidomide,teniposide,lenalidomide + teniposide,-23,-34.6,10,-99,0.2,5,BR:BT-549;BR:HS 578T;BR:MCF7;BR:MDA-MB-231;BR:T-47D,0.378230901780586,FALSE,FALSE,not_patient_scored
raloxifene,teniposide,raloxifene + teniposide,-13,-6.8,29,-35,0.2,5,BR:BT-549;BR:HS 578T;BR:MCF7;BR:MDA-MB-231;BR:T-47D,0.378230901780586,FALSE,FALSE,not_patient_scored
abiraterone,teniposide,abiraterone + teniposide,-21,-13.4,49,-46,0.2,5,BR:BT-549;BR:HS 578T;BR:MCF7;BR:MDA-MB-231;BR:T-47D,0.378230901780586,FALSE,FALSE,not_patient_scored
teniposide,vemurafenib,teniposide + vemurafenib,-15.5,-34.9,15,-118,0.2,5,BR:BT-549;BR:HS 578T;BR:MCF7;BR:MDA-MB-231;BR:T-47D,0.378230901780586,FALSE,FALSE,not_patient_scored
teniposide,vismodegib,teniposide + vismodegib,2,7.4,44,-12,0.6,5,BR:BT-549;BR:HS 578T;BR:MCF7;BR:MDA-MB-231;BR:T-47D,0.768140915182845,FALSE,FALSE,not_patient_scored
crizotinib,teniposide,crizotinib + teniposide,-22,-34.2,21,-114,0.3,5,BR:BT-549;BR:HS 578T;BR:MCF7;BR:MDA-MB-231;BR:T-47D,0.378230901780586,FALSE,FALSE,not_patient_scored
axitinib,teniposide,axitinib + teniposide,-40,-49.8,-20,-100,0,5,BR:BT-549;BR:HS 578T;BR:MCF7;BR:MDA-MB-231;BR:T-47D,0.378230901780586,FALSE,FALSE,not_patient_scored
teniposide,vandetanib,teniposide + vandetanib,21,24,67,-6,0.8,5,BR:BT-549;BR:HS 578T;BR:MCF7;BR:MDA-MB-231;BR:T-47D,0.892111813134214,FALSE,FALSE,not_patient_scored
cabazitaxel,teniposide,cabazitaxel + teniposide,-60,-76,-34,-134,0,3,BR:MCF7;BR:MDA-MB-231;BR:T-47D,0.378230901780586,FALSE,FALSE,not_patient_scored
ruxolitinib,teniposide,ruxolitinib + teniposide,-9,-11.2,3,-34,0.2,5,BR:BT-549;BR:HS 578T;BR:MCF7;BR:MDA-MB-231;BR:T-47D,0.378230901780586,FALSE,FALSE,not_patient_scored
actinomycin d,doxorubicin,actinomycin d + doxorubicin,-28,-42.8,19,-103,0.2,5,BR:BT-549;BR:HS 578T;BR:MCF7;BR:MDA-MB-231;BR:T-47D,0.378230901780586,FALSE,TRUE,tier_B_one_drug_patient_scored
doxorubicin,thiotepa,doxorubicin + thiotepa,-55,-37.2,14,-86,0.2,5,BR:BT-549;BR:HS 578T;BR:MCF7;BR:MDA-MB-231;BR:T-47D,0.378230901780586,TRUE,FALSE,tier_B_one_drug_patient_scored
doxorubicin,triethylenemelamine,doxorubicin + triethylenemelamine,-51,-41.2,-11,-71,0,5,BR:BT-549;BR:HS 578T;BR:MCF7;BR:MDA-MB-231;BR:T-47D,0.378230901780586,TRUE,FALSE,tier_B_one_drug_patient_scored
doxorubicin,mithramycin,doxorubicin + mithramycin,4,-2.6,29,-31,0.6,5,BR:BT-549;BR:HS 578T;BR:MCF7;BR:MDA-MB-231;BR:T-47D,0.783553513306529,TRUE,FALSE,tier_B_one_drug_patient_scored
doxorubicin,floxuridine,doxorubicin + floxuridine,-22,-20.6,38,-79,0.2,5,BR:BT-549;BR:HS 578T;BR:MCF7;BR:MDA-MB-231;BR:T-47D,0.378230901780586,TRUE,FALSE,tier_B_one_drug_patient_scored
doxorubicin,hydroxyurea,doxorubicin + hydroxyurea,-12,-18,7,-65,0.2,5,BR:BT-549;BR:HS 578T;BR:MCF7;BR:MDA-MB-231;BR:T-47D,0.378230901780586,TRUE,FALSE,tier_B_one_drug_patient_scored
cytarabine,doxorubicin,cytarabine + doxorubicin,-32,-34.5,7,-81,0.25,4,BR:BT-549;BR:HS 578T;BR:MCF7;BR:MDA-MB-231,0.378230901780586,FALSE,TRUE,tier_B_one_drug_patient_scored
doxorubicin,vincristine,doxorubicin + vincristine,-22,-26,2,-56,0.2,5,BR:BT-549;BR:HS 578T;BR:MCF7;BR:MDA-MB-231;BR:T-47D,0.378230901780586,TRUE,FALSE,tier_B_one_drug_patient_scored
azacitidine,doxorubicin,azacitidine + doxorubicin,-24,-20.6,-4,-31,0,5,BR:BT-549;BR:HS 578T;BR:MCF7;BR:MDA-MB-231;BR:T-47D,0.378230901780586,FALSE,TRUE,tier_B_one_drug_patient_scored
cladribine,doxorubicin,cladribine + doxorubicin,-36,-41.6,-24,-72,0,5,BR:BT-549;BR:HS 578T;BR:MCF7;BR:MDA-MB-231;BR:T-47D,0.378230901780586,FALSE,TRUE,tier_B_one_drug_patient_scored
doxorubicin,fludarabine,doxorubicin + fludarabine,-35,-40.4,-13,-61,0,5,BR:BT-549;BR:HS 578T;BR:MCF7;BR:MDA-MB-231;BR:T-47D,0.378230901780586,TRUE,FALSE,tier_B_one_drug_patient_scored
doxorubicin,isotretinoin,doxorubicin + isotretinoin,4,11.2,53,-29,0.6,5,BR:BT-549;BR:HS 578T;BR:MCF7;BR:MDA-MB-231;BR:T-47D,0.783553513306529,TRUE,FALSE,tier_B_one_drug_patient_scored
doxorubicin,paclitaxel,doxorubicin + paclitaxel,-52,-46,3,-89,0.333333333333333,3,BR:HS 578T;BR:MCF7;BR:MDA-MB-231,0.378230901780586,TRUE,TRUE,tier_A_both_drugs_patient_scored
bendamustine,doxorubicin,bendamustine + doxorubicin,-34,-46.8,-18,-100,0,5,BR:BT-549;BR:HS 578T;BR:MCF7;BR:MDA-MB-231;BR:T-47D,0.378230901780586,FALSE,TRUE,tier_B_one_drug_patient_scored
doxorubicin,tamoxifen,doxorubicin + tamoxifen,48,89.6,246,17,1,5,BR:BT-549;BR:HS 578T;BR:MCF7;BR:MDA-MB-231;BR:T-47D,0.958452996362244,TRUE,FALSE,tier_B_one_drug_patient_scored
doxorubicin,rapamycin,doxorubicin + rapamycin,0,0.6,40,-64,0.4,5,BR:BT-549;BR:HS 578T;BR:MCF7;BR:MDA-MB-231;BR:T-47D,0.378230901780586,TRUE,TRUE,tier_A_both_drugs_patient_scored
carboplatin,doxorubicin,carboplatin + doxorubicin,-38,-37.25,-21,-52,0,4,BR:BT-549;BR:HS 578T;BR:MCF7;BR:MDA-MB-231,0.378230901780586,FALSE,TRUE,tier_B_one_drug_patient_scored
doxorubicin,temozolomide,doxorubicin + temozolomide,-38,-26.4,32,-66,0.2,5,BR:BT-549;BR:HS 578T;BR:MCF7;BR:MDA-MB-231;BR:T-47D,0.378230901780586,TRUE,FALSE,tier_B_one_drug_patient_scored
clofarabine,doxorubicin,clofarabine + doxorubicin,-38,-35.8,18,-79,0.2,5,BR:BT-549;BR:HS 578T;BR:MCF7;BR:MDA-MB-231;BR:T-47D,0.378230901780586,FALSE,TRUE,tier_B_one_drug_patient_scored
doxorubicin,gemcitabine,doxorubicin + gemcitabine,-50,-42.8,-7,-68,0,5,BR:BT-549;BR:HS 578T;BR:MCF7;BR:MDA-MB-231;BR:T-47D,0.378230901780586,TRUE,TRUE,tier_A_both_drugs_patient_scored
docetaxel,doxorubicin,docetaxel + doxorubicin,2,4.75,62,-47,0.5,4,BR:BT-549;BR:HS 578T;BR:MCF7;BR:MDA-MB-231,0.768140915182845,TRUE,TRUE,tier_A_both_drugs_patient_scored
7 ethyl 10 hydroxycamptothecin,doxorubicin,7 ethyl 10 hydroxycamptothecin + doxorubicin,-43,-43.6,-8,-65,0,5,BR:BT-549;BR:HS 578T;BR:MCF7;BR:MDA-MB-231;BR:T-47D,0.378230901780586,FALSE,TRUE,tier_B_one_drug_patient_scored
doxorubicin,nelarabine,doxorubicin + nelarabine,-49,-53,5,-119,0.25,4,BR:BT-549;BR:HS 578T;BR:MCF7;BR:MDA-MB-231,0.378230901780586,TRUE,FALSE,tier_B_one_drug_patient_scored
doxorubicin,vorinostat,doxorubicin + vorinostat,-17,-14.6,3,-27,0.2,5,BR:BT-549;BR:HS 578T;BR:MCF7;BR:MDA-MB-231;BR:T-47D,0.378230901780586,TRUE,FALSE,tier_B_one_drug_patient_scored
capecitabine,doxorubicin,capecitabine + doxorubicin,-61,-53.2,26,-115,0.2,5,BR:BT-549;BR:HS 578T;BR:MCF7;BR:MDA-MB-231;BR:T-47D,0.378230901780586,FALSE,TRUE,tier_B_one_drug_patient_scored
doxorubicin,letrozole,doxorubicin + letrozole,-73,-65.6,12,-139,0.2,5,BR:BT-549;BR:HS 578T;BR:MCF7;BR:MDA-MB-231;BR:T-47D,0.378230901780586,TRUE,FALSE,tier_B_one_drug_patient_scored
celecoxib,doxorubicin,celecoxib + doxorubicin,36,76.4,202,-25,0.8,5,BR:BT-549;BR:HS 578T;BR:MCF7;BR:MDA-MB-231;BR:T-47D,0.938828259620908,FALSE,TRUE,tier_B_one_drug_patient_scored
doxorubicin,zoledronate,doxorubicin + zoledronate,-11,-17.4,13,-55,0.2,5,BR:BT-549;BR:HS 578T;BR:MCF7;BR:MDA-MB-231;BR:T-47D,0.378230901780586,TRUE,FALSE,tier_B_one_drug_patient_scored
dasatinib,doxorubicin,dasatinib + doxorubicin,0,-12.2,22,-68,0.4,5,BR:BT-549;BR:HS 578T;BR:MCF7;BR:MDA-MB-231;BR:T-47D,0.378230901780586,FALSE,TRUE,tier_B_one_drug_patient_scored
doxorubicin,everolimus,doxorubicin + everolimus,7,-4,34,-50,0.6,5,BR:BT-549;BR:HS 578T;BR:MCF7;BR:MDA-MB-231;BR:T-47D,0.810453762205629,TRUE,FALSE,tier_B_one_drug_patient_scored
doxorubicin,imatinib,doxorubicin + imatinib,37,28.6,117,-55,0.6,5,BR:BT-549;BR:HS 578T;BR:MCF7;BR:MDA-MB-231;BR:T-47D,0.941317250622248,TRUE,FALSE,tier_B_one_drug_patient_scored
doxorubicin,lapatinib,doxorubicin + lapatinib,-38,-23.2,59,-74,0.4,5,BR:BT-549;BR:HS 578T;BR:MCF7;BR:MDA-MB-231;BR:T-47D,0.378230901780586,TRUE,TRUE,tier_A_both_drugs_patient_scored
doxorubicin,nilotinib,doxorubicin + nilotinib,-46,-45.4,-13,-64,0,5,BR:BT-549;BR:HS 578T;BR:MCF7;BR:MDA-MB-231;BR:T-47D,0.378230901780586,TRUE,FALSE,tier_B_one_drug_patient_scored
doxorubicin,sorafenib,doxorubicin + sorafenib,22,4.2,33,-53,0.6,5,BR:BT-549;BR:HS 578T;BR:MCF7;BR:MDA-MB-231;BR:T-47D,0.896802603867509,TRUE,FALSE,tier_B_one_drug_patient_scored
doxorubicin,sunitinib,doxorubicin + sunitinib,-36,-71,-6,-155,0,5,BR:BT-549;BR:HS 578T;BR:MCF7;BR:MDA-MB-231;BR:T-47D,0.378230901780586,TRUE,FALSE,tier_B_one_drug_patient_scored
depsipeptide,doxorubicin,depsipeptide + doxorubicin,42.5,41.75,85,-3,0.75,4,BR:BT-549;BR:HS 578T;BR:MCF7;BR:MDA-MB-231,0.950315910396324,FALSE,TRUE,tier_B_one_drug_patient_scored
doxorubicin,pralatrexate,doxorubicin + pralatrexate,-11,-12.8,-8,-22,0,5,BR:BT-549;BR:HS 578T;BR:MCF7;BR:MDA-MB-231;BR:T-47D,0.378230901780586,TRUE,FALSE,tier_B_one_drug_patient_scored
6 thioguanine,bleomycin,6 thioguanine + bleomycin,-51,-39,26,-80,0.25,4,BR:BT-549;BR:HS 578T;BR:MCF7;BR:MDA-MB-231,0.378230901780586,FALSE,FALSE,not_patient_scored
actinomycin d,bleomycin,actinomycin d + bleomycin,-38,-28.8,48,-114,0.4,5,BR:BT-549;BR:HS 578T;BR:MCF7;BR:MDA-MB-231;BR:T-47D,0.378230901780586,FALSE,FALSE,not_patient_scored
bleomycin,chlorambucil,bleomycin + chlorambucil,-33.5,-23.25,41,-67,0.25,4,BR:BT-549;BR:HS 578T;BR:MCF7;BR:MDA-MB-231,0.378230901780586,FALSE,FALSE,not_patient_scored
bleomycin,thiotepa,bleomycin + thiotepa,-46,-44.8,-29,-66,0,5,BR:BT-549;BR:HS 578T;BR:MCF7;BR:MDA-MB-231;BR:T-47D,0.378230901780586,FALSE,FALSE,not_patient_scored
bleomycin,melphalan,bleomycin + melphalan,-23.5,-15.25,32,-46,0.25,4,BR:BT-549;BR:HS 578T;BR:MCF7;BR:MDA-MB-231,0.378230901780586,FALSE,FALSE,not_patient_scored
bleomycin,triethylenemelamine,bleomycin + triethylenemelamine,-14,-20.6,39,-101,0.4,5,BR:BT-549;BR:HS 578T;BR:MCF7;BR:MDA-MB-231;BR:T-47D,0.378230901780586,FALSE,FALSE,not_patient_scored
altretamine,bleomycin,altretamine + bleomycin,-58,-60.75,1,-128,0.25,4,BR:BT-549;BR:HS 578T;BR:MCF7;BR:MDA-MB-231,0.378230901780586,FALSE,FALSE,not_patient_scored
5-fluorouracil,bleomycin,5-fluorouracil + bleomycin,-22.5,-23.25,21,-69,0.5,4,BR:BT-549;BR:HS 578T;BR:MCF7;BR:MDA-MB-231,0.378230901780586,TRUE,FALSE,tier_B_one_drug_patient_scored
bleomycin,mithramycin,bleomycin + mithramycin,18,8.6,54,-50,0.6,5,BR:BT-549;BR:HS 578T;BR:MCF7;BR:MDA-MB-231;BR:T-47D,0.878996745165614,FALSE,FALSE,not_patient_scored
bleomycin,floxuridine,bleomycin + floxuridine,-55,-56,-40,-72,0,5,BR:BT-549;BR:HS 578T;BR:MCF7;BR:MDA-MB-231;BR:T-47D,0.378230901780586,FALSE,FALSE,not_patient_scored
bleomycin,hydroxyurea,bleomycin + hydroxyurea,-26,-44.6,14,-120,0.2,5,BR:BT-549;BR:HS 578T;BR:MCF7;BR:MDA-MB-231;BR:T-47D,0.378230901780586,FALSE,FALSE,not_patient_scored
bleomycin,uracil mustard,bleomycin + uracil mustard,3.5,4,45,-36,0.5,4,BR:BT-549;BR:HS 578T;BR:MCF7;BR:MDA-MB-231,0.779245644265748,FALSE,FALSE,not_patient_scored
bleomycin,dacarbazine,bleomycin + dacarbazine,-70.5,-58.25,-20,-72,0,4,BR:BT-549;BR:HS 578T;BR:MCF7;BR:MDA-MB-231,0.378230901780586,FALSE,FALSE,not_patient_scored
bleomycin,cytarabine,bleomycin + cytarabine,-60,-37.6,76,-116,0.2,5,BR:BT-549;BR:HS 578T;BR:MCF7;BR:MDA-MB-231;BR:T-47D,0.378230901780586,FALSE,FALSE,not_patient_scored
bleomycin,vincristine,bleomycin + vincristine,-18,-27.6,6,-91,0.2,5,BR:BT-549;BR:HS 578T;BR:MCF7;BR:MDA-MB-231;BR:T-47D,0.378230901780586,FALSE,FALSE,not_patient_scored
bleomycin,megestrol acetate,bleomycin + megestrol acetate,-77,-89.75,-32,-173,0,4,BR:BT-549;BR:HS 578T;BR:MCF7;BR:MDA-MB-231,0.378230901780586,FALSE,FALSE,not_patient_scored
bleomycin,lomustine,bleomycin + lomustine,20.5,15.25,61,-41,0.75,4,BR:BT-549;BR:HS 578T;BR:MCF7;BR:MDA-MB-231,0.890005743825388,FALSE,FALSE,not_patient_scored
bleomycin,daunorubicin,bleomycin + daunorubicin,21,16,60,-38,0.75,4,BR:BT-549;BR:HS 578T;BR:MCF7;BR:MDA-MB-231,0.892111813134214,FALSE,FALSE,not_patient_scored
azacitidine,bleomycin,azacitidine + bleomycin,-43,-44.4,-7,-95,0,5,BR:BT-549;BR:HS 578T;BR:MCF7;BR:MDA-MB-231;BR:T-47D,0.378230901780586,FALSE,FALSE,not_patient_scored
bleomycin,cladribine,bleomycin + cladribine,-52,-54.4,-22,-82,0,5,BR:BT-549;BR:HS 578T;BR:MCF7;BR:MDA-MB-231;BR:T-47D,0.378230901780586,FALSE,FALSE,not_patient_scored
bleomycin,fludarabine,bleomycin + fludarabine,-31,-26,15,-51,0.2,5,BR:BT-549;BR:HS 578T;BR:MCF7;BR:MDA-MB-231;BR:T-47D,0.378230901780586,FALSE,FALSE,not_patient_scored
bleomycin,isotretinoin,bleomycin + isotretinoin,-14,-21.2,47,-101,0.2,5,BR:BT-549;BR:HS 578T;BR:MCF7;BR:MDA-MB-231;BR:T-47D,0.378230901780586,FALSE,FALSE,not_patient_scored
bleomycin,teniposide,bleomycin + teniposide,47.5,39.5,111,-48,0.75,4,BR:BT-549;BR:HS 578T;BR:MCF7;BR:MDA-MB-231,0.957782883400345,FALSE,FALSE,not_patient_scored
bleomycin,doxorubicin,bleomycin + doxorubicin,-8,-6.4,22,-52,0.4,5,BR:BT-549;BR:HS 578T;BR:MCF7;BR:MDA-MB-231;BR:T-47D,0.378230901780586,FALSE,TRUE,tier_B_one_drug_patient_scored
bleomycin,paclitaxel,bleomycin + paclitaxel,14,1.8,69,-81,0.6,5,BR:BT-549;BR:HS 578T;BR:MCF7;BR:MDA-MB-231;BR:T-47D,0.858989086731763,FALSE,TRUE,tier_B_one_drug_patient_scored
bleomycin,etoposide,bleomycin + etoposide,-31.5,-21.25,25,-47,0.25,4,BR:BT-549;BR:HS 578T;BR:MCF7;BR:MDA-MB-231,0.378230901780586,FALSE,FALSE,not_patient_scored
bleomycin,dexrazoxane,bleomycin + dexrazoxane,12,-7,40,-92,0.5,4,BR:BT-549;BR:HS 578T;BR:MCF7;BR:MDA-MB-231,0.847118514263833,FALSE,FALSE,not_patient_scored
bleomycin,tamoxifen,bleomycin + tamoxifen,-30,-31.4,6,-62,0.2,5,BR:BT-549;BR:HS 578T;BR:MCF7;BR:MDA-MB-231;BR:T-47D,0.378230901780586,FALSE,FALSE,not_patient_scored
bleomycin,rapamycin,bleomycin + rapamycin,-34,-41.2,-28,-62,0,5,BR:BT-549;BR:HS 578T;BR:MCF7;BR:MDA-MB-231;BR:T-47D,0.378230901780586,FALSE,TRUE,tier_B_one_drug_patient_scored
bleomycin,carboplatin,bleomycin + carboplatin,-56,-51.4,-21,-67,0,5,BR:BT-549;BR:HS 578T;BR:MCF7;BR:MDA-MB-231;BR:T-47D,0.378230901780586,FALSE,FALSE,not_patient_scored
bleomycin,mitoxantrone,bleomycin + mitoxantrone,4.5,4.25,40,-32,0.5,4,BR:BT-549;BR:HS 578T;BR:MCF7;BR:MDA-MB-231,0.787669921501053,FALSE,FALSE,not_patient_scored
bleomycin,temozolomide,bleomycin + temozolomide,-34,-52.8,-20,-107,0,5,BR:BT-549;BR:HS 578T;BR:MCF7;BR:MDA-MB-231;BR:T-47D,0.378230901780586,FALSE,FALSE,not_patient_scored
bleomycin,clofarabine,bleomycin + clofarabine,-13,-36,-1,-119,0,5,BR:BT-549;BR:HS 578T;BR:MCF7;BR:MDA-MB-231;BR:T-47D,0.378230901780586,FALSE,FALSE,not_patient_scored
bleomycin,vinorelbine,bleomycin + vinorelbine,-44,-36.25,10,-67,0.25,4,BR:BT-549;BR:HS 578T;BR:MCF7;BR:MDA-MB-231,0.378230901780586,FALSE,FALSE,not_patient_scored
bleomycin,gemcitabine,bleomycin + gemcitabine,-28,-36.2,-17,-76,0,5,BR:BT-549;BR:HS 578T;BR:MCF7;BR:MDA-MB-231;BR:T-47D,0.378230901780586,FALSE,TRUE,tier_B_one_drug_patient_scored
bleomycin,docetaxel,bleomycin + docetaxel,-38,-16.4,37,-70,0.4,5,BR:BT-549;BR:HS 578T;BR:MCF7;BR:MDA-MB-231;BR:T-47D,0.378230901780586,FALSE,TRUE,tier_B_one_drug_patient_scored
7 ethyl 10 hydroxycamptothecin,bleomycin,7 ethyl 10 hydroxycamptothecin + bleomycin,-27,-34.6,-6,-89,0,5,BR:BT-549;BR:HS 578T;BR:MCF7;BR:MDA-MB-231;BR:T-47D,0.378230901780586,FALSE,FALSE,not_patient_scored
bleomycin,nelarabine,bleomycin + nelarabine,-26,-39.4,40,-174,0.2,5,BR:BT-549;BR:HS 578T;BR:MCF7;BR:MDA-MB-231;BR:T-47D,0.378230901780586,FALSE,FALSE,not_patient_scored
bleomycin,pemetrexed,bleomycin + pemetrexed,-16,-15,15,-43,0.25,4,BR:BT-549;BR:HS 578T;BR:MCF7;BR:MDA-MB-231,0.378230901780586,FALSE,FALSE,not_patient_scored
bleomycin,vorinostat,bleomycin + vorinostat,-8,-21,14,-70,0.4,5,BR:BT-549;BR:HS 578T;BR:MCF7;BR:MDA-MB-231;BR:T-47D,0.378230901780586,FALSE,FALSE,not_patient_scored
bleomycin,capecitabine,bleomycin + capecitabine,-26,-53,-17,-141,0,5,BR:BT-549;BR:HS 578T;BR:MCF7;BR:MDA-MB-231;BR:T-47D,0.378230901780586,FALSE,FALSE,not_patient_scored
bleomycin,exemestane,bleomycin + exemestane,6,5,34,-26,0.5,4,BR:BT-549;BR:HS 578T;BR:MCF7;BR:MDA-MB-231,0.802508137085966,FALSE,FALSE,not_patient_scored
bleomycin,gefitinib,bleomycin + gefitinib,-6.5,-5.5,10,-19,0.5,4,BR:BT-549;BR:HS 578T;BR:MCF7;BR:MDA-MB-231,0.378230901780586,FALSE,FALSE,not_patient_scored
bleomycin,letrozole,bleomycin + letrozole,-31,-59.2,-12,-198,0,5,BR:BT-549;BR:HS 578T;BR:MCF7;BR:MDA-MB-231;BR:T-47D,0.378230901780586,FALSE,FALSE,not_patient_scored
bleomycin,celecoxib,bleomycin + celecoxib,-39,-60.2,-19,-116,0,5,BR:BT-549;BR:HS 578T;BR:MCF7;BR:MDA-MB-231;BR:T-47D,0.378230901780586,FALSE,FALSE,not_patient_scored
bleomycin,zoledronate,bleomycin + zoledronate,-14,-10.6,24,-34,0.2,5,BR:BT-549;BR:HS 578T;BR:MCF7;BR:MDA-MB-231;BR:T-47D,0.378230901780586,FALSE,FALSE,not_patient_scored
bleomycin,dasatinib,bleomycin + dasatinib,10,0.8,31,-33,0.6,5,BR:BT-549;BR:HS 578T;BR:MCF7;BR:MDA-MB-231;BR:T-47D,0.835343672219031,FALSE,FALSE,not_patient_scored
bleomycin,everolimus,bleomycin + everolimus,-14,-13.6,15,-47,0.2,5,BR:BT-549;BR:HS 578T;BR:MCF7;BR:MDA-MB-231;BR:T-47D,0.378230901780586,FALSE,FALSE,not_patient_scored
bleomycin,pazopanib,bleomycin + pazopanib,6,0.4,13,-33,0.8,5,BR:BT-549;BR:HS 578T;BR:MCF7;BR:MDA-MB-231;BR:T-47D,0.802508137085966,FALSE,FALSE,not_patient_scored
bleomycin,imatinib,bleomycin + imatinib,-50,-59.8,-28,-117,0,5,BR:BT-549;BR:HS 578T;BR:MCF7;BR:MDA-MB-231;BR:T-47D,0.378230901780586,FALSE,FALSE,not_patient_scored
bleomycin,lapatinib,bleomycin + lapatinib,-36,-44.8,10,-127,0.2,5,BR:BT-549;BR:HS 578T;BR:MCF7;BR:MDA-MB-231;BR:T-47D,0.378230901780586,FALSE,TRUE,tier_B_one_drug_patient_scored
bleomycin,nilotinib,bleomycin + nilotinib,-42,-49.2,-14,-90,0,5,BR:BT-549;BR:HS 578T;BR:MCF7;BR:MDA-MB-231;BR:T-47D,0.378230901780586,FALSE,FALSE,not_patient_scored
bleomycin,lenalidomide,bleomycin + lenalidomide,-23,-36.25,20,-119,0.25,4,BR:BT-549;BR:HS 578T;BR:MCF7;BR:MDA-MB-231,0.378230901780586,FALSE,FALSE,not_patient_scored
bleomycin,raloxifene,bleomycin + raloxifene,-8,-17.8,-2,-45,0,5,BR:BT-549;BR:HS 578T;BR:MCF7;BR:MDA-MB-231;BR:T-47D,0.378230901780586,FALSE,FALSE,not_patient_scored
abiraterone,bleomycin,abiraterone + bleomycin,6,6.2,37,-25,0.6,5,BR:BT-549;BR:HS 578T;BR:MCF7;BR:MDA-MB-231;BR:T-47D,0.802508137085966,FALSE,FALSE,not_patient_scored
bleomycin,sunitinib,bleomycin + sunitinib,-28,-17.6,8,-37,0.4,5,BR:BT-549;BR:HS 578T;BR:MCF7;BR:MDA-MB-231;BR:T-47D,0.378230901780586,FALSE,FALSE,not_patient_scored
bleomycin,vemurafenib,bleomycin + vemurafenib,-33,-33.4,-16,-51,0,5,BR:BT-549;BR:HS 578T;BR:MCF7;BR:MDA-MB-231;BR:T-47D,0.378230901780586,FALSE,FALSE,not_patient_scored
bleomycin,depsipeptide,bleomycin + depsipeptide,-2,8,50,-31,0.4,5,BR:BT-549;BR:HS 578T;BR:MCF7;BR:MDA-MB-231;BR:T-47D,0.378230901780586,FALSE,FALSE,not_patient_scored
bleomycin,vismodegib,bleomycin + vismodegib,-42,-33,-1,-59,0,5,BR:BT-549;BR:HS 578T;BR:MCF7;BR:MDA-MB-231;BR:T-47D,0.378230901780586,FALSE,FALSE,not_patient_scored
bleomycin,crizotinib,bleomycin + crizotinib,-32,-23.8,14,-46,0.2,5,BR:BT-549;BR:HS 578T;BR:MCF7;BR:MDA-MB-231;BR:T-47D,0.378230901780586,FALSE,FALSE,not_patient_scored
axitinib,bleomycin,axitinib + bleomycin,16,9.4,36,-30,0.8,5,BR:BT-549;BR:HS 578T;BR:MCF7;BR:MDA-MB-231;BR:T-47D,0.869519433275895,FALSE,FALSE,not_patient_scored
bleomycin,vandetanib,bleomycin + vandetanib,-20,-14.8,22,-37,0.2,5,BR:BT-549;BR:HS 578T;BR:MCF7;BR:MDA-MB-231;BR:T-47D,0.378230901780586,FALSE,FALSE,not_patient_scored
bleomycin,cabazitaxel,bleomycin + cabazitaxel,2,7,28,-7,0.6,5,BR:BT-549;BR:HS 578T;BR:MCF7;BR:MDA-MB-231;BR:T-47D,0.768140915182845,FALSE,FALSE,not_patient_scored
bleomycin,ruxolitinib,bleomycin + ruxolitinib,-21,-24.8,16,-75,0.4,5,BR:BT-549;BR:HS 578T;BR:MCF7;BR:MDA-MB-231;BR:T-47D,0.378230901780586,FALSE,FALSE,not_patient_scored
6 thioguanine,paclitaxel,6 thioguanine + paclitaxel,-37,-34.4,4,-59,0.2,5,BR:BT-549;BR:HS 578T;BR:MCF7;BR:MDA-MB-231;BR:T-47D,0.378230901780586,FALSE,TRUE,tier_B_one_drug_patient_scored
actinomycin d,paclitaxel,actinomycin d + paclitaxel,96,30.6,120,-127,0.6,5,BR:BT-549;BR:HS 578T;BR:MCF7;BR:MDA-MB-231;BR:T-47D,0.989182462186483,FALSE,TRUE,tier_B_one_drug_patient_scored
chlorambucil,paclitaxel,chlorambucil + paclitaxel,-30,-25,24,-69,0.2,5,BR:BT-549;BR:HS 578T;BR:MCF7;BR:MDA-MB-231;BR:T-47D,0.378230901780586,FALSE,TRUE,tier_B_one_drug_patient_scored
paclitaxel,thiotepa,paclitaxel + thiotepa,71,42.2,127,-40,0.6,5,BR:BT-549;BR:HS 578T;BR:MCF7;BR:MDA-MB-231;BR:T-47D,0.980566724104921,TRUE,FALSE,tier_B_one_drug_patient_scored
melphalan,paclitaxel,melphalan + paclitaxel,-26,-33.4,12,-80,0.2,5,BR:BT-549;BR:HS 578T;BR:MCF7;BR:MDA-MB-231;BR:T-47D,0.378230901780586,FALSE,TRUE,tier_B_one_drug_patient_scored
altretamine,paclitaxel,altretamine + paclitaxel,-2,-5.4,44,-50,0.4,5,BR:BT-549;BR:HS 578T;BR:MCF7;BR:MDA-MB-231;BR:T-47D,0.378230901780586,FALSE,TRUE,tier_B_one_drug_patient_scored
5-fluorouracil,paclitaxel,5-fluorouracil + paclitaxel,-14,-9.2,35,-49,0.2,5,BR:BT-549;BR:HS 578T;BR:MCF7;BR:MDA-MB-231;BR:T-47D,0.378230901780586,TRUE,TRUE,tier_A_both_drugs_patient_scored
floxuridine,paclitaxel,floxuridine + paclitaxel,-34,-33.8,52,-145,0.4,5,BR:BT-549;BR:HS 578T;BR:MCF7;BR:MDA-MB-231;BR:T-47D,0.378230901780586,FALSE,TRUE,tier_B_one_drug_patient_scored
paclitaxel,uracil mustard,paclitaxel + uracil mustard,-24,-22.4,21,-55,0.2,5,BR:BT-549;BR:HS 578T;BR:MCF7;BR:MDA-MB-231;BR:T-47D,0.378230901780586,TRUE,FALSE,tier_B_one_drug_patient_scored
dacarbazine,paclitaxel,dacarbazine + paclitaxel,-24,-27.6,-14,-49,0,5,BR:BT-549;BR:HS 578T;BR:MCF7;BR:MDA-MB-231;BR:T-47D,0.378230901780586,FALSE,TRUE,tier_B_one_drug_patient_scored
cytarabine,paclitaxel,cytarabine + paclitaxel,-29,-37.6,20,-102,0.2,5,BR:BT-549;BR:HS 578T;BR:MCF7;BR:MDA-MB-231;BR:T-47D,0.378230901780586,FALSE,TRUE,tier_B_one_drug_patient_scored
paclitaxel,vincristine,paclitaxel + vincristine,-77,-77,-21,-133,0,2,BR:MCF7;BR:T-47D,0.378230901780586,TRUE,FALSE,tier_B_one_drug_patient_scored
megestrol acetate,paclitaxel,megestrol acetate + paclitaxel,18,18.8,82,-57,0.6,5,BR:BT-549;BR:HS 578T;BR:MCF7;BR:MDA-MB-231;BR:T-47D,0.878996745165614,FALSE,TRUE,tier_B_one_drug_patient_scored
lomustine,paclitaxel,lomustine + paclitaxel,-16,-4.8,30,-42,0.4,5,BR:BT-549;BR:HS 578T;BR:MCF7;BR:MDA-MB-231;BR:T-47D,0.378230901780586,FALSE,TRUE,tier_B_one_drug_patient_scored
daunorubicin,paclitaxel,daunorubicin + paclitaxel,0,3.4,50,-71,0.4,5,BR:BT-549;BR:HS 578T;BR:MCF7;BR:MDA-MB-231;BR:T-47D,0.378230901780586,FALSE,TRUE,tier_B_one_drug_patient_scored
cladribine,paclitaxel,cladribine + paclitaxel,12,-14.6,85,-202,0.6,5,BR:BT-549;BR:HS 578T;BR:MCF7;BR:MDA-MB-231;BR:T-47D,0.847118514263833,FALSE,TRUE,tier_B_one_drug_patient_scored
fludarabine,paclitaxel,fludarabine + paclitaxel,9,8.2,46,-24,0.8,5,BR:BT-549;BR:HS 578T;BR:MCF7;BR:MDA-MB-231;BR:T-47D,0.827685238368754,FALSE,TRUE,tier_B_one_drug_patient_scored
isotretinoin,paclitaxel,isotretinoin + paclitaxel,231,210,343,51,1,5,BR:BT-549;BR:HS 578T;BR:MCF7;BR:MDA-MB-231;BR:T-47D,0.998564043653073,FALSE,TRUE,tier_B_one_drug_patient_scored
paclitaxel,teniposide,paclitaxel + teniposide,20.5,17,47,-20,0.75,4,BR:BT-549;BR:HS 578T;BR:MCF7;BR:MDA-MB-231,0.890005743825388,TRUE,FALSE,tier_B_one_drug_patient_scored
etoposide,paclitaxel,etoposide + paclitaxel,-62,-56.8,-31,-79,0,5,BR:BT-549;BR:HS 578T;BR:MCF7;BR:MDA-MB-231;BR:T-47D,0.378230901780586,FALSE,TRUE,tier_B_one_drug_patient_scored
dexrazoxane,paclitaxel,dexrazoxane + paclitaxel,-22,-16,2,-29,0.2,5,BR:BT-549;BR:HS 578T;BR:MCF7;BR:MDA-MB-231;BR:T-47D,0.378230901780586,FALSE,TRUE,tier_B_one_drug_patient_scored
paclitaxel,tamoxifen,paclitaxel + tamoxifen,250,201.4,419,-15,0.6,5,BR:BT-549;BR:HS 578T;BR:MCF7;BR:MDA-MB-231;BR:T-47D,0.998946965345587,TRUE,FALSE,tier_B_one_drug_patient_scored
paclitaxel,rapamycin,paclitaxel + rapamycin,-3,-21.6,20,-78,0.4,5,BR:BT-549;BR:HS 578T;BR:MCF7;BR:MDA-MB-231;BR:T-47D,0.378230901780586,TRUE,TRUE,tier_A_both_drugs_patient_scored
carboplatin,paclitaxel,carboplatin + paclitaxel,-17,-39.8,31,-147,0.4,5,BR:BT-549;BR:HS 578T;BR:MCF7;BR:MDA-MB-231;BR:T-47D,0.378230901780586,FALSE,TRUE,tier_B_one_drug_patient_scored
mitoxantrone,paclitaxel,mitoxantrone + paclitaxel,-16,-20.6,20,-73,0.2,5,BR:BT-549;BR:HS 578T;BR:MCF7;BR:MDA-MB-231;BR:T-47D,0.378230901780586,FALSE,TRUE,tier_B_one_drug_patient_scored
paclitaxel,temozolomide,paclitaxel + temozolomide,-30,-27.6,44,-108,0.4,5,BR:BT-549;BR:HS 578T;BR:MCF7;BR:MDA-MB-231;BR:T-47D,0.378230901780586,TRUE,FALSE,tier_B_one_drug_patient_scored
clofarabine,paclitaxel,clofarabine + paclitaxel,-84,-91.4,-58,-152,0,5,BR:BT-549;BR:HS 578T;BR:MCF7;BR:MDA-MB-231;BR:T-47D,0.378230901780586,FALSE,TRUE,tier_B_one_drug_patient_scored
paclitaxel,vinorelbine,paclitaxel + vinorelbine,33,26,48,-12,0.8,5,BR:BT-549;BR:HS 578T;BR:MCF7;BR:MDA-MB-231;BR:T-47D,0.932701512540685,TRUE,FALSE,tier_B_one_drug_patient_scored
gemcitabine,paclitaxel,gemcitabine + paclitaxel,-86,-66.8,-32,-87,0,5,BR:BT-549;BR:HS 578T;BR:MCF7;BR:MDA-MB-231;BR:T-47D,0.378230901780586,TRUE,TRUE,tier_A_both_drugs_patient_scored
nelarabine,paclitaxel,nelarabine + paclitaxel,-142,-147,-99,-194,0,5,BR:BT-549;BR:HS 578T;BR:MCF7;BR:MDA-MB-231;BR:T-47D,0.378230901780586,FALSE,TRUE,tier_B_one_drug_patient_scored
paclitaxel,pemetrexed,paclitaxel + pemetrexed,10,3,53,-73,0.6,5,BR:BT-549;BR:HS 578T;BR:MCF7;BR:MDA-MB-231;BR:T-47D,0.835343672219031,TRUE,FALSE,tier_B_one_drug_patient_scored
capecitabine,paclitaxel,capecitabine + paclitaxel,-97,-111.6,-74,-160,0,5,BR:BT-549;BR:HS 578T;BR:MCF7;BR:MDA-MB-231;BR:T-47D,0.378230901780586,FALSE,TRUE,tier_B_one_drug_patient_scored
exemestane,paclitaxel,exemestane + paclitaxel,11,4.4,34,-41,0.6,5,BR:BT-549;BR:HS 578T;BR:MCF7;BR:MDA-MB-231;BR:T-47D,0.841853340991767,FALSE,TRUE,tier_B_one_drug_patient_scored
gefitinib,paclitaxel,gefitinib + paclitaxel,97,91,121,48,1,5,BR:BT-549;BR:HS 578T;BR:MCF7;BR:MDA-MB-231;BR:T-47D,0.98937392303274,FALSE,TRUE,tier_B_one_drug_patient_scored
letrozole,paclitaxel,letrozole + paclitaxel,-80,-115.666666666667,-68,-199,0,3,BR:BT-549;BR:HS 578T;BR:MCF7,0.378230901780586,FALSE,TRUE,tier_B_one_drug_patient_scored
celecoxib,paclitaxel,celecoxib + paclitaxel,209,164,340,-9,0.8,5,BR:BT-549;BR:HS 578T;BR:MCF7;BR:MDA-MB-231;BR:T-47D,0.997989661114302,FALSE,TRUE,tier_B_one_drug_patient_scored
paclitaxel,pazopanib,paclitaxel + pazopanib,14,20.8,95,-26,0.6,5,BR:BT-549;BR:HS 578T;BR:MCF7;BR:MDA-MB-231;BR:T-47D,0.858989086731763,TRUE,FALSE,tier_B_one_drug_patient_scored
imatinib,paclitaxel,imatinib + paclitaxel,13,54.2,145,-29,0.8,5,BR:BT-549;BR:HS 578T;BR:MCF7;BR:MDA-MB-231;BR:T-47D,0.852766609228413,FALSE,TRUE,tier_B_one_drug_patient_scored
nilotinib,paclitaxel,nilotinib + paclitaxel,70,52.75,261,-190,0.5,4,BR:BT-549;BR:HS 578T;BR:MCF7;BR:T-47D,0.979705150296764,FALSE,TRUE,tier_B_one_drug_patient_scored
lenalidomide,paclitaxel,lenalidomide + paclitaxel,-2,-7.2,40,-92,0.4,5,BR:BT-549;BR:HS 578T;BR:MCF7;BR:MDA-MB-231;BR:T-47D,0.378230901780586,FALSE,TRUE,tier_B_one_drug_patient_scored
paclitaxel,raloxifene,paclitaxel + raloxifene,-58,-45,23,-76,0.2,5,BR:BT-549;BR:HS 578T;BR:MCF7;BR:MDA-MB-231;BR:T-47D,0.378230901780586,TRUE,FALSE,tier_B_one_drug_patient_scored
abiraterone,paclitaxel,abiraterone + paclitaxel,33,44.2,109,8,1,5,BR:BT-549;BR:HS 578T;BR:MCF7;BR:MDA-MB-231;BR:T-47D,0.932701512540685,FALSE,TRUE,tier_B_one_drug_patient_scored
paclitaxel,vemurafenib,paclitaxel + vemurafenib,-27,-16.6,49,-52,0.2,5,BR:BT-549;BR:HS 578T;BR:MCF7;BR:MDA-MB-231;BR:T-47D,0.378230901780586,TRUE,FALSE,tier_B_one_drug_patient_scored
paclitaxel,vismodegib,paclitaxel + vismodegib,-18,-11.6,14,-28,0.2,5,BR:BT-549;BR:HS 578T;BR:MCF7;BR:MDA-MB-231;BR:T-47D,0.378230901780586,TRUE,FALSE,tier_B_one_drug_patient_scored
crizotinib,paclitaxel,crizotinib + paclitaxel,-66,-66.4,-35,-101,0,5,BR:BT-549;BR:HS 578T;BR:MCF7;BR:MDA-MB-231;BR:T-47D,0.378230901780586,FALSE,TRUE,tier_B_one_drug_patient_scored
axitinib,paclitaxel,axitinib + paclitaxel,-1,12.8,88,-32,0.4,5,BR:BT-549;BR:HS 578T;BR:MCF7;BR:MDA-MB-231;BR:T-47D,0.378230901780586,FALSE,TRUE,tier_B_one_drug_patient_scored
paclitaxel,vandetanib,paclitaxel + vandetanib,8,9.2,66,-26,0.6,5,BR:BT-549;BR:HS 578T;BR:MCF7;BR:MDA-MB-231;BR:T-47D,0.818973769864063,TRUE,FALSE,tier_B_one_drug_patient_scored
cabazitaxel,paclitaxel,cabazitaxel + paclitaxel,-17,35,157,-46,0.4,5,BR:BT-549;BR:HS 578T;BR:MCF7;BR:MDA-MB-231;BR:T-47D,0.378230901780586,FALSE,TRUE,tier_B_one_drug_patient_scored
paclitaxel,ruxolitinib,paclitaxel + ruxolitinib,-2,11.8,89,-24,0.4,5,BR:BT-549;BR:HS 578T;BR:MCF7;BR:MDA-MB-231;BR:T-47D,0.378230901780586,TRUE,FALSE,tier_B_one_drug_patient_scored
decitabine,methotrexate,decitabine + methotrexate,-82,-83.6,-19,-141,0,5,BR:BT-549;BR:HS 578T;BR:MCF7;BR:MDA-MB-231;BR:T-47D,0.378230901780586,FALSE,FALSE,not_patient_scored
busulfan,decitabine,busulfan + decitabine,-22,-30.4,-5,-84,0,5,BR:BT-549;BR:HS 578T;BR:MCF7;BR:MDA-MB-231;BR:T-47D,0.378230901780586,FALSE,FALSE,not_patient_scored
6 thioguanine,decitabine,6 thioguanine + decitabine,-59,-40.4,20,-70,0.2,5,BR:BT-549;BR:HS 578T;BR:MCF7;BR:MDA-MB-231;BR:T-47D,0.378230901780586,FALSE,FALSE,not_patient_scored
6 mercaptopurine,decitabine,6 mercaptopurine + decitabine,-16,-12.8,2,-26,0.2,5,BR:BT-549;BR:HS 578T;BR:MCF7;BR:MDA-MB-231;BR:T-47D,0.378230901780586,FALSE,FALSE,not_patient_scored
decitabine,nitrogen mustard,decitabine + nitrogen mustard,-3,-6,23,-28,0.4,5,BR:BT-549;BR:HS 578T;BR:MCF7;BR:MDA-MB-231;BR:T-47D,0.378230901780586,FALSE,FALSE,not_patient_scored
allopurinol,decitabine,allopurinol + decitabine,-35,-35.2,-17,-67,0,5,BR:BT-549;BR:HS 578T;BR:MCF7;BR:MDA-MB-231;BR:T-47D,0.378230901780586,FALSE,FALSE,not_patient_scored
actinomycin d,decitabine,actinomycin d + decitabine,9,-9,19,-80,0.6,5,BR:BT-549;BR:HS 578T;BR:MCF7;BR:MDA-MB-231;BR:T-47D,0.827685238368754,FALSE,FALSE,not_patient_scored
chlorambucil,decitabine,chlorambucil + decitabine,-37,-28.4,77,-114,0.2,5,BR:BT-549;BR:HS 578T;BR:MCF7;BR:MDA-MB-231;BR:T-47D,0.378230901780586,FALSE,FALSE,not_patient_scored
decitabine,thiotepa,decitabine + thiotepa,6,-14.6,17,-97,0.6,5,BR:BT-549;BR:HS 578T;BR:MCF7;BR:MDA-MB-231;BR:T-47D,0.802508137085966,FALSE,FALSE,not_patient_scored
decitabine,melphalan,decitabine + melphalan,-41,-33.8,25,-84,0.2,5,BR:BT-549;BR:HS 578T;BR:MCF7;BR:MDA-MB-231;BR:T-47D,0.378230901780586,FALSE,FALSE,not_patient_scored
decitabine,triethylenemelamine,decitabine + triethylenemelamine,33,31.6,73,-9,0.8,5,BR:BT-549;BR:HS 578T;BR:MCF7;BR:MDA-MB-231;BR:T-47D,0.932701512540685,FALSE,FALSE,not_patient_scored
altretamine,decitabine,altretamine + decitabine,-49,-50.8,-14,-97,0,5,BR:BT-549;BR:HS 578T;BR:MCF7;BR:MDA-MB-231;BR:T-47D,0.378230901780586,FALSE,FALSE,not_patient_scored
acrichine,decitabine,acrichine + decitabine,-35,-36.8,9,-74,0.2,5,BR:BT-549;BR:HS 578T;BR:MCF7;BR:MDA-MB-231;BR:T-47D,0.378230901780586,FALSE,FALSE,not_patient_scored
aminolevulinic acid,decitabine,aminolevulinic acid + decitabine,-23,-34.4,-4,-79,0,5,BR:BT-549;BR:HS 578T;BR:MCF7;BR:MDA-MB-231;BR:T-47D,0.378230901780586,FALSE,FALSE,not_patient_scored
5-fluorouracil,decitabine,5-fluorouracil + decitabine,-10,-23.6,20,-99,0.2,5,BR:BT-549;BR:HS 578T;BR:MCF7;BR:MDA-MB-231;BR:T-47D,0.378230901780586,TRUE,FALSE,tier_B_one_drug_patient_scored
decitabine,mithramycin,decitabine + mithramycin,10.5,6,33,-30,0.75,4,BR:BT-549;BR:HS 578T;BR:MCF7;BR:MDA-MB-231,0.838789967451656,FALSE,FALSE,not_patient_scored
decitabine,pipobroman,decitabine + pipobroman,5,-2.6,46,-43,0.6,5,BR:BT-549;BR:HS 578T;BR:MCF7;BR:MDA-MB-231;BR:T-47D,0.793030825196247,FALSE,FALSE,not_patient_scored
cyclophosphamide,decitabine,cyclophosphamide + decitabine,-48,-50.8,-9,-121,0,5,BR:BT-549;BR:HS 578T;BR:MCF7;BR:MDA-MB-231;BR:T-47D,0.378230901780586,FALSE,FALSE,not_patient_scored
decitabine,mitomycin,decitabine + mitomycin,10,-9,13,-41,0.6,5,BR:BT-549;BR:HS 578T;BR:MCF7;BR:MDA-MB-231;BR:T-47D,0.835343672219031,FALSE,FALSE,not_patient_scored
decitabine,floxuridine,decitabine + floxuridine,-12,-18.8,2,-62,0.2,5,BR:BT-549;BR:HS 578T;BR:MCF7;BR:MDA-MB-231;BR:T-47D,0.378230901780586,FALSE,FALSE,not_patient_scored
decitabine,hydroxyurea,decitabine + hydroxyurea,-42,-29.2,42,-82,0.2,5,BR:BT-549;BR:HS 578T;BR:MCF7;BR:MDA-MB-231;BR:T-47D,0.378230901780586,FALSE,FALSE,not_patient_scored
decitabine,uracil mustard,decitabine + uracil mustard,-23,-4.6,57,-39,0.4,5,BR:BT-549;BR:HS 578T;BR:MCF7;BR:MDA-MB-231;BR:T-47D,0.378230901780586,FALSE,FALSE,not_patient_scored
decitabine,mitotane,decitabine + mitotane,-18,-29.2,4,-77,0.2,5,BR:BT-549;BR:HS 578T;BR:MCF7;BR:MDA-MB-231;BR:T-47D,0.378230901780586,FALSE,FALSE,not_patient_scored
dacarbazine,decitabine,dacarbazine + decitabine,-36,-39.4,20,-77,0.2,5,BR:BT-549;BR:HS 578T;BR:MCF7;BR:MDA-MB-231;BR:T-47D,0.378230901780586,FALSE,FALSE,not_patient_scored
decitabine,methoxsalen,decitabine + methoxsalen,-35,-24.4,24,-63,0.4,5,BR:BT-549;BR:HS 578T;BR:MCF7;BR:MDA-MB-231;BR:T-47D,0.378230901780586,FALSE,FALSE,not_patient_scored
decitabine,vinblastine,decitabine + vinblastine,-12,-14,4,-33,0.2,5,BR:BT-549;BR:HS 578T;BR:MCF7;BR:MDA-MB-231;BR:T-47D,0.378230901780586,FALSE,FALSE,not_patient_scored
cytarabine,decitabine,cytarabine + decitabine,16,11.4,45,-44,0.8,5,BR:BT-549;BR:HS 578T;BR:MCF7;BR:MDA-MB-231;BR:T-47D,0.869519433275895,FALSE,FALSE,not_patient_scored
decitabine,thalidomide,decitabine + thalidomide,3,-4.6,32,-70,0.6,5,BR:BT-549;BR:HS 578T;BR:MCF7;BR:MDA-MB-231;BR:T-47D,0.775895079456251,FALSE,FALSE,not_patient_scored
decitabine,vincristine,decitabine + vincristine,-33,-41.8,-20,-74,0,5,BR:BT-549;BR:HS 578T;BR:MCF7;BR:MDA-MB-231;BR:T-47D,0.378230901780586,FALSE,FALSE,not_patient_scored
decitabine,megestrol acetate,decitabine + megestrol acetate,-87,-55.4,42,-111,0.2,5,BR:BT-549;BR:HS 578T;BR:MCF7;BR:MDA-MB-231;BR:T-47D,0.378230901780586,FALSE,FALSE,not_patient_scored
decitabine,procarbazine,decitabine + procarbazine,-4,-19,34,-92,0.4,5,BR:BT-549;BR:HS 578T;BR:MCF7;BR:MDA-MB-231;BR:T-47D,0.378230901780586,FALSE,FALSE,not_patient_scored
decitabine,lomustine,decitabine + lomustine,-9,-4.8,78,-49,0.4,5,BR:BT-549;BR:HS 578T;BR:MCF7;BR:MDA-MB-231;BR:T-47D,0.378230901780586,FALSE,FALSE,not_patient_scored
daunorubicin,decitabine,daunorubicin + decitabine,37,45,93,6,1,5,BR:BT-549;BR:HS 578T;BR:MCF7;BR:MDA-MB-231;BR:T-47D,0.941317250622248,FALSE,FALSE,not_patient_scored
decitabine,streptozocin,decitabine + streptozocin,-21,1.4,71,-44,0.4,5,BR:BT-549;BR:HS 578T;BR:MCF7;BR:MDA-MB-231;BR:T-47D,0.378230901780586,FALSE,FALSE,not_patient_scored
azacitidine,decitabine,azacitidine + decitabine,-5,-10.2,16,-37,0.4,5,BR:BT-549;BR:HS 578T;BR:MCF7;BR:MDA-MB-231;BR:T-47D,0.378230901780586,FALSE,FALSE,not_patient_scored
cladribine,decitabine,cladribine + decitabine,44,38.2,67,-4,0.8,5,BR:BT-549;BR:HS 578T;BR:MCF7;BR:MDA-MB-231;BR:T-47D,0.952709170974536,FALSE,FALSE,not_patient_scored
decitabine,ifosfamide,decitabine + ifosfamide,-48,-57.6,-4,-131,0,5,BR:BT-549;BR:HS 578T;BR:MCF7;BR:MDA-MB-231;BR:T-47D,0.378230901780586,FALSE,FALSE,not_patient_scored
decitabine,fludarabine,decitabine + fludarabine,-13,-14.4,25,-63,0.2,5,BR:BT-549;BR:HS 578T;BR:MCF7;BR:MDA-MB-231;BR:T-47D,0.378230901780586,FALSE,FALSE,not_patient_scored
decitabine,isotretinoin,decitabine + isotretinoin,-7,-7.6,45,-75,0.4,5,BR:BT-549;BR:HS 578T;BR:MCF7;BR:MDA-MB-231;BR:T-47D,0.378230901780586,FALSE,FALSE,not_patient_scored
decitabine,teniposide,decitabine + teniposide,22,26.2,83,-44,0.8,5,BR:BT-549;BR:HS 578T;BR:MCF7;BR:MDA-MB-231;BR:T-47D,0.896802603867509,FALSE,FALSE,not_patient_scored
decitabine,doxorubicin,decitabine + doxorubicin,-29,-16.8,19,-33,0.2,5,BR:BT-549;BR:HS 578T;BR:MCF7;BR:MDA-MB-231;BR:T-47D,0.378230901780586,FALSE,TRUE,tier_B_one_drug_patient_scored
bleomycin,decitabine,bleomycin + decitabine,-14,-8,57,-58,0.4,5,BR:BT-549;BR:HS 578T;BR:MCF7;BR:MDA-MB-231;BR:T-47D,0.378230901780586,FALSE,FALSE,not_patient_scored
decitabine,paclitaxel,decitabine + paclitaxel,-97,-76.2,115,-202,0.2,5,BR:BT-549;BR:HS 578T;BR:MCF7;BR:MDA-MB-231;BR:T-47D,0.378230901780586,FALSE,TRUE,tier_B_one_drug_patient_scored
bendamustine,decitabine,bendamustine + decitabine,-5,-8.2,14,-44,0.4,5,BR:BT-549;BR:HS 578T;BR:MCF7;BR:MDA-MB-231;BR:T-47D,0.378230901780586,FALSE,FALSE,not_patient_scored
decitabine,etoposide,decitabine + etoposide,-24,-15.6,54,-47,0.2,5,BR:BT-549;BR:HS 578T;BR:MCF7;BR:MDA-MB-231;BR:T-47D,0.378230901780586,FALSE,FALSE,not_patient_scored
decitabine,dexrazoxane,decitabine + dexrazoxane,8,15.8,51,-1,0.6,5,BR:BT-549;BR:HS 578T;BR:MCF7;BR:MDA-MB-231;BR:T-47D,0.818973769864063,FALSE,FALSE,not_patient_scored
decitabine,tamoxifen,decitabine + tamoxifen,-2,0,22,-21,0.4,5,BR:BT-549;BR:HS 578T;BR:MCF7;BR:MDA-MB-231;BR:T-47D,0.378230901780586,FALSE,FALSE,not_patient_scored
decitabine,pentostatin,decitabine + pentostatin,-42,-32.2,14,-71,0.2,5,BR:BT-549;BR:HS 578T;BR:MCF7;BR:MDA-MB-231;BR:T-47D,0.378230901780586,FALSE,FALSE,not_patient_scored
decitabine,rapamycin,decitabine + rapamycin,5,12.2,44,-1,0.6,5,BR:BT-549;BR:HS 578T;BR:MCF7;BR:MDA-MB-231;BR:T-47D,0.793030825196247,FALSE,TRUE,tier_B_one_drug_patient_scored
carboplatin,decitabine,carboplatin + decitabine,-16,-11.6,38,-45,0.2,5,BR:BT-549;BR:HS 578T;BR:MCF7;BR:MDA-MB-231;BR:T-47D,0.378230901780586,FALSE,FALSE,not_patient_scored
decitabine,valrubicin,decitabine + valrubicin,3,-22,80,-225,0.6,5,BR:BT-549;BR:HS 578T;BR:MCF7;BR:MDA-MB-231;BR:T-47D,0.775895079456251,FALSE,FALSE,not_patient_scored
decitabine,oxaliplatin,decitabine + oxaliplatin,-22.5,-1.2,174,-160,0.4,5,BR:BT-549;BR:HS 578T;BR:MCF7;BR:MDA-MB-231;BR:T-47D,0.378230901780586,FALSE,FALSE,not_patient_scored
decitabine,mitoxantrone,decitabine + mitoxantrone,-5,5,72,-55,0.4,5,BR:BT-549;BR:HS 578T;BR:MCF7;BR:MDA-MB-231;BR:T-47D,0.378230901780586,FALSE,FALSE,not_patient_scored
decitabine,temozolomide,decitabine + temozolomide,-30,-13.8,39,-42,0.2,5,BR:BT-549;BR:HS 578T;BR:MCF7;BR:MDA-MB-231;BR:T-47D,0.378230901780586,FALSE,FALSE,not_patient_scored
decitabine,imiquimod,decitabine + imiquimod,-65,-61.8,-38,-79,0,5,BR:BT-549;BR:HS 578T;BR:MCF7;BR:MDA-MB-231;BR:T-47D,0.378230901780586,FALSE,FALSE,not_patient_scored
clofarabine,decitabine,clofarabine + decitabine,-2,7.4,43,-29,0.4,5,BR:BT-549;BR:HS 578T;BR:MCF7;BR:MDA-MB-231;BR:T-47D,0.378230901780586,FALSE,FALSE,not_patient_scored
decitabine,vinorelbine,decitabine + vinorelbine,20,21.4,81,-15,0.6,5,BR:BT-549;BR:HS 578T;BR:MCF7;BR:MDA-MB-231;BR:T-47D,0.888091135362818,FALSE,FALSE,not_patient_scored
decitabine,topotecan,decitabine + topotecan,-25,-10.6,21,-39,0.4,5,BR:BT-549;BR:HS 578T;BR:MCF7;BR:MDA-MB-231;BR:T-47D,0.378230901780586,FALSE,FALSE,not_patient_scored
decitabine,gemcitabine,decitabine + gemcitabine,-9,-11.8,17,-46,0.4,5,BR:BT-549;BR:HS 578T;BR:MCF7;BR:MDA-MB-231;BR:T-47D,0.378230901780586,FALSE,TRUE,tier_B_one_drug_patient_scored
decitabine,docetaxel,decitabine + docetaxel,-73,-54.4,60,-130,0.2,5,BR:BT-549;BR:HS 578T;BR:MCF7;BR:MDA-MB-231;BR:T-47D,0.378230901780586,FALSE,TRUE,tier_B_one_drug_patient_scored
7 ethyl 10 hydroxycamptothecin,decitabine,7 ethyl 10 hydroxycamptothecin + decitabine,29,5.8,41,-55,0.6,5,BR:BT-549;BR:HS 578T;BR:MCF7;BR:MDA-MB-231;BR:T-47D,0.920830940072755,FALSE,FALSE,not_patient_scored
decitabine,nelarabine,decitabine + nelarabine,14,12.8,55,-26,0.8,5,BR:BT-549;BR:HS 578T;BR:MCF7;BR:MDA-MB-231;BR:T-47D,0.858989086731763,FALSE,FALSE,not_patient_scored
decitabine,pemetrexed,decitabine + pemetrexed,15,-7,44,-84,0.6,5,BR:BT-549;BR:HS 578T;BR:MCF7;BR:MDA-MB-231;BR:T-47D,0.864541451273215,FALSE,FALSE,not_patient_scored
decitabine,vorinostat,decitabine + vorinostat,-17,-14.8,48,-49,0.2,5,BR:BT-549;BR:HS 578T;BR:MCF7;BR:MDA-MB-231;BR:T-47D,0.378230901780586,FALSE,FALSE,not_patient_scored
capecitabine,decitabine,capecitabine + decitabine,8,-0.8,20,-27,0.6,5,BR:BT-549;BR:HS 578T;BR:MCF7;BR:MDA-MB-231;BR:T-47D,0.818973769864063,FALSE,FALSE,not_patient_scored
decitabine,exemestane,decitabine + exemestane,26,15,44,-24,0.6,5,BR:BT-549;BR:HS 578T;BR:MCF7;BR:MDA-MB-231;BR:T-47D,0.911640819452422,FALSE,FALSE,not_patient_scored
decitabine,gefitinib,decitabine + gefitinib,17,20.4,51,-2,0.6,5,BR:BT-549;BR:HS 578T;BR:MCF7;BR:MDA-MB-231;BR:T-47D,0.874114493586062,FALSE,FALSE,not_patient_scored
anastrozole,decitabine,anastrozole + decitabine,-8,-15.6,8,-43,0.4,5,BR:BT-549;BR:HS 578T;BR:MCF7;BR:MDA-MB-231;BR:T-47D,0.378230901780586,FALSE,FALSE,not_patient_scored
decitabine,letrozole,decitabine + letrozole,-3,12.4,50,-20,0.4,5,BR:BT-549;BR:HS 578T;BR:MCF7;BR:MDA-MB-231;BR:T-47D,0.378230901780586,FALSE,FALSE,not_patient_scored
celecoxib,decitabine,celecoxib + decitabine,-36,-38.4,-28,-53,0,5,BR:BT-549;BR:HS 578T;BR:MCF7;BR:MDA-MB-231;BR:T-47D,0.378230901780586,FALSE,FALSE,not_patient_scored
decitabine,zoledronate,decitabine + zoledronate,0,-7,23,-41,0.4,5,BR:BT-549;BR:HS 578T;BR:MCF7;BR:MDA-MB-231;BR:T-47D,0.378230901780586,FALSE,FALSE,not_patient_scored
dasatinib,decitabine,dasatinib + decitabine,-15,-19.2,14,-52,0.2,5,BR:BT-549;BR:HS 578T;BR:MCF7;BR:MDA-MB-231;BR:T-47D,0.378230901780586,FALSE,FALSE,not_patient_scored
decitabine,everolimus,decitabine + everolimus,-38,-33,18,-71,0.2,5,BR:BT-549;BR:HS 578T;BR:MCF7;BR:MDA-MB-231;BR:T-47D,0.378230901780586,FALSE,FALSE,not_patient_scored
decitabine,pazopanib,decitabine + pazopanib,-8,-8.4,0,-15,0,5,BR:BT-549;BR:HS 578T;BR:MCF7;BR:MDA-MB-231;BR:T-47D,0.378230901780586,FALSE,FALSE,not_patient_scored
decitabine,imatinib,decitabine + imatinib,-38,-40.2,-19,-66,0,5,BR:BT-549;BR:HS 578T;BR:MCF7;BR:MDA-MB-231;BR:T-47D,0.378230901780586,FALSE,FALSE,not_patient_scored
decitabine,lapatinib,decitabine + lapatinib,-15,-9.4,48,-42,0.2,5,BR:BT-549;BR:HS 578T;BR:MCF7;BR:MDA-MB-231;BR:T-47D,0.378230901780586,FALSE,TRUE,tier_B_one_drug_patient_scored
decitabine,nilotinib,decitabine + nilotinib,-56,-40.2,-8,-61,0,5,BR:BT-549;BR:HS 578T;BR:MCF7;BR:MDA-MB-231;BR:T-47D,0.378230901780586,FALSE,FALSE,not_patient_scored
decitabine,sorafenib,decitabine + sorafenib,7,12,55,-22,0.6,5,BR:BT-549;BR:HS 578T;BR:MCF7;BR:MDA-MB-231;BR:T-47D,0.810453762205629,FALSE,FALSE,not_patient_scored
decitabine,lenalidomide,decitabine + lenalidomide,-29,1.8,55,-37,0.4,5,BR:BT-549;BR:HS 578T;BR:MCF7;BR:MDA-MB-231;BR:T-47D,0.378230901780586,FALSE,FALSE,not_patient_scored
decitabine,raloxifene,decitabine + raloxifene,-43,-38.4,-11,-59,0,5,BR:BT-549;BR:HS 578T;BR:MCF7;BR:MDA-MB-231;BR:T-47D,0.378230901780586,FALSE,FALSE,not_patient_scored
abiraterone,decitabine,abiraterone + decitabine,6,8.4,40,-19,0.6,5,BR:BT-549;BR:HS 578T;BR:MCF7;BR:MDA-MB-231;BR:T-47D,0.802508137085966,FALSE,FALSE,not_patient_scored
decitabine,sunitinib,decitabine + sunitinib,-44,-39.8,-11,-71,0,5,BR:BT-549;BR:HS 578T;BR:MCF7;BR:MDA-MB-231;BR:T-47D,0.378230901780586,FALSE,FALSE,not_patient_scored
decitabine,vemurafenib,decitabine + vemurafenib,-6,-10.2,31,-78,0.4,5,BR:BT-549;BR:HS 578T;BR:MCF7;BR:MDA-MB-231;BR:T-47D,0.378230901780586,FALSE,FALSE,not_patient_scored
decitabine,depsipeptide,decitabine + depsipeptide,26,25.6,90,-39,0.8,5,BR:BT-549;BR:HS 578T;BR:MCF7;BR:MDA-MB-231;BR:T-47D,0.911640819452422,FALSE,FALSE,not_patient_scored
decitabine,pralatrexate,decitabine + pralatrexate,-21,-22,1,-48,0.2,5,BR:BT-549;BR:HS 578T;BR:MCF7;BR:MDA-MB-231;BR:T-47D,0.378230901780586,FALSE,FALSE,not_patient_scored
decitabine,vismodegib,decitabine + vismodegib,-22,-25.8,17,-61,0.2,5,BR:BT-549;BR:HS 578T;BR:MCF7;BR:MDA-MB-231;BR:T-47D,0.378230901780586,FALSE,FALSE,not_patient_scored
crizotinib,decitabine,crizotinib + decitabine,-3,-3.8,47,-36,0.2,5,BR:BT-549;BR:HS 578T;BR:MCF7;BR:MDA-MB-231;BR:T-47D,0.378230901780586,FALSE,FALSE,not_patient_scored
axitinib,decitabine,axitinib + decitabine,-35,-22,48,-72,0.4,5,BR:BT-549;BR:HS 578T;BR:MCF7;BR:MDA-MB-231;BR:T-47D,0.378230901780586,FALSE,FALSE,not_patient_scored
decitabine,vandetanib,decitabine + vandetanib,7,16.6,53,-4,0.6,5,BR:BT-549;BR:HS 578T;BR:MCF7;BR:MDA-MB-231;BR:T-47D,0.810453762205629,FALSE,FALSE,not_patient_scored
cabazitaxel,decitabine,cabazitaxel + decitabine,4,16.6,77,-31,0.6,5,BR:BT-549;BR:HS 578T;BR:MCF7;BR:MDA-MB-231;BR:T-47D,0.783553513306529,FALSE,FALSE,not_patient_scored
decitabine,ruxolitinib,decitabine + ruxolitinib,-23,-19.4,-2,-28,0,5,BR:BT-549;BR:HS 578T;BR:MCF7;BR:MDA-MB-231;BR:T-47D,0.378230901780586,FALSE,FALSE,not_patient_scored
6 thioguanine,bendamustine,6 thioguanine + bendamustine,-91,-78,-22,-94,0,5,BR:BT-549;BR:HS 578T;BR:MCF7;BR:MDA-MB-231;BR:T-47D,0.378230901780586,FALSE,FALSE,not_patient_scored
actinomycin d,bendamustine,actinomycin d + bendamustine,-25,-34.8,2,-81,0.2,5,BR:BT-549;BR:HS 578T;BR:MCF7;BR:MDA-MB-231;BR:T-47D,0.378230901780586,FALSE,FALSE,not_patient_scored
bendamustine,chlorambucil,bendamustine + chlorambucil,-44,-28.8,28,-55,0.2,5,BR:BT-549;BR:HS 578T;BR:MCF7;BR:MDA-MB-231;BR:T-47D,0.378230901780586,FALSE,FALSE,not_patient_scored
bendamustine,thiotepa,bendamustine + thiotepa,-43,-37.6,-10,-62,0,5,BR:BT-549;BR:HS 578T;BR:MCF7;BR:MDA-MB-231;BR:T-47D,0.378230901780586,FALSE,FALSE,not_patient_scored
bendamustine,melphalan,bendamustine + melphalan,-20,-31,-1,-72,0,5,BR:BT-549;BR:HS 578T;BR:MCF7;BR:MDA-MB-231;BR:T-47D,0.378230901780586,FALSE,FALSE,not_patient_scored
altretamine,bendamustine,altretamine + bendamustine,-69,-74.2,-32,-146,0,5,BR:BT-549;BR:HS 578T;BR:MCF7;BR:MDA-MB-231;BR:T-47D,0.378230901780586,FALSE,FALSE,not_patient_scored
5-fluorouracil,bendamustine,5-fluorouracil + bendamustine,-14,-13,1,-25,0.2,5,BR:BT-549;BR:HS 578T;BR:MCF7;BR:MDA-MB-231;BR:T-47D,0.378230901780586,TRUE,FALSE,tier_B_one_drug_patient_scored
bendamustine,mithramycin,bendamustine + mithramycin,-31,-28.6,12,-63,0.2,5,BR:BT-549;BR:HS 578T;BR:MCF7;BR:MDA-MB-231;BR:T-47D,0.378230901780586,FALSE,FALSE,not_patient_scored
bendamustine,floxuridine,bendamustine + floxuridine,-20,-38.8,-4,-84,0,5,BR:BT-549;BR:HS 578T;BR:MCF7;BR:MDA-MB-231;BR:T-47D,0.378230901780586,FALSE,FALSE,not_patient_scored
bendamustine,hydroxyurea,bendamustine + hydroxyurea,-16,-20.6,15,-69,0.2,5,BR:BT-549;BR:HS 578T;BR:MCF7;BR:MDA-MB-231;BR:T-47D,0.378230901780586,FALSE,FALSE,not_patient_scored
bendamustine,uracil mustard,bendamustine + uracil mustard,2,-8.4,30,-51,0.6,5,BR:BT-549;BR:HS 578T;BR:MCF7;BR:MDA-MB-231;BR:T-47D,0.768140915182845,FALSE,FALSE,not_patient_scored
bendamustine,mitotane,bendamustine + mitotane,-36,-28.8,-6,-44,0,5,BR:BT-549;BR:HS 578T;BR:MCF7;BR:MDA-MB-231;BR:T-47D,0.378230901780586,FALSE,FALSE,not_patient_scored
bendamustine,dacarbazine,bendamustine + dacarbazine,9,9.2,33,-17,0.8,5,BR:BT-549;BR:HS 578T;BR:MCF7;BR:MDA-MB-231;BR:T-47D,0.827685238368754,FALSE,FALSE,not_patient_scored
bendamustine,vinblastine,bendamustine + vinblastine,7,-20.4,42,-138,0.6,5,BR:BT-549;BR:HS 578T;BR:MCF7;BR:MDA-MB-231;BR:T-47D,0.810453762205629,FALSE,FALSE,not_patient_scored
bendamustine,cytarabine,bendamustine + cytarabine,-25,-14.6,23,-33,0.2,5,BR:BT-549;BR:HS 578T;BR:MCF7;BR:MDA-MB-231;BR:T-47D,0.378230901780586,FALSE,FALSE,not_patient_scored
bendamustine,vincristine,bendamustine + vincristine,-41,-45.4,-10,-84,0,5,BR:BT-549;BR:HS 578T;BR:MCF7;BR:MDA-MB-231;BR:T-47D,0.378230901780586,FALSE,FALSE,not_patient_scored
bendamustine,megestrol acetate,bendamustine + megestrol acetate,-64,-49.4,19,-129,0.4,5,BR:BT-549;BR:HS 578T;BR:MCF7;BR:MDA-MB-231;BR:T-47D,0.378230901780586,FALSE,FALSE,not_patient_scored
bendamustine,lomustine,bendamustine + lomustine,5,4,36,-31,0.8,5,BR:BT-549;BR:HS 578T;BR:MCF7;BR:MDA-MB-231;BR:T-47D,0.793030825196247,FALSE,FALSE,not_patient_scored
bendamustine,daunorubicin,bendamustine + daunorubicin,38,53.6,117,-19,0.8,5,BR:BT-549;BR:HS 578T;BR:MCF7;BR:MDA-MB-231;BR:T-47D,0.943423319931074,FALSE,FALSE,not_patient_scored
azacitidine,bendamustine,azacitidine + bendamustine,-16,-15.6,20,-63,0.4,5,BR:BT-549;BR:HS 578T;BR:MCF7;BR:MDA-MB-231;BR:T-47D,0.378230901780586,FALSE,FALSE,not_patient_scored
bendamustine,cladribine,bendamustine + cladribine,-40,-54.4,24,-148,0.2,5,BR:BT-549;BR:HS 578T;BR:MCF7;BR:MDA-MB-231;BR:T-47D,0.378230901780586,FALSE,FALSE,not_patient_scored
bendamustine,fludarabine,bendamustine + fludarabine,-29,-28.2,2,-56,0.2,5,BR:BT-549;BR:HS 578T;BR:MCF7;BR:MDA-MB-231;BR:T-47D,0.378230901780586,FALSE,FALSE,not_patient_scored
bendamustine,isotretinoin,bendamustine + isotretinoin,-40,-40.2,26,-79,0.2,5,BR:BT-549;BR:HS 578T;BR:MCF7;BR:MDA-MB-231;BR:T-47D,0.378230901780586,FALSE,FALSE,not_patient_scored
bendamustine,teniposide,bendamustine + teniposide,23,28.2,69,8,1,5,BR:BT-549;BR:HS 578T;BR:MCF7;BR:MDA-MB-231;BR:T-47D,0.901014742485162,FALSE,FALSE,not_patient_scored
bendamustine,bleomycin,bendamustine + bleomycin,11,8.8,38,-29,0.8,5,BR:BT-549;BR:HS 578T;BR:MCF7;BR:MDA-MB-231;BR:T-47D,0.841853340991767,FALSE,FALSE,not_patient_scored
bendamustine,paclitaxel,bendamustine + paclitaxel,29,20.2,78,-54,0.6,5,BR:BT-549;BR:HS 578T;BR:MCF7;BR:MDA-MB-231;BR:T-47D,0.920830940072755,FALSE,TRUE,tier_B_one_drug_patient_scored
bendamustine,etoposide,bendamustine + etoposide,0,5,54,-21,0.4,5,BR:BT-549;BR:HS 578T;BR:MCF7;BR:MDA-MB-231;BR:T-47D,0.378230901780586,FALSE,FALSE,not_patient_scored
bendamustine,dexrazoxane,bendamustine + dexrazoxane,31,41.8,70,12,1,5,BR:BT-549;BR:HS 578T;BR:MCF7;BR:MDA-MB-231;BR:T-47D,0.926287574191078,FALSE,FALSE,not_patient_scored
bendamustine,tamoxifen,bendamustine + tamoxifen,-11,-9.8,14,-38,0.4,5,BR:BT-549;BR:HS 578T;BR:MCF7;BR:MDA-MB-231;BR:T-47D,0.378230901780586,FALSE,FALSE,not_patient_scored
bendamustine,carboplatin,bendamustine + carboplatin,-20,-24,5,-79,0.4,5,BR:BT-549;BR:HS 578T;BR:MCF7;BR:MDA-MB-231;BR:T-47D,0.378230901780586,FALSE,FALSE,not_patient_scored
bendamustine,valrubicin,bendamustine + valrubicin,-7,7,84,-42,0.25,4,BR:BT-549;BR:HS 578T;BR:MCF7;BR:MDA-MB-231,0.378230901780586,FALSE,FALSE,not_patient_scored
bendamustine,mitoxantrone,bendamustine + mitoxantrone,-91,-95.6,-83,-115,0,5,BR:BT-549;BR:HS 578T;BR:MCF7;BR:MDA-MB-231;BR:T-47D,0.378230901780586,FALSE,FALSE,not_patient_scored
bendamustine,temozolomide,bendamustine + temozolomide,-34,-42.8,-19,-87,0,5,BR:BT-549;BR:HS 578T;BR:MCF7;BR:MDA-MB-231;BR:T-47D,0.378230901780586,FALSE,FALSE,not_patient_scored
bendamustine,vinorelbine,bendamustine + vinorelbine,-7,-16.4,37,-68,0.4,5,BR:BT-549;BR:HS 578T;BR:MCF7;BR:MDA-MB-231;BR:T-47D,0.378230901780586,FALSE,FALSE,not_patient_scored
bendamustine,docetaxel,bendamustine + docetaxel,-3,-14,31,-91,0.4,5,BR:BT-549;BR:HS 578T;BR:MCF7;BR:MDA-MB-231;BR:T-47D,0.378230901780586,FALSE,TRUE,tier_B_one_drug_patient_scored
7 ethyl 10 hydroxycamptothecin,bendamustine,7 ethyl 10 hydroxycamptothecin + bendamustine,-3,-8,22,-58,0.4,5,BR:BT-549;BR:HS 578T;BR:MCF7;BR:MDA-MB-231;BR:T-47D,0.378230901780586,FALSE,FALSE,not_patient_scored
bendamustine,pemetrexed,bendamustine + pemetrexed,11,-9.4,43,-57,0.6,5,BR:BT-549;BR:HS 578T;BR:MCF7;BR:MDA-MB-231;BR:T-47D,0.841853340991767,FALSE,FALSE,not_patient_scored
bendamustine,vorinostat,bendamustine + vorinostat,-9,-9,1,-24,0.4,5,BR:BT-549;BR:HS 578T;BR:MCF7;BR:MDA-MB-231;BR:T-47D,0.378230901780586,FALSE,FALSE,not_patient_scored
bendamustine,exemestane,bendamustine + exemestane,-4,-7.2,26,-50,0.2,5,BR:BT-549;BR:HS 578T;BR:MCF7;BR:MDA-MB-231;BR:T-47D,0.378230901780586,FALSE,FALSE,not_patient_scored
bendamustine,gefitinib,bendamustine + gefitinib,15,12.4,43,-14,0.6,5,BR:BT-549;BR:HS 578T;BR:MCF7;BR:MDA-MB-231;BR:T-47D,0.864541451273215,FALSE,FALSE,not_patient_scored
bendamustine,letrozole,bendamustine + letrozole,-42,-70.4,-29,-171,0,5,BR:BT-549;BR:HS 578T;BR:MCF7;BR:MDA-MB-231;BR:T-47D,0.378230901780586,FALSE,FALSE,not_patient_scored
bendamustine,celecoxib,bendamustine + celecoxib,-34,-54.6,-27,-123,0,5,BR:BT-549;BR:HS 578T;BR:MCF7;BR:MDA-MB-231;BR:T-47D,0.378230901780586,FALSE,FALSE,not_patient_scored
bendamustine,zoledronate,bendamustine + zoledronate,-4,-16.8,5,-63,0.2,5,BR:BT-549;BR:HS 578T;BR:MCF7;BR:MDA-MB-231;BR:T-47D,0.378230901780586,FALSE,FALSE,not_patient_scored
bendamustine,dasatinib,bendamustine + dasatinib,16,12,53,-24,0.6,5,BR:BT-549;BR:HS 578T;BR:MCF7;BR:MDA-MB-231;BR:T-47D,0.869519433275895,FALSE,FALSE,not_patient_scored
bendamustine,everolimus,bendamustine + everolimus,-13,-15.6,-1,-45,0,5,BR:BT-549;BR:HS 578T;BR:MCF7;BR:MDA-MB-231;BR:T-47D,0.378230901780586,FALSE,FALSE,not_patient_scored
bendamustine,pazopanib,bendamustine + pazopanib,5,2.6,22,-27,0.8,5,BR:BT-549;BR:HS 578T;BR:MCF7;BR:MDA-MB-231;BR:T-47D,0.793030825196247,FALSE,FALSE,not_patient_scored
bendamustine,imatinib,bendamustine + imatinib,-53,-51.2,-21,-73,0,5,BR:BT-549;BR:HS 578T;BR:MCF7;BR:MDA-MB-231;BR:T-47D,0.378230901780586,FALSE,FALSE,not_patient_scored
bendamustine,lapatinib,bendamustine + lapatinib,-23,-36.8,-4,-86,0,5,BR:BT-549;BR:HS 578T;BR:MCF7;BR:MDA-MB-231;BR:T-47D,0.378230901780586,FALSE,TRUE,tier_B_one_drug_patient_scored
bendamustine,sorafenib,bendamustine + sorafenib,-17,-21.4,-7,-45,0,5,BR:BT-549;BR:HS 578T;BR:MCF7;BR:MDA-MB-231;BR:T-47D,0.378230901780586,FALSE,FALSE,not_patient_scored
bendamustine,lenalidomide,bendamustine + lenalidomide,-17,-13,12,-43,0.4,5,BR:BT-549;BR:HS 578T;BR:MCF7;BR:MDA-MB-231;BR:T-47D,0.378230901780586,FALSE,FALSE,not_patient_scored
bendamustine,raloxifene,bendamustine + raloxifene,9,17.8,65,-4,0.6,5,BR:BT-549;BR:HS 578T;BR:MCF7;BR:MDA-MB-231;BR:T-47D,0.827685238368754,FALSE,FALSE,not_patient_scored
abiraterone,bendamustine,abiraterone + bendamustine,-5,-4.2,16,-31,0.4,5,BR:BT-549;BR:HS 578T;BR:MCF7;BR:MDA-MB-231;BR:T-47D,0.378230901780586,FALSE,FALSE,not_patient_scored
bendamustine,sunitinib,bendamustine + sunitinib,-40,-40.8,7,-97,0.2,5,BR:BT-549;BR:HS 578T;BR:MCF7;BR:MDA-MB-231;BR:T-47D,0.378230901780586,FALSE,FALSE,not_patient_scored
bendamustine,vemurafenib,bendamustine + vemurafenib,14,10,33,-32,0.8,5,BR:BT-549;BR:HS 578T;BR:MCF7;BR:MDA-MB-231;BR:T-47D,0.858989086731763,FALSE,FALSE,not_patient_scored
bendamustine,depsipeptide,bendamustine + depsipeptide,13,-1.6,37,-60,0.6,5,BR:BT-549;BR:HS 578T;BR:MCF7;BR:MDA-MB-231;BR:T-47D,0.852766609228413,FALSE,FALSE,not_patient_scored
bendamustine,vismodegib,bendamustine + vismodegib,6,2.8,43,-45,0.6,5,BR:BT-549;BR:HS 578T;BR:MCF7;BR:MDA-MB-231;BR:T-47D,0.802508137085966,FALSE,FALSE,not_patient_scored
bendamustine,crizotinib,bendamustine + crizotinib,-9,-15.2,15,-55,0.4,5,BR:BT-549;BR:HS 578T;BR:MCF7;BR:MDA-MB-231;BR:T-47D,0.378230901780586,FALSE,FALSE,not_patient_scored
axitinib,bendamustine,axitinib + bendamustine,19,9.6,30,-29,0.6,5,BR:BT-549;BR:HS 578T;BR:MCF7;BR:MDA-MB-231;BR:T-47D,0.883974727168294,FALSE,FALSE,not_patient_scored
bendamustine,vandetanib,bendamustine + vandetanib,19,18,43,-20,0.8,5,BR:BT-549;BR:HS 578T;BR:MCF7;BR:MDA-MB-231;BR:T-47D,0.883974727168294,FALSE,FALSE,not_patient_scored
bendamustine,cabazitaxel,bendamustine + cabazitaxel,13,18.2,34,6,1,5,BR:BT-549;BR:HS 578T;BR:MCF7;BR:MDA-MB-231;BR:T-47D,0.852766609228413,FALSE,FALSE,not_patient_scored
bendamustine,ruxolitinib,bendamustine + ruxolitinib,0,0.4,39,-40,0.4,5,BR:BT-549;BR:HS 578T;BR:MCF7;BR:MDA-MB-231;BR:T-47D,0.378230901780586,FALSE,FALSE,not_patient_scored
etoposide,triethylenemelamine,etoposide + triethylenemelamine,-13,-39.6,25,-128,0.4,5,BR:BT-549;BR:HS 578T;BR:MCF7;BR:MDA-MB-231;BR:T-47D,0.378230901780586,FALSE,FALSE,not_patient_scored
doxorubicin,etoposide,doxorubicin + etoposide,41,53.4,114,-6,0.8,5,BR:BT-549;BR:HS 578T;BR:MCF7;BR:MDA-MB-231;BR:T-47D,0.947635458548727,TRUE,FALSE,tier_B_one_drug_patient_scored
dexrazoxane,etoposide,dexrazoxane + etoposide,-2,-13.6,34,-79,0.2,5,BR:BT-549;BR:HS 578T;BR:MCF7;BR:MDA-MB-231;BR:T-47D,0.378230901780586,FALSE,FALSE,not_patient_scored
etoposide,mitoxantrone,etoposide + mitoxantrone,4,9,86,-46,0.6,5,BR:BT-549;BR:HS 578T;BR:MCF7;BR:MDA-MB-231;BR:T-47D,0.783553513306529,FALSE,FALSE,not_patient_scored
etoposide,vinorelbine,etoposide + vinorelbine,-50,-55.5,-42,-80,0,4,BR:BT-549;BR:MCF7;BR:MDA-MB-231;BR:T-47D,0.378230901780586,FALSE,FALSE,not_patient_scored
etoposide,pemetrexed,etoposide + pemetrexed,-57,-48.2,24,-83,0.2,5,BR:BT-549;BR:HS 578T;BR:MCF7;BR:MDA-MB-231;BR:T-47D,0.378230901780586,FALSE,FALSE,not_patient_scored
etoposide,exemestane,etoposide + exemestane,-33,-12.8,49,-43,0.4,5,BR:BT-549;BR:HS 578T;BR:MCF7;BR:MDA-MB-231;BR:T-47D,0.378230901780586,FALSE,FALSE,not_patient_scored
etoposide,gefitinib,etoposide + gefitinib,13,15.2,40,-10,0.6,5,BR:BT-549;BR:HS 578T;BR:MCF7;BR:MDA-MB-231;BR:T-47D,0.852766609228413,FALSE,FALSE,not_patient_scored
etoposide,pazopanib,etoposide + pazopanib,-15,-15.6,-3,-28,0,5,BR:BT-549;BR:HS 578T;BR:MCF7;BR:MDA-MB-231;BR:T-47D,0.378230901780586,FALSE,FALSE,not_patient_scored
etoposide,lenalidomide,etoposide + lenalidomide,-2,-6.6,15,-25,0.2,5,BR:BT-549;BR:HS 578T;BR:MCF7;BR:MDA-MB-231;BR:T-47D,0.378230901780586,FALSE,FALSE,not_patient_scored
etoposide,raloxifene,etoposide + raloxifene,-21,-23,-4,-43,0,5,BR:BT-549;BR:HS 578T;BR:MCF7;BR:MDA-MB-231;BR:T-47D,0.378230901780586,FALSE,FALSE,not_patient_scored
abiraterone,etoposide,abiraterone + etoposide,-9,-8.6,25,-27,0.2,5,BR:BT-549;BR:HS 578T;BR:MCF7;BR:MDA-MB-231;BR:T-47D,0.378230901780586,FALSE,FALSE,not_patient_scored
etoposide,vemurafenib,etoposide + vemurafenib,-28,-37.6,4,-91,0.1,5,BR:BT-549;BR:HS 578T;BR:MCF7;BR:MDA-MB-231;BR:T-47D,0.378230901780586,FALSE,FALSE,not_patient_scored
etoposide,vismodegib,etoposide + vismodegib,13,6.8,24,-20,0.8,5,BR:BT-549;BR:HS 578T;BR:MCF7;BR:MDA-MB-231;BR:T-47D,0.852766609228413,FALSE,FALSE,not_patient_scored
crizotinib,etoposide,crizotinib + etoposide,-31,-38.1,1,-108,0.1,5,BR:BT-549;BR:HS 578T;BR:MCF7;BR:MDA-MB-231;BR:T-47D,0.378230901780586,FALSE,FALSE,not_patient_scored
axitinib,etoposide,axitinib + etoposide,-22,-31.2,-6,-68,0,5,BR:BT-549;BR:HS 578T;BR:MCF7;BR:MDA-MB-231;BR:T-47D,0.378230901780586,FALSE,FALSE,not_patient_scored
etoposide,vandetanib,etoposide + vandetanib,-1,-3.2,20,-20,0.4,5,BR:BT-549;BR:HS 578T;BR:MCF7;BR:MDA-MB-231;BR:T-47D,0.378230901780586,FALSE,FALSE,not_patient_scored
cabazitaxel,etoposide,cabazitaxel + etoposide,-97.5,-88,-41,-116,0,4,BR:BT-549;BR:MCF7;BR:MDA-MB-231;BR:T-47D,0.378230901780586,FALSE,FALSE,not_patient_scored
etoposide,ruxolitinib,etoposide + ruxolitinib,-25,-26.2,-12,-48,0,5,BR:BT-549;BR:HS 578T;BR:MCF7;BR:MDA-MB-231;BR:T-47D,0.378230901780586,FALSE,FALSE,not_patient_scored
dexrazoxane,triethylenemelamine,dexrazoxane + triethylenemelamine,-19,-14.6,4,-25,0.2,5,BR:BT-549;BR:HS 578T;BR:MCF7;BR:MDA-MB-231;BR:T-47D,0.378230901780586,FALSE,FALSE,not_patient_scored
dexrazoxane,doxorubicin,dexrazoxane + doxorubicin,21,24.4,57,3,1,5,BR:BT-549;BR:HS 578T;BR:MCF7;BR:MDA-MB-231;BR:T-47D,0.892111813134214,FALSE,TRUE,tier_B_one_drug_patient_scored
dexrazoxane,mitoxantrone,dexrazoxane + mitoxantrone,-30,-35.6,-8,-75,0,5,BR:BT-549;BR:HS 578T;BR:MCF7;BR:MDA-MB-231;BR:T-47D,0.378230901780586,FALSE,FALSE,not_patient_scored
dexrazoxane,vinorelbine,dexrazoxane + vinorelbine,-28,-16.6,18,-47,0.4,5,BR:BT-549;BR:HS 578T;BR:MCF7;BR:MDA-MB-231;BR:T-47D,0.378230901780586,FALSE,FALSE,not_patient_scored
dexrazoxane,pemetrexed,dexrazoxane + pemetrexed,-46,-55.8,-18,-100,0,5,BR:BT-549;BR:HS 578T;BR:MCF7;BR:MDA-MB-231;BR:T-47D,0.378230901780586,FALSE,FALSE,not_patient_scored
dexrazoxane,exemestane,dexrazoxane + exemestane,-26,-41.8,7,-107,0.2,5,BR:BT-549;BR:HS 578T;BR:MCF7;BR:MDA-MB-231;BR:T-47D,0.378230901780586,FALSE,FALSE,not_patient_scored
dexrazoxane,gefitinib,dexrazoxane + gefitinib,-15,-17,21,-52,0.2,5,BR:BT-549;BR:HS 578T;BR:MCF7;BR:MDA-MB-231;BR:T-47D,0.378230901780586,FALSE,FALSE,not_patient_scored
dexrazoxane,pazopanib,dexrazoxane + pazopanib,4,14.2,67,-8,0.6,5,BR:BT-549;BR:HS 578T;BR:MCF7;BR:MDA-MB-231;BR:T-47D,0.783553513306529,FALSE,FALSE,not_patient_scored
dexrazoxane,lenalidomide,dexrazoxane + lenalidomide,-3,4.4,45,-12,0.4,5,BR:BT-549;BR:HS 578T;BR:MCF7;BR:MDA-MB-231;BR:T-47D,0.378230901780586,FALSE,FALSE,not_patient_scored
dexrazoxane,raloxifene,dexrazoxane + raloxifene,-37,-68,-23,-157,0,5,BR:BT-549;BR:HS 578T;BR:MCF7;BR:MDA-MB-231;BR:T-47D,0.378230901780586,FALSE,FALSE,not_patient_scored
abiraterone,dexrazoxane,abiraterone + dexrazoxane,4,15.8,61,-27,0.6,5,BR:BT-549;BR:HS 578T;BR:MCF7;BR:MDA-MB-231;BR:T-47D,0.783553513306529,FALSE,FALSE,not_patient_scored
dexrazoxane,vemurafenib,dexrazoxane + vemurafenib,5,0.4,51,-45,0.5,5,BR:BT-549;BR:HS 578T;BR:MCF7;BR:MDA-MB-231;BR:T-47D,0.793030825196247,FALSE,FALSE,not_patient_scored
dexrazoxane,vismodegib,dexrazoxane + vismodegib,-28,-41.8,-15,-118,0,5,BR:BT-549;BR:HS 578T;BR:MCF7;BR:MDA-MB-231;BR:T-47D,0.378230901780586,FALSE,FALSE,not_patient_scored
crizotinib,dexrazoxane,crizotinib + dexrazoxane,-14.5,-8.9,44,-31,0.2,5,BR:BT-549;BR:HS 578T;BR:MCF7;BR:MDA-MB-231;BR:T-47D,0.378230901780586,FALSE,FALSE,not_patient_scored
axitinib,dexrazoxane,axitinib + dexrazoxane,-4,-6.6,43,-72,0.4,5,BR:BT-549;BR:HS 578T;BR:MCF7;BR:MDA-MB-231;BR:T-47D,0.378230901780586,FALSE,FALSE,not_patient_scored
dexrazoxane,vandetanib,dexrazoxane + vandetanib,11,6,37,-24,0.6,5,BR:BT-549;BR:HS 578T;BR:MCF7;BR:MDA-MB-231;BR:T-47D,0.841853340991767,FALSE,FALSE,not_patient_scored
cabazitaxel,dexrazoxane,cabazitaxel + dexrazoxane,10,0.4,25,-39,0.6,5,BR:BT-549;BR:HS 578T;BR:MCF7;BR:MDA-MB-231;BR:T-47D,0.835343672219031,FALSE,FALSE,not_patient_scored
dexrazoxane,ruxolitinib,dexrazoxane + ruxolitinib,-15,-8.8,13,-29,0.4,5,BR:BT-549;BR:HS 578T;BR:MCF7;BR:MDA-MB-231;BR:T-47D,0.378230901780586,FALSE,FALSE,not_patient_scored
methotrexate,tamoxifen,methotrexate + tamoxifen,-60,-57,8,-115,0.2,5,BR:BT-549;BR:HS 578T;BR:MCF7;BR:MDA-MB-231;BR:T-47D,0.378230901780586,FALSE,FALSE,not_patient_scored
6 thioguanine,tamoxifen,6 thioguanine + tamoxifen,-16,-29,5,-90,0.2,5,BR:BT-549;BR:HS 578T;BR:MCF7;BR:MDA-MB-231;BR:T-47D,0.378230901780586,FALSE,FALSE,not_patient_scored
actinomycin d,tamoxifen,actinomycin d + tamoxifen,230,240.333333333333,408,83,1,3,BR:BT-549;BR:MCF7;BR:MDA-MB-231,0.998372582806816,FALSE,FALSE,not_patient_scored
chlorambucil,tamoxifen,chlorambucil + tamoxifen,-27,-28.2,6,-67,0.2,5,BR:BT-549;BR:HS 578T;BR:MCF7;BR:MDA-MB-231;BR:T-47D,0.378230901780586,FALSE,FALSE,not_patient_scored
tamoxifen,thiotepa,tamoxifen + thiotepa,3,0.2,32,-45,0.6,5,BR:BT-549;BR:HS 578T;BR:MCF7;BR:MDA-MB-231;BR:T-47D,0.775895079456251,FALSE,FALSE,not_patient_scored
melphalan,tamoxifen,melphalan + tamoxifen,-29,-24,32,-82,0.2,5,BR:BT-549;BR:HS 578T;BR:MCF7;BR:MDA-MB-231;BR:T-47D,0.378230901780586,FALSE,FALSE,not_patient_scored
altretamine,tamoxifen,altretamine + tamoxifen,-67,-66.4,-36,-117,0,5,BR:BT-549;BR:HS 578T;BR:MCF7;BR:MDA-MB-231;BR:T-47D,0.378230901780586,FALSE,FALSE,not_patient_scored
5-fluorouracil,tamoxifen,5-fluorouracil + tamoxifen,-12,-11.6,23,-48,0.4,5,BR:BT-549;BR:HS 578T;BR:MCF7;BR:MDA-MB-231;BR:T-47D,0.378230901780586,TRUE,FALSE,tier_B_one_drug_patient_scored
floxuridine,tamoxifen,floxuridine + tamoxifen,0,-6.6,48,-84,0.4,5,BR:BT-549;BR:HS 578T;BR:MCF7;BR:MDA-MB-231;BR:T-47D,0.378230901780586,FALSE,FALSE,not_patient_scored
tamoxifen,uracil mustard,tamoxifen + uracil mustard,-39,-35.8,-12,-50,0,5,BR:BT-549;BR:HS 578T;BR:MCF7;BR:MDA-MB-231;BR:T-47D,0.378230901780586,FALSE,FALSE,not_patient_scored
dacarbazine,tamoxifen,dacarbazine + tamoxifen,-44,-38.6,0,-61,0,5,BR:BT-549;BR:HS 578T;BR:MCF7;BR:MDA-MB-231;BR:T-47D,0.378230901780586,FALSE,FALSE,not_patient_scored
cytarabine,tamoxifen,cytarabine + tamoxifen,10,-6.8,19,-58,0.6,5,BR:BT-549;BR:HS 578T;BR:MCF7;BR:MDA-MB-231;BR:T-47D,0.835343672219031,FALSE,FALSE,not_patient_scored
tamoxifen,vincristine,tamoxifen + vincristine,5,29.6,127,-14,0.8,5,BR:BT-549;BR:HS 578T;BR:MCF7;BR:MDA-MB-231;BR:T-47D,0.793030825196247,FALSE,FALSE,not_patient_scored
megestrol acetate,tamoxifen,megestrol acetate + tamoxifen,-87,-89.6,-21,-186,0,5,BR:BT-549;BR:HS 578T;BR:MCF7;BR:MDA-MB-231;BR:T-47D,0.378230901780586,FALSE,FALSE,not_patient_scored
lomustine,tamoxifen,lomustine + tamoxifen,-5,-5.4,19,-36,0.4,5,BR:BT-549;BR:HS 578T;BR:MCF7;BR:MDA-MB-231;BR:T-47D,0.378230901780586,FALSE,FALSE,not_patient_scored
daunorubicin,tamoxifen,daunorubicin + tamoxifen,54,49.6,80,4,1,5,BR:BT-549;BR:HS 578T;BR:MCF7;BR:MDA-MB-231;BR:T-47D,0.966973004020678,FALSE,FALSE,not_patient_scored
cladribine,tamoxifen,cladribine + tamoxifen,-5,-4.8,4,-13,0.2,5,BR:BT-549;BR:HS 578T;BR:MCF7;BR:MDA-MB-231;BR:T-47D,0.378230901780586,FALSE,FALSE,not_patient_scored
fludarabine,tamoxifen,fludarabine + tamoxifen,-20,-8.8,45,-30,0.2,5,BR:BT-549;BR:HS 578T;BR:MCF7;BR:MDA-MB-231;BR:T-47D,0.378230901780586,FALSE,FALSE,not_patient_scored
isotretinoin,tamoxifen,isotretinoin + tamoxifen,-41,-52.8,-4,-142,0,5,BR:BT-549;BR:HS 578T;BR:MCF7;BR:MDA-MB-231;BR:T-47D,0.378230901780586,FALSE,FALSE,not_patient_scored
tamoxifen,teniposide,tamoxifen + teniposide,6,10.2,44,-6,0.6,5,BR:BT-549;BR:HS 578T;BR:MCF7;BR:MDA-MB-231;BR:T-47D,0.802508137085966,FALSE,FALSE,not_patient_scored
etoposide,tamoxifen,etoposide + tamoxifen,-39,-30.6,-8,-53,0,5,BR:BT-549;BR:HS 578T;BR:MCF7;BR:MDA-MB-231;BR:T-47D,0.378230901780586,FALSE,FALSE,not_patient_scored
dexrazoxane,tamoxifen,dexrazoxane + tamoxifen,3,4.6,35,-23,0.6,5,BR:BT-549;BR:HS 578T;BR:MCF7;BR:MDA-MB-231;BR:T-47D,0.775895079456251,FALSE,FALSE,not_patient_scored
mitoxantrone,tamoxifen,mitoxantrone + tamoxifen,54,54.8,84,28,1,5,BR:BT-549;BR:HS 578T;BR:MCF7;BR:MDA-MB-231;BR:T-47D,0.966973004020678,FALSE,FALSE,not_patient_scored
tamoxifen,vinorelbine,tamoxifen + vinorelbine,102,105.6,202,26,1,5,BR:BT-549;BR:HS 578T;BR:MCF7;BR:MDA-MB-231;BR:T-47D,0.991097070649052,FALSE,FALSE,not_patient_scored
pemetrexed,tamoxifen,pemetrexed + tamoxifen,3,11.4,87,-36,0.6,5,BR:BT-549;BR:HS 578T;BR:MCF7;BR:MDA-MB-231;BR:T-47D,0.775895079456251,FALSE,FALSE,not_patient_scored
exemestane,tamoxifen,exemestane + tamoxifen,-13,2.2,34,-20,0.4,5,BR:BT-549;BR:HS 578T;BR:MCF7;BR:MDA-MB-231;BR:T-47D,0.378230901780586,FALSE,FALSE,not_patient_scored
gefitinib,tamoxifen,gefitinib + tamoxifen,17,26,87,-15,0.8,5,BR:BT-549;BR:HS 578T;BR:MCF7;BR:MDA-MB-231;BR:T-47D,0.874114493586062,FALSE,FALSE,not_patient_scored
letrozole,tamoxifen,letrozole + tamoxifen,-37,-46.8,-31,-86,0,5,BR:BT-549;BR:HS 578T;BR:MCF7;BR:MDA-MB-231;BR:T-47D,0.378230901780586,FALSE,FALSE,not_patient_scored
celecoxib,tamoxifen,celecoxib + tamoxifen,-42,-19.8,49,-45,0.2,5,BR:BT-549;BR:HS 578T;BR:MCF7;BR:MDA-MB-231;BR:T-47D,0.378230901780586,FALSE,FALSE,not_patient_scored
pazopanib,tamoxifen,pazopanib + tamoxifen,18,7.4,24,-39,0.8,5,BR:BT-549;BR:HS 578T;BR:MCF7;BR:MDA-MB-231;BR:T-47D,0.878996745165614,FALSE,FALSE,not_patient_scored
lenalidomide,tamoxifen,lenalidomide + tamoxifen,2,-10.8,25,-56,0.6,5,BR:BT-549;BR:HS 578T;BR:MCF7;BR:MDA-MB-231;BR:T-47D,0.768140915182845,FALSE,FALSE,not_patient_scored
raloxifene,tamoxifen,raloxifene + tamoxifen,-31,-29.6,-13,-49,0,5,BR:BT-549;BR:HS 578T;BR:MCF7;BR:MDA-MB-231;BR:T-47D,0.378230901780586,FALSE,FALSE,not_patient_scored
abiraterone,tamoxifen,abiraterone + tamoxifen,-3,7.4,49,-10,0.4,5,BR:BT-549;BR:HS 578T;BR:MCF7;BR:MDA-MB-231;BR:T-47D,0.378230901780586,FALSE,FALSE,not_patient_scored
tamoxifen,vemurafenib,tamoxifen + vemurafenib,-1,6.6,49,-31,0.4,5,BR:BT-549;BR:HS 578T;BR:MCF7;BR:MDA-MB-231;BR:T-47D,0.378230901780586,FALSE,FALSE,not_patient_scored
tamoxifen,vismodegib,tamoxifen + vismodegib,17,24,62,-15,0.6,5,BR:BT-549;BR:HS 578T;BR:MCF7;BR:MDA-MB-231;BR:T-47D,0.874114493586062,FALSE,FALSE,not_patient_scored
crizotinib,tamoxifen,crizotinib + tamoxifen,11,8.2,48,-29,0.6,5,BR:BT-549;BR:HS 578T;BR:MCF7;BR:MDA-MB-231;BR:T-47D,0.841853340991767,FALSE,FALSE,not_patient_scored
axitinib,tamoxifen,axitinib + tamoxifen,-5,1.8,33,-30,0.4,5,BR:BT-549;BR:HS 578T;BR:MCF7;BR:MDA-MB-231;BR:T-47D,0.378230901780586,FALSE,FALSE,not_patient_scored
tamoxifen,vandetanib,tamoxifen + vandetanib,25,19.8,41,-5,0.8,5,BR:BT-549;BR:HS 578T;BR:MCF7;BR:MDA-MB-231;BR:T-47D,0.908673176335439,FALSE,FALSE,not_patient_scored
cabazitaxel,tamoxifen,cabazitaxel + tamoxifen,95,83.6,108,31,1,5,BR:BT-549;BR:HS 578T;BR:MCF7;BR:MDA-MB-231;BR:T-47D,0.988703810070841,FALSE,FALSE,not_patient_scored
ruxolitinib,tamoxifen,ruxolitinib + tamoxifen,2,-4.6,42,-57,0.6,5,BR:BT-549;BR:HS 578T;BR:MCF7;BR:MDA-MB-231;BR:T-47D,0.768140915182845,FALSE,FALSE,not_patient_scored
methotrexate,pentostatin,methotrexate + pentostatin,-30,-28.4,23,-77,0.2,5,BR:BT-549;BR:HS 578T;BR:MCF7;BR:MDA-MB-231;BR:T-47D,0.378230901780586,FALSE,FALSE,not_patient_scored
busulfan,pentostatin,busulfan + pentostatin,-32,-21.8,36,-50,0.2,5,BR:BT-549;BR:HS 578T;BR:MCF7;BR:MDA-MB-231;BR:T-47D,0.378230901780586,FALSE,FALSE,not_patient_scored
6 thioguanine,pentostatin,6 thioguanine + pentostatin,-27,-23.4,49,-75,0.2,5,BR:BT-549;BR:HS 578T;BR:MCF7;BR:MDA-MB-231;BR:T-47D,0.378230901780586,FALSE,FALSE,not_patient_scored
6 mercaptopurine,pentostatin,6 mercaptopurine + pentostatin,8,21.4,84,-25,0.8,5,BR:BT-549;BR:HS 578T;BR:MCF7;BR:MDA-MB-231;BR:T-47D,0.818973769864063,FALSE,FALSE,not_patient_scored
nitrogen mustard,pentostatin,nitrogen mustard + pentostatin,-26,-3.8,67,-40,0.4,5,BR:BT-549;BR:HS 578T;BR:MCF7;BR:MDA-MB-231;BR:T-47D,0.378230901780586,FALSE,FALSE,not_patient_scored
allopurinol,pentostatin,allopurinol + pentostatin,-43,-40.6,-3,-67,0,5,BR:BT-549;BR:HS 578T;BR:MCF7;BR:MDA-MB-231;BR:T-47D,0.378230901780586,FALSE,FALSE,not_patient_scored
actinomycin d,pentostatin,actinomycin d + pentostatin,-56,-40.6,94,-137,0.2,5,BR:BT-549;BR:HS 578T;BR:MCF7;BR:MDA-MB-231;BR:T-47D,0.378230901780586,FALSE,FALSE,not_patient_scored
chlorambucil,pentostatin,chlorambucil + pentostatin,-4,-11,17,-45,0.2,5,BR:BT-549;BR:HS 578T;BR:MCF7;BR:MDA-MB-231;BR:T-47D,0.378230901780586,FALSE,FALSE,not_patient_scored
pentostatin,thiotepa,pentostatin + thiotepa,-18,6.2,71,-31,0.4,5,BR:BT-549;BR:HS 578T;BR:MCF7;BR:MDA-MB-231;BR:T-47D,0.378230901780586,FALSE,FALSE,not_patient_scored
melphalan,pentostatin,melphalan + pentostatin,15,-5,40,-64,0.6,5,BR:BT-549;BR:HS 578T;BR:MCF7;BR:MDA-MB-231;BR:T-47D,0.864541451273215,FALSE,FALSE,not_patient_scored
pentostatin,triethylenemelamine,pentostatin + triethylenemelamine,21,24.2,70,-15,0.8,5,BR:BT-549;BR:HS 578T;BR:MCF7;BR:MDA-MB-231;BR:T-47D,0.892111813134214,FALSE,FALSE,not_patient_scored
altretamine,pentostatin,altretamine + pentostatin,-61,-69.8,-38,-137,0,5,BR:BT-549;BR:HS 578T;BR:MCF7;BR:MDA-MB-231;BR:T-47D,0.378230901780586,FALSE,FALSE,not_patient_scored
acrichine,pentostatin,acrichine + pentostatin,-38,-37.25,-21,-52,0,4,BR:BT-549;BR:MCF7;BR:MDA-MB-231;BR:T-47D,0.378230901780586,FALSE,FALSE,not_patient_scored
aminolevulinic acid,pentostatin,aminolevulinic acid + pentostatin,14,1.2,71,-56,0.6,5,BR:BT-549;BR:HS 578T;BR:MCF7;BR:MDA-MB-231;BR:T-47D,0.858989086731763,FALSE,FALSE,not_patient_scored
5-fluorouracil,pentostatin,5-fluorouracil + pentostatin,20,22.4,56,-4,0.6,5,BR:BT-549;BR:HS 578T;BR:MCF7;BR:MDA-MB-231;BR:T-47D,0.888091135362818,TRUE,FALSE,tier_B_one_drug_patient_scored
mithramycin,pentostatin,mithramycin + pentostatin,-38,-42.8,-6,-82,0,5,BR:BT-549;BR:HS 578T;BR:MCF7;BR:MDA-MB-231;BR:T-47D,0.378230901780586,FALSE,FALSE,not_patient_scored
pentostatin,pipobroman,pentostatin + pipobroman,8,4.4,39,-38,0.6,5,BR:BT-549;BR:HS 578T;BR:MCF7;BR:MDA-MB-231;BR:T-47D,0.818973769864063,FALSE,FALSE,not_patient_scored
cyclophosphamide,pentostatin,cyclophosphamide + pentostatin,9,-24.2,85,-240,0.6,5,BR:BT-549;BR:HS 578T;BR:MCF7;BR:MDA-MB-231;BR:T-47D,0.827685238368754,FALSE,FALSE,not_patient_scored
mitomycin,pentostatin,mitomycin + pentostatin,-10,-59.8,10,-206,0.2,5,BR:BT-549;BR:HS 578T;BR:MCF7;BR:MDA-MB-231;BR:T-47D,0.378230901780586,FALSE,FALSE,not_patient_scored
floxuridine,pentostatin,floxuridine + pentostatin,-4,-4,34,-42,0.4,5,BR:BT-549;BR:HS 578T;BR:MCF7;BR:MDA-MB-231;BR:T-47D,0.378230901780586,FALSE,FALSE,not_patient_scored
hydroxyurea,pentostatin,hydroxyurea + pentostatin,-19,-10.8,59,-61,0.2,5,BR:BT-549;BR:HS 578T;BR:MCF7;BR:MDA-MB-231;BR:T-47D,0.378230901780586,FALSE,FALSE,not_patient_scored
pentostatin,uracil mustard,pentostatin + uracil mustard,-40,-33,-6,-50,0,5,BR:BT-549;BR:HS 578T;BR:MCF7;BR:MDA-MB-231;BR:T-47D,0.378230901780586,FALSE,FALSE,not_patient_scored
mitotane,pentostatin,mitotane + pentostatin,-3,-3,12,-13,0.2,5,BR:BT-549;BR:HS 578T;BR:MCF7;BR:MDA-MB-231;BR:T-47D,0.378230901780586,FALSE,FALSE,not_patient_scored
dacarbazine,pentostatin,dacarbazine + pentostatin,-46,-31.8,40,-57,0.2,5,BR:BT-549;BR:HS 578T;BR:MCF7;BR:MDA-MB-231;BR:T-47D,0.378230901780586,FALSE,FALSE,not_patient_scored
methoxsalen,pentostatin,methoxsalen + pentostatin,-43,-64.8,-29,-155,0,5,BR:BT-549;BR:HS 578T;BR:MCF7;BR:MDA-MB-231;BR:T-47D,0.378230901780586,FALSE,FALSE,not_patient_scored
pentostatin,vinblastine,pentostatin + vinblastine,-30,-15,17,-36,0.4,5,BR:BT-549;BR:HS 578T;BR:MCF7;BR:MDA-MB-231;BR:T-47D,0.378230901780586,FALSE,FALSE,not_patient_scored
cytarabine,pentostatin,cytarabine + pentostatin,21,14.4,75,-40,0.6,5,BR:BT-549;BR:HS 578T;BR:MCF7;BR:MDA-MB-231;BR:T-47D,0.892111813134214,FALSE,FALSE,not_patient_scored
pentostatin,thalidomide,pentostatin + thalidomide,-29,-47,-12,-115,0,5,BR:BT-549;BR:HS 578T;BR:MCF7;BR:MDA-MB-231;BR:T-47D,0.378230901780586,FALSE,FALSE,not_patient_scored
pentostatin,vincristine,pentostatin + vincristine,-31,-24.2,32,-94,0.4,5,BR:BT-549;BR:HS 578T;BR:MCF7;BR:MDA-MB-231;BR:T-47D,0.378230901780586,FALSE,FALSE,not_patient_scored
megestrol acetate,pentostatin,megestrol acetate + pentostatin,-74,-66.6,32,-132,0.2,5,BR:BT-549;BR:HS 578T;BR:MCF7;BR:MDA-MB-231;BR:T-47D,0.378230901780586,FALSE,FALSE,not_patient_scored
pentostatin,procarbazine,pentostatin + procarbazine,-43,-73.4,-20,-208,0,5,BR:BT-549;BR:HS 578T;BR:MCF7;BR:MDA-MB-231;BR:T-47D,0.378230901780586,FALSE,FALSE,not_patient_scored
lomustine,pentostatin,lomustine + pentostatin,8,-0.6,11,-25,0.6,5,BR:BT-549;BR:HS 578T;BR:MCF7;BR:MDA-MB-231;BR:T-47D,0.818973769864063,FALSE,FALSE,not_patient_scored
daunorubicin,pentostatin,daunorubicin + pentostatin,-1,-11.4,9,-39,0.2,5,BR:BT-549;BR:HS 578T;BR:MCF7;BR:MDA-MB-231;BR:T-47D,0.378230901780586,FALSE,FALSE,not_patient_scored
pentostatin,streptozocin,pentostatin + streptozocin,-4,2.6,76,-31,0.2,5,BR:BT-549;BR:HS 578T;BR:MCF7;BR:MDA-MB-231;BR:T-47D,0.378230901780586,FALSE,FALSE,not_patient_scored
azacitidine,pentostatin,azacitidine + pentostatin,37,17.2,57,-30,0.6,5,BR:BT-549;BR:HS 578T;BR:MCF7;BR:MDA-MB-231;BR:T-47D,0.941317250622248,FALSE,FALSE,not_patient_scored
cladribine,pentostatin,cladribine + pentostatin,-43,-32.2,25,-77,0.2,5,BR:BT-549;BR:HS 578T;BR:MCF7;BR:MDA-MB-231;BR:T-47D,0.378230901780586,FALSE,FALSE,not_patient_scored
ifosfamide,pentostatin,ifosfamide + pentostatin,-29,-29.6,-9,-59,0,5,BR:BT-549;BR:HS 578T;BR:MCF7;BR:MDA-MB-231;BR:T-47D,0.378230901780586,FALSE,FALSE,not_patient_scored
fludarabine,pentostatin,fludarabine + pentostatin,95,77.6,229,-78,0.6,5,BR:BT-549;BR:HS 578T;BR:MCF7;BR:MDA-MB-231;BR:T-47D,0.988703810070841,FALSE,FALSE,not_patient_scored
isotretinoin,pentostatin,isotretinoin + pentostatin,-5,-4.4,34,-42,0.4,5,BR:BT-549;BR:HS 578T;BR:MCF7;BR:MDA-MB-231;BR:T-47D,0.378230901780586,FALSE,FALSE,not_patient_scored
pentostatin,teniposide,pentostatin + teniposide,6,2.8,33,-25,0.6,5,BR:BT-549;BR:HS 578T;BR:MCF7;BR:MDA-MB-231;BR:T-47D,0.802508137085966,FALSE,FALSE,not_patient_scored
doxorubicin,pentostatin,doxorubicin + pentostatin,-33,-35,-24,-46,0,5,BR:BT-549;BR:HS 578T;BR:MCF7;BR:MDA-MB-231;BR:T-47D,0.378230901780586,TRUE,FALSE,tier_B_one_drug_patient_scored
bleomycin,pentostatin,bleomycin + pentostatin,8,11.4,60,-34,0.6,5,BR:BT-549;BR:HS 578T;BR:MCF7;BR:MDA-MB-231;BR:T-47D,0.818973769864063,FALSE,FALSE,not_patient_scored
paclitaxel,pentostatin,paclitaxel + pentostatin,25,33.8,71,2,1,5,BR:BT-549;BR:HS 578T;BR:MCF7;BR:MDA-MB-231;BR:T-47D,0.908673176335439,TRUE,FALSE,tier_B_one_drug_patient_scored
bendamustine,pentostatin,bendamustine + pentostatin,-40,-30.2,16,-56,0.2,5,BR:BT-549;BR:HS 578T;BR:MCF7;BR:MDA-MB-231;BR:T-47D,0.378230901780586,FALSE,FALSE,not_patient_scored
etoposide,pentostatin,etoposide + pentostatin,5,1.4,51,-54,0.6,5,BR:BT-549;BR:HS 578T;BR:MCF7;BR:MDA-MB-231;BR:T-47D,0.793030825196247,FALSE,FALSE,not_patient_scored
dexrazoxane,pentostatin,dexrazoxane + pentostatin,-16,-10.8,18,-33,0.2,5,BR:BT-549;BR:HS 578T;BR:MCF7;BR:MDA-MB-231;BR:T-47D,0.378230901780586,FALSE,FALSE,not_patient_scored
pentostatin,tamoxifen,pentostatin + tamoxifen,-19,-18.8,65,-78,0.2,5,BR:BT-549;BR:HS 578T;BR:MCF7;BR:MDA-MB-231;BR:T-47D,0.378230901780586,FALSE,FALSE,not_patient_scored
pentostatin,rapamycin,pentostatin + rapamycin,-3,-3.4,53,-58,0.4,5,BR:BT-549;BR:HS 578T;BR:MCF7;BR:MDA-MB-231;BR:T-47D,0.378230901780586,FALSE,TRUE,tier_B_one_drug_patient_scored
carboplatin,pentostatin,carboplatin + pentostatin,-5,-2.8,35,-50,0.4,5,BR:BT-549;BR:HS 578T;BR:MCF7;BR:MDA-MB-231;BR:T-47D,0.378230901780586,FALSE,FALSE,not_patient_scored
pentostatin,valrubicin,pentostatin + valrubicin,-116.5,-151.25,-102,-270,0,4,BR:BT-549;BR:MCF7;BR:MDA-MB-231;BR:T-47D,0.378230901780586,FALSE,FALSE,not_patient_scored
oxaliplatin,pentostatin,oxaliplatin + pentostatin,-11.5,12.4,212,-84,0.4,5,BR:BT-549;BR:HS 578T;BR:MCF7;BR:MDA-MB-231;BR:T-47D,0.378230901780586,FALSE,FALSE,not_patient_scored
mitoxantrone,pentostatin,mitoxantrone + pentostatin,-57,-57.8,-16,-100,0,5,BR:BT-549;BR:HS 578T;BR:MCF7;BR:MDA-MB-231;BR:T-47D,0.378230901780586,FALSE,FALSE,not_patient_scored
amifostine,pentostatin,amifostine + pentostatin,-39,-41.6,-19,-77,0,5,BR:BT-549;BR:HS 578T;BR:MCF7;BR:MDA-MB-231;BR:T-47D,0.378230901780586,FALSE,FALSE,not_patient_scored
pentostatin,temozolomide,pentostatin + temozolomide,-22,-23,4,-45,0.2,5,BR:BT-549;BR:HS 578T;BR:MCF7;BR:MDA-MB-231;BR:T-47D,0.378230901780586,FALSE,FALSE,not_patient_scored
imiquimod,pentostatin,imiquimod + pentostatin,-22,-27.2,-4,-49,0,5,BR:BT-549;BR:HS 578T;BR:MCF7;BR:MDA-MB-231;BR:T-47D,0.378230901780586,FALSE,FALSE,not_patient_scored
clofarabine,pentostatin,clofarabine + pentostatin,-16,-12.2,23,-44,0.2,5,BR:BT-549;BR:HS 578T;BR:MCF7;BR:MDA-MB-231;BR:T-47D,0.378230901780586,FALSE,FALSE,not_patient_scored
pentostatin,vinorelbine,pentostatin + vinorelbine,33,22.8,47,-19,0.8,5,BR:BT-549;BR:HS 578T;BR:MCF7;BR:MDA-MB-231;BR:T-47D,0.932701512540685,FALSE,FALSE,not_patient_scored
gemcitabine,pentostatin,gemcitabine + pentostatin,-22,-8.2,38,-44,0.4,5,BR:BT-549;BR:HS 578T;BR:MCF7;BR:MDA-MB-231;BR:T-47D,0.378230901780586,TRUE,FALSE,tier_B_one_drug_patient_scored
docetaxel,pentostatin,docetaxel + pentostatin,-47,-45,-11,-75,0,4,BR:HS 578T;BR:MCF7;BR:MDA-MB-231;BR:T-47D,0.378230901780586,TRUE,FALSE,tier_B_one_drug_patient_scored
7 ethyl 10 hydroxycamptothecin,pentostatin,7 ethyl 10 hydroxycamptothecin + pentostatin,24,26.6,48,6,1,5,BR:BT-549;BR:HS 578T;BR:MCF7;BR:MDA-MB-231;BR:T-47D,0.904843959410301,FALSE,FALSE,not_patient_scored
nelarabine,pentostatin,nelarabine + pentostatin,-39,-59.4,-23,-129,0,5,BR:BT-549;BR:HS 578T;BR:MCF7;BR:MDA-MB-231;BR:T-47D,0.378230901780586,FALSE,FALSE,not_patient_scored
pemetrexed,pentostatin,pemetrexed + pentostatin,-7,5.6,52,-15,0.4,5,BR:BT-549;BR:HS 578T;BR:MCF7;BR:MDA-MB-231;BR:T-47D,0.378230901780586,FALSE,FALSE,not_patient_scored
pentostatin,vorinostat,pentostatin + vorinostat,-36,-34.6,1,-54,0.2,5,BR:BT-549;BR:HS 578T;BR:MCF7;BR:MDA-MB-231;BR:T-47D,0.378230901780586,FALSE,FALSE,not_patient_scored
capecitabine,pentostatin,capecitabine + pentostatin,-51,-52,-28,-90,0,5,BR:BT-549;BR:HS 578T;BR:MCF7;BR:MDA-MB-231;BR:T-47D,0.378230901780586,FALSE,FALSE,not_patient_scored
exemestane,pentostatin,exemestane + pentostatin,29,20.6,53,-15,0.8,5,BR:BT-549;BR:HS 578T;BR:MCF7;BR:MDA-MB-231;BR:T-47D,0.920830940072755,FALSE,FALSE,not_patient_scored
gefitinib,pentostatin,gefitinib + pentostatin,49,53.2,84,27,1,5,BR:BT-549;BR:HS 578T;BR:MCF7;BR:MDA-MB-231;BR:T-47D,0.959697491862914,FALSE,FALSE,not_patient_scored
fulvestrant,pentostatin,fulvestrant + pentostatin,-11,-26.2,-9,-59,0,5,BR:BT-549;BR:HS 578T;BR:MCF7;BR:MDA-MB-231;BR:T-47D,0.378230901780586,FALSE,FALSE,not_patient_scored
anastrozole,pentostatin,anastrozole + pentostatin,-59,-62,-36,-95,0,5,BR:BT-549;BR:HS 578T;BR:MCF7;BR:MDA-MB-231;BR:T-47D,0.378230901780586,FALSE,FALSE,not_patient_scored
letrozole,pentostatin,letrozole + pentostatin,-44,-44.6,-20,-61,0,5,BR:BT-549;BR:HS 578T;BR:MCF7;BR:MDA-MB-231;BR:T-47D,0.378230901780586,FALSE,FALSE,not_patient_scored
celecoxib,pentostatin,celecoxib + pentostatin,-58,-56.8,-37,-70,0,5,BR:BT-549;BR:HS 578T;BR:MCF7;BR:MDA-MB-231;BR:T-47D,0.378230901780586,FALSE,FALSE,not_patient_scored
pentostatin,zoledronate,pentostatin + zoledronate,-22,-16.6,12,-40,0.2,5,BR:BT-549;BR:HS 578T;BR:MCF7;BR:MDA-MB-231;BR:T-47D,0.378230901780586,FALSE,FALSE,not_patient_scored
dasatinib,pentostatin,dasatinib + pentostatin,-23,-6.8,64,-53,0.4,5,BR:BT-549;BR:HS 578T;BR:MCF7;BR:MDA-MB-231;BR:T-47D,0.378230901780586,FALSE,FALSE,not_patient_scored
everolimus,pentostatin,everolimus + pentostatin,-4,-21,10,-63,0.2,5,BR:BT-549;BR:HS 578T;BR:MCF7;BR:MDA-MB-231;BR:T-47D,0.378230901780586,FALSE,FALSE,not_patient_scored
pazopanib,pentostatin,pazopanib + pentostatin,59,47.6,76,-2,0.8,5,BR:BT-549;BR:HS 578T;BR:MCF7;BR:MDA-MB-231;BR:T-47D,0.972142446869615,FALSE,FALSE,not_patient_scored
imatinib,pentostatin,imatinib + pentostatin,-20,-17,74,-121,0.4,5,BR:BT-549;BR:HS 578T;BR:MCF7;BR:MDA-MB-231;BR:T-47D,0.378230901780586,FALSE,FALSE,not_patient_scored
lapatinib,pentostatin,lapatinib + pentostatin,-13,-13,48,-73,0.4,5,BR:BT-549;BR:HS 578T;BR:MCF7;BR:MDA-MB-231;BR:T-47D,0.378230901780586,TRUE,FALSE,tier_B_one_drug_patient_scored
nilotinib,pentostatin,nilotinib + pentostatin,-52,-62.4,-42,-106,0,5,BR:BT-549;BR:HS 578T;BR:MCF7;BR:MDA-MB-231;BR:T-47D,0.378230901780586,FALSE,FALSE,not_patient_scored
pentostatin,sorafenib,pentostatin + sorafenib,-43,-41.8,28,-101,0.2,5,BR:BT-549;BR:HS 578T;BR:MCF7;BR:MDA-MB-231;BR:T-47D,0.378230901780586,FALSE,FALSE,not_patient_scored
lenalidomide,pentostatin,lenalidomide + pentostatin,4,8,46,-22,0.6,5,BR:BT-549;BR:HS 578T;BR:MCF7;BR:MDA-MB-231;BR:T-47D,0.783553513306529,FALSE,FALSE,not_patient_scored
pentostatin,raloxifene,pentostatin + raloxifene,16,3.6,32,-45,0.6,5,BR:BT-549;BR:HS 578T;BR:MCF7;BR:MDA-MB-231;BR:T-47D,0.869519433275895,FALSE,FALSE,not_patient_scored
abiraterone,pentostatin,abiraterone + pentostatin,1,14.6,71,-26,0.6,5,BR:BT-549;BR:HS 578T;BR:MCF7;BR:MDA-MB-231;BR:T-47D,0.759908098793797,FALSE,FALSE,not_patient_scored
pentostatin,sunitinib,pentostatin + sunitinib,-54,-67.4,-20,-149,0,5,BR:BT-549;BR:HS 578T;BR:MCF7;BR:MDA-MB-231;BR:T-47D,0.378230901780586,FALSE,FALSE,not_patient_scored
pentostatin,vemurafenib,pentostatin + vemurafenib,-16,-5.4,50,-29,0.2,5,BR:BT-549;BR:HS 578T;BR:MCF7;BR:MDA-MB-231;BR:T-47D,0.378230901780586,FALSE,FALSE,not_patient_scored
depsipeptide,pentostatin,depsipeptide + pentostatin,-39,-36.4,-5,-72,0,5,BR:BT-549;BR:HS 578T;BR:MCF7;BR:MDA-MB-231;BR:T-47D,0.378230901780586,FALSE,FALSE,not_patient_scored
pentostatin,pralatrexate,pentostatin + pralatrexate,-22,-27,17,-61,0.2,5,BR:BT-549;BR:HS 578T;BR:MCF7;BR:MDA-MB-231;BR:T-47D,0.378230901780586,FALSE,FALSE,not_patient_scored
pentostatin,vismodegib,pentostatin + vismodegib,35,23.4,56,-26,0.8,5,BR:BT-549;BR:HS 578T;BR:MCF7;BR:MDA-MB-231;BR:T-47D,0.936434999042696,FALSE,FALSE,not_patient_scored
crizotinib,pentostatin,crizotinib + pentostatin,8,-6.8,27,-45,0.6,5,BR:BT-549;BR:HS 578T;BR:MCF7;BR:MDA-MB-231;BR:T-47D,0.818973769864063,FALSE,FALSE,not_patient_scored
axitinib,pentostatin,axitinib + pentostatin,25,15.6,36,-21,0.8,5,BR:BT-549;BR:HS 578T;BR:MCF7;BR:MDA-MB-231;BR:T-47D,0.908673176335439,FALSE,FALSE,not_patient_scored
pentostatin,vandetanib,pentostatin + vandetanib,-17,2.8,47,-25,0.4,5,BR:BT-549;BR:HS 578T;BR:MCF7;BR:MDA-MB-231;BR:T-47D,0.378230901780586,FALSE,FALSE,not_patient_scored
cabazitaxel,pentostatin,cabazitaxel + pentostatin,41,18.8,51,-48,0.8,5,BR:BT-549;BR:HS 578T;BR:MCF7;BR:MDA-MB-231;BR:T-47D,0.947635458548727,FALSE,FALSE,not_patient_scored
pentostatin,ruxolitinib,pentostatin + ruxolitinib,0,0.8,14,-12,0.4,5,BR:BT-549;BR:HS 578T;BR:MCF7;BR:MDA-MB-231;BR:T-47D,0.378230901780586,FALSE,FALSE,not_patient_scored
6 thioguanine,rapamycin,6 thioguanine + rapamycin,-30,-29.6,1,-55,0.2,5,BR:BT-549;BR:HS 578T;BR:MCF7;BR:MDA-MB-231;BR:T-47D,0.378230901780586,FALSE,TRUE,tier_B_one_drug_patient_scored
6 mercaptopurine,rapamycin,6 mercaptopurine + rapamycin,-28,-29.4,-12,-47,0,5,BR:BT-549;BR:HS 578T;BR:MCF7;BR:MDA-MB-231;BR:T-47D,0.378230901780586,FALSE,TRUE,tier_B_one_drug_patient_scored
actinomycin d,rapamycin,actinomycin d + rapamycin,9,13.8,91,-74,0.6,5,BR:BT-549;BR:HS 578T;BR:MCF7;BR:MDA-MB-231;BR:T-47D,0.827685238368754,FALSE,TRUE,tier_B_one_drug_patient_scored
chlorambucil,rapamycin,chlorambucil + rapamycin,-5,-8,26,-35,0.2,5,BR:BT-549;BR:HS 578T;BR:MCF7;BR:MDA-MB-231;BR:T-47D,0.378230901780586,FALSE,TRUE,tier_B_one_drug_patient_scored
rapamycin,thiotepa,rapamycin + thiotepa,3,-9.2,56,-80,0.6,5,BR:BT-549;BR:HS 578T;BR:MCF7;BR:MDA-MB-231;BR:T-47D,0.775895079456251,TRUE,FALSE,tier_B_one_drug_patient_scored
melphalan,rapamycin,melphalan + rapamycin,-15,-11.2,9,-26,0.4,5,BR:BT-549;BR:HS 578T;BR:MCF7;BR:MDA-MB-231;BR:T-47D,0.378230901780586,FALSE,TRUE,tier_B_one_drug_patient_scored
altretamine,rapamycin,altretamine + rapamycin,-12,-28.4,3,-79,0.2,5,BR:BT-549;BR:HS 578T;BR:MCF7;BR:MDA-MB-231;BR:T-47D,0.378230901780586,FALSE,TRUE,tier_B_one_drug_patient_scored
5-fluorouracil,rapamycin,5-fluorouracil + rapamycin,53,33.8,73,-35,0.8,5,BR:BT-549;BR:HS 578T;BR:MCF7;BR:MDA-MB-231;BR:T-47D,0.965824238943136,TRUE,TRUE,tier_A_both_drugs_patient_scored
mithramycin,rapamycin,mithramycin + rapamycin,1,-2.4,20,-33,0.6,5,BR:BT-549;BR:HS 578T;BR:MCF7;BR:MDA-MB-231;BR:T-47D,0.759908098793797,FALSE,TRUE,tier_B_one_drug_patient_scored
floxuridine,rapamycin,floxuridine + rapamycin,-23,-14.2,83,-85,0.2,5,BR:BT-549;BR:HS 578T;BR:MCF7;BR:MDA-MB-231;BR:T-47D,0.378230901780586,FALSE,TRUE,tier_B_one_drug_patient_scored
hydroxyurea,rapamycin,hydroxyurea + rapamycin,-54,-53.6,-12,-124,0,5,BR:BT-549;BR:HS 578T;BR:MCF7;BR:MDA-MB-231;BR:T-47D,0.378230901780586,FALSE,TRUE,tier_B_one_drug_patient_scored
rapamycin,uracil mustard,rapamycin + uracil mustard,-28,-27,12,-60,0.2,5,BR:BT-549;BR:HS 578T;BR:MCF7;BR:MDA-MB-231;BR:T-47D,0.378230901780586,TRUE,FALSE,tier_B_one_drug_patient_scored
dacarbazine,rapamycin,dacarbazine + rapamycin,-44,-51.4,-19,-91,0,5,BR:BT-549;BR:HS 578T;BR:MCF7;BR:MDA-MB-231;BR:T-47D,0.378230901780586,FALSE,TRUE,tier_B_one_drug_patient_scored
cytarabine,rapamycin,cytarabine + rapamycin,-23,-1.6,91,-48,0.2,5,BR:BT-549;BR:HS 578T;BR:MCF7;BR:MDA-MB-231;BR:T-47D,0.378230901780586,FALSE,TRUE,tier_B_one_drug_patient_scored
rapamycin,vincristine,rapamycin + vincristine,2,-3.4,101,-93,0.6,5,BR:BT-549;BR:HS 578T;BR:MCF7;BR:MDA-MB-231;BR:T-47D,0.768140915182845,TRUE,FALSE,tier_B_one_drug_patient_scored
megestrol acetate,rapamycin,megestrol acetate + rapamycin,-7,-33.6,66,-127,0.2,5,BR:BT-549;BR:HS 578T;BR:MCF7;BR:MDA-MB-231;BR:T-47D,0.378230901780586,FALSE,TRUE,tier_B_one_drug_patient_scored
lomustine,rapamycin,lomustine + rapamycin,-65,-52.6,-18,-79,0,5,BR:BT-549;BR:HS 578T;BR:MCF7;BR:MDA-MB-231;BR:T-47D,0.378230901780586,FALSE,TRUE,tier_B_one_drug_patient_scored
daunorubicin,rapamycin,daunorubicin + rapamycin,19,33.2,66,-2,0.8,5,BR:BT-549;BR:HS 578T;BR:MCF7;BR:MDA-MB-231;BR:T-47D,0.883974727168294,FALSE,TRUE,tier_B_one_drug_patient_scored
cladribine,rapamycin,cladribine + rapamycin,-78,-48.4,17,-98,0.4,5,BR:BT-549;BR:HS 578T;BR:MCF7;BR:MDA-MB-231;BR:T-47D,0.378230901780586,FALSE,TRUE,tier_B_one_drug_patient_scored
fludarabine,rapamycin,fludarabine + rapamycin,-44,-55.8,-16,-115,0,5,BR:BT-549;BR:HS 578T;BR:MCF7;BR:MDA-MB-231;BR:T-47D,0.378230901780586,FALSE,TRUE,tier_B_one_drug_patient_scored
isotretinoin,rapamycin,isotretinoin + rapamycin,12,-5.4,64,-124,0.6,5,BR:BT-549;BR:HS 578T;BR:MCF7;BR:MDA-MB-231;BR:T-47D,0.847118514263833,FALSE,TRUE,tier_B_one_drug_patient_scored
rapamycin,teniposide,rapamycin + teniposide,-4,-1.4,23,-16,0.4,5,BR:BT-549;BR:HS 578T;BR:MCF7;BR:MDA-MB-231;BR:T-47D,0.378230901780586,TRUE,FALSE,tier_B_one_drug_patient_scored
bendamustine,rapamycin,bendamustine + rapamycin,-21,-24.4,-13,-39,0,5,BR:BT-549;BR:HS 578T;BR:MCF7;BR:MDA-MB-231;BR:T-47D,0.378230901780586,FALSE,TRUE,tier_B_one_drug_patient_scored
etoposide,rapamycin,etoposide + rapamycin,4,-1.6,27,-38,0.6,5,BR:BT-549;BR:HS 578T;BR:MCF7;BR:MDA-MB-231;BR:T-47D,0.783553513306529,FALSE,TRUE,tier_B_one_drug_patient_scored
dexrazoxane,rapamycin,dexrazoxane + rapamycin,-17,-17.4,2,-46,0.2,5,BR:BT-549;BR:HS 578T;BR:MCF7;BR:MDA-MB-231;BR:T-47D,0.378230901780586,FALSE,TRUE,tier_B_one_drug_patient_scored
rapamycin,tamoxifen,rapamycin + tamoxifen,2,1.4,58,-45,0.6,5,BR:BT-549;BR:HS 578T;BR:MCF7;BR:MDA-MB-231;BR:T-47D,0.768140915182845,TRUE,FALSE,tier_B_one_drug_patient_scored
carboplatin,rapamycin,carboplatin + rapamycin,-43,-54,-29,-115,0,5,BR:BT-549;BR:HS 578T;BR:MCF7;BR:MDA-MB-231;BR:T-47D,0.378230901780586,FALSE,TRUE,tier_B_one_drug_patient_scored
rapamycin,valrubicin,rapamycin + valrubicin,-14,28.7777777777778,243,-197,0.444444444444444,5,BR:BT-549;BR:HS 578T;BR:MCF7;BR:MDA-MB-231;BR:T-47D,0.378230901780586,TRUE,FALSE,tier_B_one_drug_patient_scored
mitoxantrone,rapamycin,mitoxantrone + rapamycin,45,37.8,55,4,1,5,BR:BT-549;BR:HS 578T;BR:MCF7;BR:MDA-MB-231;BR:T-47D,0.95433658816772,FALSE,TRUE,tier_B_one_drug_patient_scored
rapamycin,temozolomide,rapamycin + temozolomide,-101,-120,-75,-172,0,5,BR:BT-549;BR:HS 578T;BR:MCF7;BR:MDA-MB-231;BR:T-47D,0.378230901780586,TRUE,FALSE,tier_B_one_drug_patient_scored
clofarabine,rapamycin,clofarabine + rapamycin,-39,-29.6,23,-90,0.4,5,BR:BT-549;BR:HS 578T;BR:MCF7;BR:MDA-MB-231;BR:T-47D,0.378230901780586,FALSE,TRUE,tier_B_one_drug_patient_scored
rapamycin,vinorelbine,rapamycin + vinorelbine,41,60.2,136,24,1,5,BR:BT-549;BR:HS 578T;BR:MCF7;BR:MDA-MB-231;BR:T-47D,0.947635458548727,TRUE,FALSE,tier_B_one_drug_patient_scored
gemcitabine,rapamycin,gemcitabine + rapamycin,-13,-22.4,-3,-46,0,5,BR:BT-549;BR:HS 578T;BR:MCF7;BR:MDA-MB-231;BR:T-47D,0.378230901780586,TRUE,TRUE,tier_A_both_drugs_patient_scored
nelarabine,rapamycin,nelarabine + rapamycin,-85,-66.8,44,-123,0.2,5,BR:BT-549;BR:HS 578T;BR:MCF7;BR:MDA-MB-231;BR:T-47D,0.378230901780586,FALSE,TRUE,tier_B_one_drug_patient_scored
pemetrexed,rapamycin,pemetrexed + rapamycin,-11,-12.8,-1,-32,0,5,BR:BT-549;BR:HS 578T;BR:MCF7;BR:MDA-MB-231;BR:T-47D,0.378230901780586,FALSE,TRUE,tier_B_one_drug_patient_scored
capecitabine,rapamycin,capecitabine + rapamycin,-28,-23.2,34,-60,0.2,5,BR:BT-549;BR:HS 578T;BR:MCF7;BR:MDA-MB-231;BR:T-47D,0.378230901780586,FALSE,TRUE,tier_B_one_drug_patient_scored
exemestane,rapamycin,exemestane + rapamycin,13,-2.2,32,-49,0.6,5,BR:BT-549;BR:HS 578T;BR:MCF7;BR:MDA-MB-231;BR:T-47D,0.852766609228413,FALSE,TRUE,tier_B_one_drug_patient_scored
gefitinib,rapamycin,gefitinib + rapamycin,27,30.8,57,2,1,5,BR:BT-549;BR:HS 578T;BR:MCF7;BR:MDA-MB-231;BR:T-47D,0.914225540876891,FALSE,TRUE,tier_B_one_drug_patient_scored
anastrozole,rapamycin,anastrozole + rapamycin,-58.5,-77.9,-31,-223,0,5,BR:BT-549;BR:HS 578T;BR:MCF7;BR:MDA-MB-231;BR:T-47D,0.378230901780586,FALSE,TRUE,tier_B_one_drug_patient_scored
letrozole,rapamycin,letrozole + rapamycin,-88,-89.6,-48,-147,0,5,BR:BT-549;BR:HS 578T;BR:MCF7;BR:MDA-MB-231;BR:T-47D,0.378230901780586,FALSE,TRUE,tier_B_one_drug_patient_scored
celecoxib,rapamycin,celecoxib + rapamycin,52,40.4,136,-99,0.8,5,BR:BT-549;BR:HS 578T;BR:MCF7;BR:MDA-MB-231;BR:T-47D,0.964675473865594,FALSE,TRUE,tier_B_one_drug_patient_scored
pazopanib,rapamycin,pazopanib + rapamycin,-8,9.4,57,-25,0.4,5,BR:BT-549;BR:HS 578T;BR:MCF7;BR:MDA-MB-231;BR:T-47D,0.378230901780586,FALSE,TRUE,tier_B_one_drug_patient_scored
imatinib,rapamycin,imatinib + rapamycin,-70,-107.2,-57,-208,0,5,BR:BT-549;BR:HS 578T;BR:MCF7;BR:MDA-MB-231;BR:T-47D,0.378230901780586,FALSE,TRUE,tier_B_one_drug_patient_scored
nilotinib,rapamycin,nilotinib + rapamycin,-57,-90.2,-25,-203,0,5,BR:BT-549;BR:HS 578T;BR:MCF7;BR:MDA-MB-231;BR:T-47D,0.378230901780586,FALSE,TRUE,tier_B_one_drug_patient_scored
lenalidomide,rapamycin,lenalidomide + rapamycin,25,24,77,-23,0.8,5,BR:BT-549;BR:HS 578T;BR:MCF7;BR:MDA-MB-231;BR:T-47D,0.908673176335439,FALSE,TRUE,tier_B_one_drug_patient_scored
raloxifene,rapamycin,raloxifene + rapamycin,-10,-15.8,34,-94,0.4,5,BR:BT-549;BR:HS 578T;BR:MCF7;BR:MDA-MB-231;BR:T-47D,0.378230901780586,FALSE,TRUE,tier_B_one_drug_patient_scored
abiraterone,rapamycin,abiraterone + rapamycin,-13,-8.6,21,-24,0.2,5,BR:BT-549;BR:HS 578T;BR:MCF7;BR:MDA-MB-231;BR:T-47D,0.378230901780586,FALSE,TRUE,tier_B_one_drug_patient_scored
rapamycin,vemurafenib,rapamycin + vemurafenib,28,12,49,-59,0.8,5,BR:BT-549;BR:HS 578T;BR:MCF7;BR:MDA-MB-231;BR:T-47D,0.91738464484013,TRUE,FALSE,tier_B_one_drug_patient_scored
rapamycin,vismodegib,rapamycin + vismodegib,6,5.6,26,-21,0.6,5,BR:BT-549;BR:HS 578T;BR:MCF7;BR:MDA-MB-231;BR:T-47D,0.802508137085966,TRUE,FALSE,tier_B_one_drug_patient_scored
crizotinib,rapamycin,crizotinib + rapamycin,-48,-42.8,-10,-61,0,5,BR:BT-549;BR:HS 578T;BR:MCF7;BR:MDA-MB-231;BR:T-47D,0.378230901780586,FALSE,TRUE,tier_B_one_drug_patient_scored
axitinib,rapamycin,axitinib + rapamycin,-4,-3.8,36,-39,0.2,5,BR:BT-549;BR:HS 578T;BR:MCF7;BR:MDA-MB-231;BR:T-47D,0.378230901780586,FALSE,TRUE,tier_B_one_drug_patient_scored
rapamycin,vandetanib,rapamycin + vandetanib,-8,-16.6,14,-48,0.2,5,BR:BT-549;BR:HS 578T;BR:MCF7;BR:MDA-MB-231;BR:T-47D,0.378230901780586,TRUE,FALSE,tier_B_one_drug_patient_scored
cabazitaxel,rapamycin,cabazitaxel + rapamycin,67,87.2,133,44,1,5,BR:BT-549;BR:HS 578T;BR:MCF7;BR:MDA-MB-231;BR:T-47D,0.978269193949837,FALSE,TRUE,tier_B_one_drug_patient_scored
rapamycin,ruxolitinib,rapamycin + ruxolitinib,-21,-15.4,30,-50,0.4,5,BR:BT-549;BR:HS 578T;BR:MCF7;BR:MDA-MB-231;BR:T-47D,0.378230901780586,TRUE,FALSE,tier_B_one_drug_patient_scored
carboplatin,methotrexate,carboplatin + methotrexate,-87,-65,-7,-99,0,5,BR:BT-549;BR:HS 578T;BR:MCF7;BR:MDA-MB-231;BR:T-47D,0.378230901780586,FALSE,FALSE,not_patient_scored
6 thioguanine,carboplatin,6 thioguanine + carboplatin,-70,-91.6,-39,-155,0,5,BR:BT-549;BR:HS 578T;BR:MCF7;BR:MDA-MB-231;BR:T-47D,0.378230901780586,FALSE,FALSE,not_patient_scored
actinomycin d,carboplatin,actinomycin d + carboplatin,-57.5,-55.5,-14,-93,0,4,BR:BT-549;BR:MCF7;BR:MDA-MB-231;BR:T-47D,0.378230901780586,FALSE,FALSE,not_patient_scored
carboplatin,chlorambucil,carboplatin + chlorambucil,-15,-29.8,11,-98,0.4,5,BR:BT-549;BR:HS 578T;BR:MCF7;BR:MDA-MB-231;BR:T-47D,0.378230901780586,FALSE,FALSE,not_patient_scored
carboplatin,thiotepa,carboplatin + thiotepa,-28,-35,-11,-68,0,5,BR:BT-549;BR:HS 578T;BR:MCF7;BR:MDA-MB-231;BR:T-47D,0.378230901780586,FALSE,FALSE,not_patient_scored
carboplatin,melphalan,carboplatin + melphalan,-46,-49.2,-17,-93,0,5,BR:BT-549;BR:HS 578T;BR:MCF7;BR:MDA-MB-231;BR:T-47D,0.378230901780586,FALSE,FALSE,not_patient_scored
altretamine,carboplatin,altretamine + carboplatin,-46,-46.8,-10,-86,0,5,BR:BT-549;BR:HS 578T;BR:MCF7;BR:MDA-MB-231;BR:T-47D,0.378230901780586,FALSE,FALSE,not_patient_scored
5-fluorouracil,carboplatin,5-fluorouracil + carboplatin,24,8.8,67,-44,0.6,5,BR:BT-549;BR:HS 578T;BR:MCF7;BR:MDA-MB-231;BR:T-47D,0.904843959410301,TRUE,FALSE,tier_B_one_drug_patient_scored
carboplatin,floxuridine,carboplatin + floxuridine,-48,-64.4,-33,-130,0,5,BR:BT-549;BR:HS 578T;BR:MCF7;BR:MDA-MB-231;BR:T-47D,0.378230901780586,FALSE,FALSE,not_patient_scored
carboplatin,uracil mustard,carboplatin + uracil mustard,-41,-55.6,-31,-105,0,5,BR:BT-549;BR:HS 578T;BR:MCF7;BR:MDA-MB-231;BR:T-47D,0.378230901780586,FALSE,FALSE,not_patient_scored
carboplatin,dacarbazine,carboplatin + dacarbazine,-33,-25.2,5,-56,0.2,5,BR:BT-549;BR:HS 578T;BR:MCF7;BR:MDA-MB-231;BR:T-47D,0.378230901780586,FALSE,FALSE,not_patient_scored
carboplatin,cytarabine,carboplatin + cytarabine,-62,-54.2,-9,-104,0,5,BR:BT-549;BR:HS 578T;BR:MCF7;BR:MDA-MB-231;BR:T-47D,0.378230901780586,FALSE,FALSE,not_patient_scored
carboplatin,vincristine,carboplatin + vincristine,-71,-76.4,-49,-110,0,5,BR:BT-549;BR:HS 578T;BR:MCF7;BR:MDA-MB-231;BR:T-47D,0.378230901780586,FALSE,FALSE,not_patient_scored
carboplatin,megestrol acetate,carboplatin + megestrol acetate,-92,-90.8,-22,-142,0,5,BR:BT-549;BR:HS 578T;BR:MCF7;BR:MDA-MB-231;BR:T-47D,0.378230901780586,FALSE,FALSE,not_patient_scored
carboplatin,lomustine,carboplatin + lomustine,-4,-10.2,5,-31,0.2,5,BR:BT-549;BR:HS 578T;BR:MCF7;BR:MDA-MB-231;BR:T-47D,0.378230901780586,FALSE,FALSE,not_patient_scored
carboplatin,daunorubicin,carboplatin + daunorubicin,-6,-4.4,27,-28,0.2,5,BR:BT-549;BR:HS 578T;BR:MCF7;BR:MDA-MB-231;BR:T-47D,0.378230901780586,FALSE,FALSE,not_patient_scored
carboplatin,cladribine,carboplatin + cladribine,4,-9.4,18,-79,0.8,5,BR:BT-549;BR:HS 578T;BR:MCF7;BR:MDA-MB-231;BR:T-47D,0.783553513306529,FALSE,FALSE,not_patient_scored
carboplatin,fludarabine,carboplatin + fludarabine,-51,-62.4,-35,-110,0,5,BR:BT-549;BR:HS 578T;BR:MCF7;BR:MDA-MB-231;BR:T-47D,0.378230901780586,FALSE,FALSE,not_patient_scored
carboplatin,isotretinoin,carboplatin + isotretinoin,-25,-28.8,26,-87,0.4,5,BR:BT-549;BR:HS 578T;BR:MCF7;BR:MDA-MB-231;BR:T-47D,0.378230901780586,FALSE,FALSE,not_patient_scored
carboplatin,teniposide,carboplatin + teniposide,-21,-20,-9,-29,0,5,BR:BT-549;BR:HS 578T;BR:MCF7;BR:MDA-MB-231;BR:T-47D,0.378230901780586,FALSE,FALSE,not_patient_scored
carboplatin,etoposide,carboplatin + etoposide,-35,-32.2,-3,-54,0,5,BR:BT-549;BR:HS 578T;BR:MCF7;BR:MDA-MB-231;BR:T-47D,0.378230901780586,FALSE,FALSE,not_patient_scored
carboplatin,dexrazoxane,carboplatin + dexrazoxane,-2,2.4,16,-6,0.4,5,BR:BT-549;BR:HS 578T;BR:MCF7;BR:MDA-MB-231;BR:T-47D,0.378230901780586,FALSE,FALSE,not_patient_scored
carboplatin,tamoxifen,carboplatin + tamoxifen,-22,-9.4,45,-59,0.4,5,BR:BT-549;BR:HS 578T;BR:MCF7;BR:MDA-MB-231;BR:T-47D,0.378230901780586,FALSE,FALSE,not_patient_scored
carboplatin,mitoxantrone,carboplatin + mitoxantrone,-41,-35.8,23,-65,0.2,5,BR:BT-549;BR:HS 578T;BR:MCF7;BR:MDA-MB-231;BR:T-47D,0.378230901780586,FALSE,FALSE,not_patient_scored
carboplatin,vinorelbine,carboplatin + vinorelbine,-19,-20.8,-3,-45,0,5,BR:BT-549;BR:HS 578T;BR:MCF7;BR:MDA-MB-231;BR:T-47D,0.378230901780586,FALSE,FALSE,not_patient_scored
carboplatin,pemetrexed,carboplatin + pemetrexed,-5,-16.8,6,-62,0.2,5,BR:BT-549;BR:HS 578T;BR:MCF7;BR:MDA-MB-231;BR:T-47D,0.378230901780586,FALSE,FALSE,not_patient_scored
carboplatin,exemestane,carboplatin + exemestane,0,7.8,48,-25,0.4,5,BR:BT-549;BR:HS 578T;BR:MCF7;BR:MDA-MB-231;BR:T-47D,0.378230901780586,FALSE,FALSE,not_patient_scored
carboplatin,gefitinib,carboplatin + gefitinib,-2,6.6,68,-32,0.4,5,BR:BT-549;BR:HS 578T;BR:MCF7;BR:MDA-MB-231;BR:T-47D,0.378230901780586,FALSE,FALSE,not_patient_scored
carboplatin,letrozole,carboplatin + letrozole,-76,-55.8,2,-87,0.2,5,BR:BT-549;BR:HS 578T;BR:MCF7;BR:MDA-MB-231;BR:T-47D,0.378230901780586,FALSE,FALSE,not_patient_scored
carboplatin,celecoxib,carboplatin + celecoxib,-27.5,-29.75,-6,-58,0,4,BR:BT-549;BR:HS 578T;BR:MCF7;BR:MDA-MB-231,0.378230901780586,FALSE,FALSE,not_patient_scored
carboplatin,pazopanib,carboplatin + pazopanib,63,65.6,115,16,1,5,BR:BT-549;BR:HS 578T;BR:MCF7;BR:MDA-MB-231;BR:T-47D,0.975110089986598,FALSE,FALSE,not_patient_scored
carboplatin,lenalidomide,carboplatin + lenalidomide,12,4.4,35,-37,0.6,5,BR:BT-549;BR:HS 578T;BR:MCF7;BR:MDA-MB-231;BR:T-47D,0.847118514263833,FALSE,FALSE,not_patient_scored
carboplatin,raloxifene,carboplatin + raloxifene,-29,-15.2,31,-42,0.2,5,BR:BT-549;BR:HS 578T;BR:MCF7;BR:MDA-MB-231;BR:T-47D,0.378230901780586,FALSE,FALSE,not_patient_scored
abiraterone,carboplatin,abiraterone + carboplatin,27,23.6,36,-5,0.8,5,BR:BT-549;BR:HS 578T;BR:MCF7;BR:MDA-MB-231;BR:T-47D,0.914225540876891,FALSE,FALSE,not_patient_scored
carboplatin,vemurafenib,carboplatin + vemurafenib,9,15.4,56,-18,0.8,5,BR:BT-549;BR:HS 578T;BR:MCF7;BR:MDA-MB-231;BR:T-47D,0.827685238368754,FALSE,FALSE,not_patient_scored
carboplatin,vismodegib,carboplatin + vismodegib,-7,-5.2,17,-27,0.4,5,BR:BT-549;BR:HS 578T;BR:MCF7;BR:MDA-MB-231;BR:T-47D,0.378230901780586,FALSE,FALSE,not_patient_scored
carboplatin,crizotinib,carboplatin + crizotinib,-11,-2.2,30,-19,0.4,5,BR:BT-549;BR:HS 578T;BR:MCF7;BR:MDA-MB-231;BR:T-47D,0.378230901780586,FALSE,FALSE,not_patient_scored
axitinib,carboplatin,axitinib + carboplatin,12,4,43,-45,0.6,5,BR:BT-549;BR:HS 578T;BR:MCF7;BR:MDA-MB-231;BR:T-47D,0.847118514263833,FALSE,FALSE,not_patient_scored
carboplatin,vandetanib,carboplatin + vandetanib,12,18.2,53,-8,0.6,5,BR:BT-549;BR:HS 578T;BR:MCF7;BR:MDA-MB-231;BR:T-47D,0.847118514263833,FALSE,FALSE,not_patient_scored
cabazitaxel,carboplatin,cabazitaxel + carboplatin,19,12.2,25,-6,0.8,5,BR:BT-549;BR:HS 578T;BR:MCF7;BR:MDA-MB-231;BR:T-47D,0.883974727168294,FALSE,FALSE,not_patient_scored
carboplatin,ruxolitinib,carboplatin + ruxolitinib,2,0.6,12,-15,0.6,5,BR:BT-549;BR:HS 578T;BR:MCF7;BR:MDA-MB-231;BR:T-47D,0.768140915182845,FALSE,FALSE,not_patient_scored
6 thioguanine,valrubicin,6 thioguanine + valrubicin,-14,-28,-9,-71,0,5,BR:BT-549;BR:HS 578T;BR:MCF7;BR:MDA-MB-231;BR:T-47D,0.378230901780586,FALSE,FALSE,not_patient_scored
actinomycin d,valrubicin,actinomycin d + valrubicin,281,251,291,125,1,5,BR:BT-549;BR:HS 578T;BR:MCF7;BR:MDA-MB-231;BR:T-47D,0.999138426191844,FALSE,FALSE,not_patient_scored
chlorambucil,valrubicin,chlorambucil + valrubicin,-56,-43.4,1,-74,0.2,5,BR:BT-549;BR:HS 578T;BR:MCF7;BR:MDA-MB-231;BR:T-47D,0.378230901780586,FALSE,FALSE,not_patient_scored
thiotepa,valrubicin,thiotepa + valrubicin,-10,-15,75,-88,0.4,5,BR:BT-549;BR:HS 578T;BR:MCF7;BR:MDA-MB-231;BR:T-47D,0.378230901780586,FALSE,FALSE,not_patient_scored
melphalan,valrubicin,melphalan + valrubicin,-31,-29.2,6,-64,0.2,5,BR:BT-549;BR:HS 578T;BR:MCF7;BR:MDA-MB-231;BR:T-47D,0.378230901780586,FALSE,FALSE,not_patient_scored
altretamine,valrubicin,altretamine + valrubicin,-86,-84.8,-14,-160,0,5,BR:BT-549;BR:HS 578T;BR:MCF7;BR:MDA-MB-231;BR:T-47D,0.378230901780586,FALSE,FALSE,not_patient_scored
5-fluorouracil,valrubicin,5-fluorouracil + valrubicin,12,6.8,29,-28,0.6,5,BR:BT-549;BR:HS 578T;BR:MCF7;BR:MDA-MB-231;BR:T-47D,0.847118514263833,TRUE,FALSE,tier_B_one_drug_patient_scored
mithramycin,valrubicin,mithramycin + valrubicin,29,70.6,206,-30,0.8,5,BR:BT-549;BR:HS 578T;BR:MCF7;BR:MDA-MB-231;BR:T-47D,0.920830940072755,FALSE,FALSE,not_patient_scored
floxuridine,valrubicin,floxuridine + valrubicin,-16,-23.6,-1,-54,0,5,BR:BT-549;BR:HS 578T;BR:MCF7;BR:MDA-MB-231;BR:T-47D,0.378230901780586,FALSE,FALSE,not_patient_scored
hydroxyurea,valrubicin,hydroxyurea + valrubicin,-27,5.4,135,-77,0.4,5,BR:BT-549;BR:HS 578T;BR:MCF7;BR:MDA-MB-231;BR:T-47D,0.378230901780586,FALSE,FALSE,not_patient_scored
uracil mustard,valrubicin,uracil mustard + valrubicin,-40,-45,-21,-69,0,5,BR:BT-549;BR:HS 578T;BR:MCF7;BR:MDA-MB-231;BR:T-47D,0.378230901780586,FALSE,FALSE,not_patient_scored
dacarbazine,valrubicin,dacarbazine + valrubicin,-35.5,-39.5,12,-99,0.25,4,BR:BT-549;BR:MCF7;BR:MDA-MB-231;BR:T-47D,0.378230901780586,FALSE,FALSE,not_patient_scored
valrubicin,vinblastine,valrubicin + vinblastine,-56,-61.4,-22,-101,0,5,BR:BT-549;BR:HS 578T;BR:MCF7;BR:MDA-MB-231;BR:T-47D,0.378230901780586,FALSE,FALSE,not_patient_scored
cytarabine,valrubicin,cytarabine + valrubicin,-6,-11.4,25,-47,0.4,5,BR:BT-549;BR:HS 578T;BR:MCF7;BR:MDA-MB-231;BR:T-47D,0.378230901780586,FALSE,FALSE,not_patient_scored
valrubicin,vincristine,valrubicin + vincristine,18,10.25,44,-39,0.75,4,BR:BT-549;BR:MCF7;BR:MDA-MB-231;BR:T-47D,0.878996745165614,FALSE,FALSE,not_patient_scored
megestrol acetate,valrubicin,megestrol acetate + valrubicin,-52,-52.2,19,-129,0.4,5,BR:BT-549;BR:HS 578T;BR:MCF7;BR:MDA-MB-231;BR:T-47D,0.378230901780586,FALSE,FALSE,not_patient_scored
lomustine,valrubicin,lomustine + valrubicin,-19,-21.4,3,-39,0.2,5,BR:BT-549;BR:HS 578T;BR:MCF7;BR:MDA-MB-231;BR:T-47D,0.378230901780586,FALSE,FALSE,not_patient_scored
daunorubicin,valrubicin,daunorubicin + valrubicin,6,4.8,40,-39,0.6,5,BR:BT-549;BR:HS 578T;BR:MCF7;BR:MDA-MB-231;BR:T-47D,0.802508137085966,FALSE,FALSE,not_patient_scored
cladribine,valrubicin,cladribine + valrubicin,28,16.8,88,-63,0.6,5,BR:BT-549;BR:HS 578T;BR:MCF7;BR:MDA-MB-231;BR:T-47D,0.91738464484013,FALSE,FALSE,not_patient_scored
fludarabine,valrubicin,fludarabine + valrubicin,35.5,33.5,72,-9,0.75,4,BR:BT-549;BR:HS 578T;BR:MCF7;BR:MDA-MB-231,0.937392303273981,FALSE,FALSE,not_patient_scored
isotretinoin,valrubicin,isotretinoin + valrubicin,73,75.2,139,16,1,5,BR:BT-549;BR:HS 578T;BR:MCF7;BR:MDA-MB-231;BR:T-47D,0.981811219605591,FALSE,FALSE,not_patient_scored
teniposide,valrubicin,teniposide + valrubicin,-60,-30.8,18,-65,0.4,5,BR:BT-549;BR:HS 578T;BR:MCF7;BR:MDA-MB-231;BR:T-47D,0.378230901780586,FALSE,FALSE,not_patient_scored
doxorubicin,valrubicin,doxorubicin + valrubicin,29,40.8,110,-24,0.8,5,BR:BT-549;BR:HS 578T;BR:MCF7;BR:MDA-MB-231;BR:T-47D,0.920830940072755,TRUE,FALSE,tier_B_one_drug_patient_scored
bleomycin,valrubicin,bleomycin + valrubicin,-56,-46.2,2,-106,0.2,5,BR:BT-549;BR:HS 578T;BR:MCF7;BR:MDA-MB-231;BR:T-47D,0.378230901780586,FALSE,FALSE,not_patient_scored
paclitaxel,valrubicin,paclitaxel + valrubicin,-2,-7.4,97,-94,0.4,5,BR:BT-549;BR:HS 578T;BR:MCF7;BR:MDA-MB-231;BR:T-47D,0.378230901780586,TRUE,FALSE,tier_B_one_drug_patient_scored
etoposide,valrubicin,etoposide + valrubicin,-46,-33.4,8,-51,0.2,5,BR:BT-549;BR:HS 578T;BR:MCF7;BR:MDA-MB-231;BR:T-47D,0.378230901780586,FALSE,FALSE,not_patient_scored
dexrazoxane,valrubicin,dexrazoxane + valrubicin,-23,-18.4,10,-36,0.2,5,BR:BT-549;BR:HS 578T;BR:MCF7;BR:MDA-MB-231;BR:T-47D,0.378230901780586,FALSE,FALSE,not_patient_scored
tamoxifen,valrubicin,tamoxifen + valrubicin,69,75,123,39,1,4,BR:BT-549;BR:MCF7;BR:MDA-MB-231;BR:T-47D,0.978843576488608,FALSE,FALSE,not_patient_scored
carboplatin,valrubicin,carboplatin + valrubicin,-54,-34.2,39,-85,0.4,5,BR:BT-549;BR:HS 578T;BR:MCF7;BR:MDA-MB-231;BR:T-47D,0.378230901780586,FALSE,FALSE,not_patient_scored
mitoxantrone,valrubicin,mitoxantrone + valrubicin,-16,-11.6,6,-33,0.4,5,BR:BT-549;BR:HS 578T;BR:MCF7;BR:MDA-MB-231;BR:T-47D,0.378230901780586,FALSE,FALSE,not_patient_scored
temozolomide,valrubicin,temozolomide + valrubicin,2,0.25,24,-27,0.5,4,BR:BT-549;BR:HS 578T;BR:MCF7;BR:MDA-MB-231,0.768140915182845,FALSE,FALSE,not_patient_scored
clofarabine,valrubicin,clofarabine + valrubicin,-74,-65.6666666666667,16,-184,0.222222222222222,5,BR:BT-549;BR:HS 578T;BR:MCF7;BR:MDA-MB-231;BR:T-47D,0.378230901780586,FALSE,FALSE,not_patient_scored
valrubicin,vinorelbine,valrubicin + vinorelbine,17,13.4,32,-14,0.8,5,BR:BT-549;BR:HS 578T;BR:MCF7;BR:MDA-MB-231;BR:T-47D,0.874114493586062,FALSE,FALSE,not_patient_scored
gemcitabine,valrubicin,gemcitabine + valrubicin,45,30,82,-51,0.6,5,BR:BT-549;BR:HS 578T;BR:MCF7;BR:MDA-MB-231;BR:T-47D,0.95433658816772,TRUE,FALSE,tier_B_one_drug_patient_scored
7 ethyl 10 hydroxycamptothecin,valrubicin,7 ethyl 10 hydroxycamptothecin + valrubicin,-6,-9.4,9,-30,0.4,5,BR:BT-549;BR:HS 578T;BR:MCF7;BR:MDA-MB-231;BR:T-47D,0.378230901780586,FALSE,FALSE,not_patient_scored
nelarabine,valrubicin,nelarabine + valrubicin,5,15.4,72,-38,0.6,5,BR:BT-549;BR:HS 578T;BR:MCF7;BR:MDA-MB-231;BR:T-47D,0.793030825196247,FALSE,FALSE,not_patient_scored
pemetrexed,valrubicin,pemetrexed + valrubicin,-2,4.2,48,-32,0.4,5,BR:BT-549;BR:HS 578T;BR:MCF7;BR:MDA-MB-231;BR:T-47D,0.378230901780586,FALSE,FALSE,not_patient_scored
exemestane,valrubicin,exemestane + valrubicin,-14,-19,0,-41,0,5,BR:BT-549;BR:HS 578T;BR:MCF7;BR:MDA-MB-231;BR:T-47D,0.378230901780586,FALSE,FALSE,not_patient_scored
gefitinib,valrubicin,gefitinib + valrubicin,9,8.6,20,-11,0.8,5,BR:BT-549;BR:HS 578T;BR:MCF7;BR:MDA-MB-231;BR:T-47D,0.827685238368754,FALSE,FALSE,not_patient_scored
letrozole,valrubicin,letrozole + valrubicin,-4.5,-39,15,-162,0.5,4,BR:BT-549;BR:MCF7;BR:MDA-MB-231;BR:T-47D,0.378230901780586,FALSE,FALSE,not_patient_scored
celecoxib,valrubicin,celecoxib + valrubicin,-82,-69.3333333333333,45,-171,0.333333333333333,3,BR:BT-549;BR:MCF7;BR:MDA-MB-231,0.378230901780586,FALSE,FALSE,not_patient_scored
dasatinib,valrubicin,dasatinib + valrubicin,40,42.6,99,-10,0.8,5,BR:BT-549;BR:HS 578T;BR:MCF7;BR:MDA-MB-231;BR:T-47D,0.945529389239901,FALSE,FALSE,not_patient_scored
everolimus,valrubicin,everolimus + valrubicin,123,119,148,86,1,3,BR:BT-549;BR:MCF7;BR:MDA-MB-231,0.994543365881677,FALSE,FALSE,not_patient_scored
pazopanib,valrubicin,pazopanib + valrubicin,4,19.2,69,-7,0.6,5,BR:BT-549;BR:HS 578T;BR:MCF7;BR:MDA-MB-231;BR:T-47D,0.783553513306529,FALSE,FALSE,not_patient_scored
imatinib,valrubicin,imatinib + valrubicin,5,6.4,34,-9,0.6,5,BR:BT-549;BR:HS 578T;BR:MCF7;BR:MDA-MB-231;BR:T-47D,0.793030825196247,FALSE,FALSE,not_patient_scored
lapatinib,valrubicin,lapatinib + valrubicin,65,60.4,78,25,1,5,BR:BT-549;BR:HS 578T;BR:MCF7;BR:MDA-MB-231;BR:T-47D,0.97683323760291,TRUE,FALSE,tier_B_one_drug_patient_scored
nilotinib,valrubicin,nilotinib + valrubicin,25,15,55,-80,0.8,5,BR:BT-549;BR:HS 578T;BR:MCF7;BR:MDA-MB-231;BR:T-47D,0.908673176335439,FALSE,FALSE,not_patient_scored
sorafenib,valrubicin,sorafenib + valrubicin,-78,-77,2,-154,0.25,4,BR:HS 578T;BR:MCF7;BR:MDA-MB-231;BR:T-47D,0.378230901780586,FALSE,FALSE,not_patient_scored
lenalidomide,valrubicin,lenalidomide + valrubicin,-34,-18.2,36,-64,0.4,5,BR:BT-549;BR:HS 578T;BR:MCF7;BR:MDA-MB-231;BR:T-47D,0.378230901780586,FALSE,FALSE,not_patient_scored
raloxifene,valrubicin,raloxifene + valrubicin,-34,-22.8,36,-47,0.2,5,BR:BT-549;BR:HS 578T;BR:MCF7;BR:MDA-MB-231;BR:T-47D,0.378230901780586,FALSE,FALSE,not_patient_scored
abiraterone,valrubicin,abiraterone + valrubicin,21,22.8,57,-4,0.8,5,BR:BT-549;BR:HS 578T;BR:MCF7;BR:MDA-MB-231;BR:T-47D,0.892111813134214,FALSE,FALSE,not_patient_scored
sunitinib,valrubicin,sunitinib + valrubicin,47,60.6,121,9,1,5,BR:BT-549;BR:HS 578T;BR:MCF7;BR:MDA-MB-231;BR:T-47D,0.956538387899674,FALSE,FALSE,not_patient_scored
valrubicin,vemurafenib,valrubicin + vemurafenib,44,36.6,75,5,1,5,BR:BT-549;BR:HS 578T;BR:MCF7;BR:MDA-MB-231;BR:T-47D,0.952709170974536,FALSE,FALSE,not_patient_scored
depsipeptide,valrubicin,depsipeptide + valrubicin,20,27.2,159,-111,0.5,5,BR:BT-549;BR:HS 578T;BR:MCF7;BR:MDA-MB-231;BR:T-47D,0.888091135362818,FALSE,FALSE,not_patient_scored
valrubicin,vismodegib,valrubicin + vismodegib,28,30.4,62,5,1,5,BR:BT-549;BR:HS 578T;BR:MCF7;BR:MDA-MB-231;BR:T-47D,0.91738464484013,FALSE,FALSE,not_patient_scored
crizotinib,valrubicin,crizotinib + valrubicin,-3,-1,64,-58,0.4,5,BR:BT-549;BR:HS 578T;BR:MCF7;BR:MDA-MB-231;BR:T-47D,0.378230901780586,FALSE,FALSE,not_patient_scored
axitinib,valrubicin,axitinib + valrubicin,31,13.8,39,-52,0.8,5,BR:BT-549;BR:HS 578T;BR:MCF7;BR:MDA-MB-231;BR:T-47D,0.926287574191078,FALSE,FALSE,not_patient_scored
valrubicin,vandetanib,valrubicin + vandetanib,21,26.2,50,11,1,5,BR:BT-549;BR:HS 578T;BR:MCF7;BR:MDA-MB-231;BR:T-47D,0.892111813134214,FALSE,FALSE,not_patient_scored
cabazitaxel,valrubicin,cabazitaxel + valrubicin,65,74.6,140,46,1,5,BR:BT-549;BR:HS 578T;BR:MCF7;BR:MDA-MB-231;BR:T-47D,0.97683323760291,FALSE,FALSE,not_patient_scored
ruxolitinib,valrubicin,ruxolitinib + valrubicin,14,15,56,-11,0.6,5,BR:BT-549;BR:HS 578T;BR:MCF7;BR:MDA-MB-231;BR:T-47D,0.858989086731763,FALSE,FALSE,not_patient_scored
idarubicin,methotrexate,idarubicin + methotrexate,-127,-95.6,157,-220,0.2,5,BR:BT-549;BR:HS 578T;BR:MCF7;BR:MDA-MB-231;BR:T-47D,0.378230901780586,FALSE,FALSE,not_patient_scored
busulfan,idarubicin,busulfan + idarubicin,-34,-43.6,-4,-127,0,5,BR:BT-549;BR:HS 578T;BR:MCF7;BR:MDA-MB-231;BR:T-47D,0.378230901780586,FALSE,FALSE,not_patient_scored
6 thioguanine,idarubicin,6 thioguanine + idarubicin,-8,4.2,141,-74,0.4,5,BR:BT-549;BR:HS 578T;BR:MCF7;BR:MDA-MB-231;BR:T-47D,0.378230901780586,FALSE,FALSE,not_patient_scored
6 mercaptopurine,idarubicin,6 mercaptopurine + idarubicin,-76,-54.6,35,-111,0.2,5,BR:BT-549;BR:HS 578T;BR:MCF7;BR:MDA-MB-231;BR:T-47D,0.378230901780586,FALSE,FALSE,not_patient_scored
idarubicin,nitrogen mustard,idarubicin + nitrogen mustard,25,25.2,104,-45,0.8,5,BR:BT-549;BR:HS 578T;BR:MCF7;BR:MDA-MB-231;BR:T-47D,0.908673176335439,FALSE,FALSE,not_patient_scored
allopurinol,idarubicin,allopurinol + idarubicin,75,77,125,35,1,5,BR:BT-549;BR:HS 578T;BR:MCF7;BR:MDA-MB-231;BR:T-47D,0.982768523836875,FALSE,FALSE,not_patient_scored
actinomycin d,idarubicin,actinomycin d + idarubicin,14,-2.8,19,-57,0.6,5,BR:BT-549;BR:HS 578T;BR:MCF7;BR:MDA-MB-231;BR:T-47D,0.858989086731763,FALSE,FALSE,not_patient_scored
chlorambucil,idarubicin,chlorambucil + idarubicin,-57,-71,-1,-172,0,5,BR:BT-549;BR:HS 578T;BR:MCF7;BR:MDA-MB-231;BR:T-47D,0.378230901780586,FALSE,FALSE,not_patient_scored
idarubicin,thiotepa,idarubicin + thiotepa,57,79.2,224,8,1,5,BR:BT-549;BR:HS 578T;BR:MCF7;BR:MDA-MB-231;BR:T-47D,0.970227838407046,FALSE,FALSE,not_patient_scored
idarubicin,melphalan,idarubicin + melphalan,18,33.6,158,-45,0.6,5,BR:BT-549;BR:HS 578T;BR:MCF7;BR:MDA-MB-231;BR:T-47D,0.878996745165614,FALSE,FALSE,not_patient_scored
idarubicin,triethylenemelamine,idarubicin + triethylenemelamine,-99,-38.5,240,-196,0.25,4,BR:BT-549;BR:HS 578T;BR:MCF7;BR:MDA-MB-231,0.378230901780586,FALSE,FALSE,not_patient_scored
altretamine,idarubicin,altretamine + idarubicin,32,37.8,107,-29,0.8,5,BR:BT-549;BR:HS 578T;BR:MCF7;BR:MDA-MB-231;BR:T-47D,0.929638139000574,FALSE,FALSE,not_patient_scored
acrichine,idarubicin,acrichine + idarubicin,-27,-62.4,-3,-161,0,5,BR:BT-549;BR:HS 578T;BR:MCF7;BR:MDA-MB-231;BR:T-47D,0.378230901780586,FALSE,FALSE,not_patient_scored
aminolevulinic acid,idarubicin,aminolevulinic acid + idarubicin,19,-14.4,61,-163,0.6,5,BR:BT-549;BR:HS 578T;BR:MCF7;BR:MDA-MB-231;BR:T-47D,0.883974727168294,FALSE,FALSE,not_patient_scored
5-fluorouracil,idarubicin,5-fluorouracil + idarubicin,-19,15.8,106,-26,0.4,5,BR:BT-549;BR:HS 578T;BR:MCF7;BR:MDA-MB-231;BR:T-47D,0.378230901780586,TRUE,FALSE,tier_B_one_drug_patient_scored
idarubicin,mithramycin,idarubicin + mithramycin,44,140.6,376,5,1,5,BR:BT-549;BR:HS 578T;BR:MCF7;BR:MDA-MB-231;BR:T-47D,0.952709170974536,FALSE,FALSE,not_patient_scored
idarubicin,pipobroman,idarubicin + pipobroman,-102,-75.6,12,-125,0.2,5,BR:BT-549;BR:HS 578T;BR:MCF7;BR:MDA-MB-231;BR:T-47D,0.378230901780586,FALSE,FALSE,not_patient_scored
cyclophosphamide,idarubicin,cyclophosphamide + idarubicin,5,27.6,105,-38,0.6,5,BR:BT-549;BR:HS 578T;BR:MCF7;BR:MDA-MB-231;BR:T-47D,0.793030825196247,FALSE,FALSE,not_patient_scored
idarubicin,mitomycin,idarubicin + mitomycin,54,46,91,-21,0.8,5,BR:BT-549;BR:HS 578T;BR:MCF7;BR:MDA-MB-231;BR:T-47D,0.966973004020678,FALSE,FALSE,not_patient_scored
floxuridine,idarubicin,floxuridine + idarubicin,-62,-21,143,-131,0.4,5,BR:BT-549;BR:HS 578T;BR:MCF7;BR:MDA-MB-231;BR:T-47D,0.378230901780586,FALSE,FALSE,not_patient_scored
hydroxyurea,idarubicin,hydroxyurea + idarubicin,-97,-80.8,-17,-123,0,5,BR:BT-549;BR:HS 578T;BR:MCF7;BR:MDA-MB-231;BR:T-47D,0.378230901780586,FALSE,FALSE,not_patient_scored
idarubicin,uracil mustard,idarubicin + uracil mustard,-41,-25,104,-98,0.2,5,BR:BT-549;BR:HS 578T;BR:MCF7;BR:MDA-MB-231;BR:T-47D,0.378230901780586,FALSE,FALSE,not_patient_scored
idarubicin,mitotane,idarubicin + mitotane,-6,-43,77,-184,0.4,5,BR:BT-549;BR:HS 578T;BR:MCF7;BR:MDA-MB-231;BR:T-47D,0.378230901780586,FALSE,FALSE,not_patient_scored
dacarbazine,idarubicin,dacarbazine + idarubicin,-20,-31,6,-63,0.2,5,BR:BT-549;BR:HS 578T;BR:MCF7;BR:MDA-MB-231;BR:T-47D,0.378230901780586,FALSE,FALSE,not_patient_scored
idarubicin,methoxsalen,idarubicin + methoxsalen,47,31.6,67,-32,0.8,5,BR:BT-549;BR:HS 578T;BR:MCF7;BR:MDA-MB-231;BR:T-47D,0.956538387899674,FALSE,FALSE,not_patient_scored
idarubicin,vinblastine,idarubicin + vinblastine,-80,-63.75,-8,-87,0,4,BR:HS 578T;BR:MCF7;BR:MDA-MB-231;BR:T-47D,0.378230901780586,FALSE,FALSE,not_patient_scored
cytarabine,idarubicin,cytarabine + idarubicin,-70,-62.6,65,-129,0.2,5,BR:BT-549;BR:HS 578T;BR:MCF7;BR:MDA-MB-231;BR:T-47D,0.378230901780586,FALSE,FALSE,not_patient_scored
idarubicin,thalidomide,idarubicin + thalidomide,-33,-19.4,13,-35,0.2,5,BR:BT-549;BR:HS 578T;BR:MCF7;BR:MDA-MB-231;BR:T-47D,0.378230901780586,FALSE,FALSE,not_patient_scored
idarubicin,vincristine,idarubicin + vincristine,-73,-93.2,-26,-221,0,5,BR:BT-549;BR:HS 578T;BR:MCF7;BR:MDA-MB-231;BR:T-47D,0.378230901780586,FALSE,FALSE,not_patient_scored
idarubicin,megestrol acetate,idarubicin + megestrol acetate,-87,-44.6,78,-117,0.2,5,BR:BT-549;BR:HS 578T;BR:MCF7;BR:MDA-MB-231;BR:T-47D,0.378230901780586,FALSE,FALSE,not_patient_scored
idarubicin,procarbazine,idarubicin + procarbazine,-43,-69.75,20,-213,0.5,4,BR:BT-549;BR:HS 578T;BR:MCF7;BR:MDA-MB-231,0.378230901780586,FALSE,FALSE,not_patient_scored
idarubicin,lomustine,idarubicin + lomustine,27,25,38,4,1,5,BR:BT-549;BR:HS 578T;BR:MCF7;BR:MDA-MB-231;BR:T-47D,0.914225540876891,FALSE,FALSE,not_patient_scored
daunorubicin,idarubicin,daunorubicin + idarubicin,-114,-127.75,5,-288,0.25,4,BR:BT-549;BR:HS 578T;BR:MCF7;BR:MDA-MB-231,0.378230901780586,FALSE,FALSE,not_patient_scored
idarubicin,streptozocin,idarubicin + streptozocin,-29,-18.2,132,-175,0.4,5,BR:BT-549;BR:HS 578T;BR:MCF7;BR:MDA-MB-231;BR:T-47D,0.378230901780586,FALSE,FALSE,not_patient_scored
arsenic trioxide,idarubicin,arsenic trioxide + idarubicin,-49,-76.4,-8,-174,0,5,BR:BT-549;BR:HS 578T;BR:MCF7;BR:MDA-MB-231;BR:T-47D,0.378230901780586,FALSE,FALSE,not_patient_scored
azacitidine,idarubicin,azacitidine + idarubicin,77,51.6,123,-55,0.8,5,BR:BT-549;BR:HS 578T;BR:MCF7;BR:MDA-MB-231;BR:T-47D,0.983342906375646,FALSE,FALSE,not_patient_scored
cladribine,idarubicin,cladribine + idarubicin,54,47,78,-8,0.8,5,BR:BT-549;BR:HS 578T;BR:MCF7;BR:MDA-MB-231;BR:T-47D,0.966973004020678,FALSE,FALSE,not_patient_scored
idarubicin,ifosfamide,idarubicin + ifosfamide,-18,-34.8,56,-121,0.2,5,BR:BT-549;BR:HS 578T;BR:MCF7;BR:MDA-MB-231;BR:T-47D,0.378230901780586,FALSE,FALSE,not_patient_scored
cisplatin,idarubicin,cisplatin + idarubicin,18,13.2,50,-51,0.8,5,BR:BT-549;BR:HS 578T;BR:MCF7;BR:MDA-MB-231;BR:T-47D,0.878996745165614,TRUE,FALSE,tier_B_one_drug_patient_scored
idarubicin,isotretinoin,idarubicin + isotretinoin,-14,-49.6,21,-239,0.4,5,BR:BT-549;BR:HS 578T;BR:MCF7;BR:MDA-MB-231;BR:T-47D,0.378230901780586,FALSE,FALSE,not_patient_scored
idarubicin,teniposide,idarubicin + teniposide,-47,-28.8,24,-89,0.4,5,BR:BT-549;BR:HS 578T;BR:MCF7;BR:MDA-MB-231;BR:T-47D,0.378230901780586,FALSE,FALSE,not_patient_scored
doxorubicin,idarubicin,doxorubicin + idarubicin,6,5.6,51,-38,0.6,5,BR:BT-549;BR:HS 578T;BR:MCF7;BR:MDA-MB-231;BR:T-47D,0.802508137085966,TRUE,FALSE,tier_B_one_drug_patient_scored
bleomycin,idarubicin,bleomycin + idarubicin,25,4.6,70,-58,0.6,5,BR:BT-549;BR:HS 578T;BR:MCF7;BR:MDA-MB-231;BR:T-47D,0.908673176335439,FALSE,FALSE,not_patient_scored
idarubicin,paclitaxel,idarubicin + paclitaxel,-82,-74.75,91,-226,0.25,4,BR:BT-549;BR:HS 578T;BR:MCF7;BR:T-47D,0.378230901780586,FALSE,TRUE,tier_B_one_drug_patient_scored
decitabine,idarubicin,decitabine + idarubicin,-22,-5.2,71,-98,0.4,5,BR:BT-549;BR:HS 578T;BR:MCF7;BR:MDA-MB-231;BR:T-47D,0.378230901780586,FALSE,FALSE,not_patient_scored
bendamustine,idarubicin,bendamustine + idarubicin,-39,-47.25,-4,-107,0,4,BR:HS 578T;BR:MCF7;BR:MDA-MB-231;BR:T-47D,0.378230901780586,FALSE,FALSE,not_patient_scored
etoposide,idarubicin,etoposide + idarubicin,-135.5,-117.5,38,-237,0.25,4,BR:BT-549;BR:HS 578T;BR:MCF7;BR:MDA-MB-231,0.378230901780586,FALSE,FALSE,not_patient_scored
dexrazoxane,idarubicin,dexrazoxane + idarubicin,-82,-71.6,18,-142,0.2,5,BR:BT-549;BR:HS 578T;BR:MCF7;BR:MDA-MB-231;BR:T-47D,0.378230901780586,FALSE,FALSE,not_patient_scored
idarubicin,tamoxifen,idarubicin + tamoxifen,34,42.8,98,-29,0.8,5,BR:BT-549;BR:HS 578T;BR:MCF7;BR:MDA-MB-231;BR:T-47D,0.934711851426383,FALSE,FALSE,not_patient_scored
idarubicin,pentostatin,idarubicin + pentostatin,-20,-6.2,60,-52,0.4,5,BR:BT-549;BR:HS 578T;BR:MCF7;BR:MDA-MB-231;BR:T-47D,0.378230901780586,FALSE,FALSE,not_patient_scored
idarubicin,rapamycin,idarubicin + rapamycin,52,35.2,64,-37,0.8,5,BR:BT-549;BR:HS 578T;BR:MCF7;BR:MDA-MB-231;BR:T-47D,0.964675473865594,FALSE,TRUE,tier_B_one_drug_patient_scored
carboplatin,idarubicin,carboplatin + idarubicin,20,-5,56,-75,0.6,5,BR:BT-549;BR:HS 578T;BR:MCF7;BR:MDA-MB-231;BR:T-47D,0.888091135362818,FALSE,FALSE,not_patient_scored
idarubicin,valrubicin,idarubicin + valrubicin,-61,-84.8,-26,-174,0,5,BR:BT-549;BR:HS 578T;BR:MCF7;BR:MDA-MB-231;BR:T-47D,0.378230901780586,FALSE,FALSE,not_patient_scored
epirubicin,idarubicin,epirubicin + idarubicin,-64.5,-64.2,-13,-135,0,5,BR:BT-549;BR:HS 578T;BR:MCF7;BR:MDA-MB-231;BR:T-47D,0.378230901780586,TRUE,FALSE,tier_B_one_drug_patient_scored
idarubicin,oxaliplatin,idarubicin + oxaliplatin,-114,-92.8,8,-178,0.2,5,BR:BT-549;BR:HS 578T;BR:MCF7;BR:MDA-MB-231;BR:T-47D,0.378230901780586,FALSE,FALSE,not_patient_scored
idarubicin,mitoxantrone,idarubicin + mitoxantrone,-58,-47.4,15,-75,0.2,5,BR:BT-549;BR:HS 578T;BR:MCF7;BR:MDA-MB-231;BR:T-47D,0.378230901780586,FALSE,FALSE,not_patient_scored
amifostine,idarubicin,amifostine + idarubicin,5,17.2,100,-76,0.6,5,BR:BT-549;BR:HS 578T;BR:MCF7;BR:MDA-MB-231;BR:T-47D,0.793030825196247,FALSE,FALSE,not_patient_scored
idarubicin,temozolomide,idarubicin + temozolomide,-88,-81.8,-35,-121,0,5,BR:BT-549;BR:HS 578T;BR:MCF7;BR:MDA-MB-231;BR:T-47D,0.378230901780586,FALSE,FALSE,not_patient_scored
idarubicin,imiquimod,idarubicin + imiquimod,47,43.8,109,-18,0.8,5,BR:BT-549;BR:HS 578T;BR:MCF7;BR:MDA-MB-231;BR:T-47D,0.956538387899674,FALSE,FALSE,not_patient_scored
carmustine,idarubicin,carmustine + idarubicin,-129,-130.5,16,-280,0.25,4,BR:BT-549;BR:HS 578T;BR:MCF7;BR:MDA-MB-231,0.378230901780586,FALSE,FALSE,not_patient_scored
clofarabine,idarubicin,clofarabine + idarubicin,-71,-78.6,-6,-180,0,5,BR:BT-549;BR:HS 578T;BR:MCF7;BR:MDA-MB-231;BR:T-47D,0.378230901780586,FALSE,FALSE,not_patient_scored
idarubicin,vinorelbine,idarubicin + vinorelbine,-35,-42.6,78,-130,0.4,5,BR:BT-549;BR:HS 578T;BR:MCF7;BR:MDA-MB-231;BR:T-47D,0.378230901780586,FALSE,FALSE,not_patient_scored
idarubicin,topotecan,idarubicin + topotecan,17,8.4,115,-89,0.6,5,BR:BT-549;BR:HS 578T;BR:MCF7;BR:MDA-MB-231;BR:T-47D,0.874114493586062,FALSE,FALSE,not_patient_scored
gemcitabine,idarubicin,gemcitabine + idarubicin,52,46.8,108,-32,0.8,5,BR:BT-549;BR:HS 578T;BR:MCF7;BR:MDA-MB-231;BR:T-47D,0.964675473865594,TRUE,FALSE,tier_B_one_drug_patient_scored
docetaxel,idarubicin,docetaxel + idarubicin,17,49.2,303,-138,0.6,5,BR:BT-549;BR:HS 578T;BR:MCF7;BR:MDA-MB-231;BR:T-47D,0.874114493586062,TRUE,FALSE,tier_B_one_drug_patient_scored
7 ethyl 10 hydroxycamptothecin,idarubicin,7 ethyl 10 hydroxycamptothecin + idarubicin,43,88.4,272,7,1,5,BR:BT-549;BR:HS 578T;BR:MCF7;BR:MDA-MB-231;BR:T-47D,0.951081753781352,FALSE,FALSE,not_patient_scored
bortezomib,idarubicin,bortezomib + idarubicin,-16,32.2,151,-77,0.4,5,BR:BT-549;BR:HS 578T;BR:MCF7;BR:MDA-MB-231;BR:T-47D,0.378230901780586,FALSE,FALSE,not_patient_scored
idarubicin,nelarabine,idarubicin + nelarabine,-8,-3.4,39,-46,0.4,5,BR:BT-549;BR:HS 578T;BR:MCF7;BR:MDA-MB-231;BR:T-47D,0.378230901780586,FALSE,FALSE,not_patient_scored
idarubicin,pemetrexed,idarubicin + pemetrexed,-70,-72.5,-24,-126,0,4,BR:BT-549;BR:HS 578T;BR:MCF7;BR:MDA-MB-231,0.378230901780586,FALSE,FALSE,not_patient_scored
idarubicin,vorinostat,idarubicin + vorinostat,7,22.2,120,-47,0.6,5,BR:BT-549;BR:HS 578T;BR:MCF7;BR:MDA-MB-231;BR:T-47D,0.810453762205629,FALSE,FALSE,not_patient_scored
estramustine,idarubicin,estramustine + idarubicin,-77,-121.4,-51,-221,0,5,BR:BT-549;BR:HS 578T;BR:MCF7;BR:MDA-MB-231;BR:T-47D,0.378230901780586,FALSE,FALSE,not_patient_scored
eribulin mesilate,idarubicin,eribulin mesilate + idarubicin,-97.5,-104.25,9,-231,0.25,4,BR:BT-549;BR:HS 578T;BR:MCF7;BR:T-47D,0.378230901780586,FALSE,FALSE,not_patient_scored
capecitabine,idarubicin,capecitabine + idarubicin,-32,-12.2,31,-38,0.4,5,BR:BT-549;BR:HS 578T;BR:MCF7;BR:MDA-MB-231;BR:T-47D,0.378230901780586,FALSE,FALSE,not_patient_scored
exemestane,idarubicin,exemestane + idarubicin,4,-17,119,-143,0.6,5,BR:BT-549;BR:HS 578T;BR:MCF7;BR:MDA-MB-231;BR:T-47D,0.783553513306529,FALSE,FALSE,not_patient_scored
gefitinib,idarubicin,gefitinib + idarubicin,-17,-5.25,44,-31,0.25,4,BR:HS 578T;BR:MCF7;BR:MDA-MB-231;BR:T-47D,0.378230901780586,FALSE,FALSE,not_patient_scored
erlotinib,idarubicin,erlotinib + idarubicin,31,4.6,66,-154,0.8,5,BR:BT-549;BR:HS 578T;BR:MCF7;BR:MDA-MB-231;BR:T-47D,0.926287574191078,FALSE,FALSE,not_patient_scored
fulvestrant,idarubicin,fulvestrant + idarubicin,-3,-1.4,22,-31,0.4,5,BR:BT-549;BR:HS 578T;BR:MCF7;BR:MDA-MB-231;BR:T-47D,0.378230901780586,FALSE,FALSE,not_patient_scored
anastrozole,idarubicin,anastrozole + idarubicin,4,-4.4,71,-94,0.6,5,BR:BT-549;BR:HS 578T;BR:MCF7;BR:MDA-MB-231;BR:T-47D,0.783553513306529,FALSE,FALSE,not_patient_scored
idarubicin,letrozole,idarubicin + letrozole,85,75,130,20,1,5,BR:BT-549;BR:HS 578T;BR:MCF7;BR:MDA-MB-231;BR:T-47D,0.9868849320314,FALSE,FALSE,not_patient_scored
celecoxib,idarubicin,celecoxib + idarubicin,-41,-65,-13,-195,0,5,BR:BT-549;BR:HS 578T;BR:MCF7;BR:MDA-MB-231;BR:T-47D,0.378230901780586,FALSE,FALSE,not_patient_scored
idarubicin,zoledronate,idarubicin + zoledronate,24,24.2,88,-27,0.6,5,BR:BT-549;BR:HS 578T;BR:MCF7;BR:MDA-MB-231;BR:T-47D,0.904843959410301,FALSE,FALSE,not_patient_scored
dasatinib,idarubicin,dasatinib + idarubicin,25,-7,84,-153,0.6,5,BR:BT-549;BR:HS 578T;BR:MCF7;BR:MDA-MB-231;BR:T-47D,0.908673176335439,FALSE,FALSE,not_patient_scored
everolimus,idarubicin,everolimus + idarubicin,76,47.4,86,-19,0.8,5,BR:BT-549;BR:HS 578T;BR:MCF7;BR:MDA-MB-231;BR:T-47D,0.983055715106261,FALSE,FALSE,not_patient_scored
idarubicin,pazopanib,idarubicin + pazopanib,21,67,289,-63,0.5,4,BR:HS 578T;BR:MCF7;BR:MDA-MB-231;BR:T-47D,0.892111813134214,FALSE,FALSE,not_patient_scored
idarubicin,imatinib,idarubicin + imatinib,-105,-95.25,-10,-161,0,4,BR:HS 578T;BR:MCF7;BR:MDA-MB-231;BR:T-47D,0.378230901780586,FALSE,FALSE,not_patient_scored
idarubicin,lapatinib,idarubicin + lapatinib,55,55.6,126,-59,0.8,5,BR:BT-549;BR:HS 578T;BR:MCF7;BR:MDA-MB-231;BR:T-47D,0.968313229944476,FALSE,TRUE,tier_B_one_drug_patient_scored
idarubicin,nilotinib,idarubicin + nilotinib,-95,-145.2,2,-350,0.2,5,BR:BT-549;BR:HS 578T;BR:MCF7;BR:MDA-MB-231;BR:T-47D,0.378230901780586,FALSE,FALSE,not_patient_scored
idarubicin,sorafenib,idarubicin + sorafenib,19.5,19.75,70,-30,0.75,4,BR:HS 578T;BR:MCF7;BR:MDA-MB-231;BR:T-47D,0.886272257323377,FALSE,FALSE,not_patient_scored
idarubicin,lenalidomide,idarubicin + lenalidomide,-18,-2.6,84,-94,0.4,5,BR:BT-549;BR:HS 578T;BR:MCF7;BR:MDA-MB-231;BR:T-47D,0.378230901780586,FALSE,FALSE,not_patient_scored
idarubicin,ixabepilone,idarubicin + ixabepilone,-18,-12.6,39,-79,0.4,5,BR:BT-549;BR:HS 578T;BR:MCF7;BR:MDA-MB-231;BR:T-47D,0.378230901780586,FALSE,FALSE,not_patient_scored
idarubicin,raloxifene,idarubicin + raloxifene,1,6.2,61,-51,0.6,5,BR:BT-549;BR:HS 578T;BR:MCF7;BR:MDA-MB-231;BR:T-47D,0.759908098793797,FALSE,FALSE,not_patient_scored
abiraterone,idarubicin,abiraterone + idarubicin,-33,-36.75,1,-82,0.25,4,BR:HS 578T;BR:MCF7;BR:MDA-MB-231;BR:T-47D,0.378230901780586,FALSE,FALSE,not_patient_scored
idarubicin,sunitinib,idarubicin + sunitinib,23,15.4,86,-67,0.8,5,BR:BT-549;BR:HS 578T;BR:MCF7;BR:MDA-MB-231;BR:T-47D,0.901014742485162,FALSE,FALSE,not_patient_scored
depsipeptide,idarubicin,depsipeptide + idarubicin,24,39,135,-27,0.5,4,BR:BT-549;BR:HS 578T;BR:MCF7;BR:MDA-MB-231,0.904843959410301,FALSE,FALSE,not_patient_scored
idarubicin,pralatrexate,idarubicin + pralatrexate,-142.5,-142.75,-61,-225,0,4,BR:BT-549;BR:HS 578T;BR:MCF7;BR:MDA-MB-231,0.378230901780586,FALSE,FALSE,not_patient_scored
idarubicin,vismodegib,idarubicin + vismodegib,-32.5,-33,-6,-61,0,4,BR:HS 578T;BR:MCF7;BR:MDA-MB-231;BR:T-47D,0.378230901780586,FALSE,FALSE,not_patient_scored
crizotinib,idarubicin,crizotinib + idarubicin,-56,-76.4,0,-241,0,5,BR:BT-549;BR:HS 578T;BR:MCF7;BR:MDA-MB-231;BR:T-47D,0.378230901780586,FALSE,FALSE,not_patient_scored
axitinib,idarubicin,axitinib + idarubicin,-81,-108.4,-21,-228,0,5,BR:BT-549;BR:HS 578T;BR:MCF7;BR:MDA-MB-231;BR:T-47D,0.378230901780586,FALSE,FALSE,not_patient_scored
idarubicin,vandetanib,idarubicin + vandetanib,-40,-52,39,-151,0.4,5,BR:BT-549;BR:HS 578T;BR:MCF7;BR:MDA-MB-231;BR:T-47D,0.378230901780586,FALSE,FALSE,not_patient_scored
cabazitaxel,idarubicin,cabazitaxel + idarubicin,-154,-134.5,21,-251,0.25,4,BR:BT-549;BR:HS 578T;BR:MCF7;BR:T-47D,0.378230901780586,FALSE,FALSE,not_patient_scored
idarubicin,ruxolitinib,idarubicin + ruxolitinib,62,55.4,96,5,1,5,BR:BT-549;BR:HS 578T;BR:MCF7;BR:MDA-MB-231;BR:T-47D,0.974631437870955,FALSE,FALSE,not_patient_scored
epirubicin,methotrexate,epirubicin + methotrexate,-115,-113,-24,-200,0,5,BR:BT-549;BR:HS 578T;BR:MCF7;BR:MDA-MB-231;BR:T-47D,0.378230901780586,TRUE,FALSE,tier_B_one_drug_patient_scored
busulfan,epirubicin,busulfan + epirubicin,-75,-98.4,-7,-201,0,5,BR:BT-549;BR:HS 578T;BR:MCF7;BR:MDA-MB-231;BR:T-47D,0.378230901780586,FALSE,TRUE,tier_B_one_drug_patient_scored
6 thioguanine,epirubicin,6 thioguanine + epirubicin,20,-17,66,-203,0.6,5,BR:BT-549;BR:HS 578T;BR:MCF7;BR:MDA-MB-231;BR:T-47D,0.888091135362818,FALSE,TRUE,tier_B_one_drug_patient_scored
6 mercaptopurine,epirubicin,6 mercaptopurine + epirubicin,-100,-95,31,-290,0.2,5,BR:BT-549;BR:HS 578T;BR:MCF7;BR:MDA-MB-231;BR:T-47D,0.378230901780586,FALSE,TRUE,tier_B_one_drug_patient_scored
epirubicin,nitrogen mustard,epirubicin + nitrogen mustard,29,19.6,87,-78,0.6,5,BR:BT-549;BR:HS 578T;BR:MCF7;BR:MDA-MB-231;BR:T-47D,0.920830940072755,TRUE,FALSE,tier_B_one_drug_patient_scored
allopurinol,epirubicin,allopurinol + epirubicin,6,-0.2,56,-92,0.8,5,BR:BT-549;BR:HS 578T;BR:MCF7;BR:MDA-MB-231;BR:T-47D,0.802508137085966,FALSE,TRUE,tier_B_one_drug_patient_scored
actinomycin d,epirubicin,actinomycin d + epirubicin,-21,-54.6,-8,-199,0,5,BR:BT-549;BR:HS 578T;BR:MCF7;BR:MDA-MB-231;BR:T-47D,0.378230901780586,FALSE,TRUE,tier_B_one_drug_patient_scored
chlorambucil,epirubicin,chlorambucil + epirubicin,-75,-73,-41,-107,0,5,BR:BT-549;BR:HS 578T;BR:MCF7;BR:MDA-MB-231;BR:T-47D,0.378230901780586,FALSE,TRUE,tier_B_one_drug_patient_scored
epirubicin,thiotepa,epirubicin + thiotepa,-16,19.4,188,-95,0.4,5,BR:BT-549;BR:HS 578T;BR:MCF7;BR:MDA-MB-231;BR:T-47D,0.378230901780586,TRUE,FALSE,tier_B_one_drug_patient_scored
epirubicin,melphalan,epirubicin + melphalan,4,0,66,-69,0.6,5,BR:BT-549;BR:HS 578T;BR:MCF7;BR:MDA-MB-231;BR:T-47D,0.783553513306529,TRUE,FALSE,tier_B_one_drug_patient_scored
epirubicin,triethylenemelamine,epirubicin + triethylenemelamine,-88,-57,92,-144,0.25,4,BR:BT-549;BR:HS 578T;BR:MCF7;BR:MDA-MB-231,0.378230901780586,TRUE,FALSE,tier_B_one_drug_patient_scored
altretamine,epirubicin,altretamine + epirubicin,37,23.8,93,-75,0.6,5,BR:BT-549;BR:HS 578T;BR:MCF7;BR:MDA-MB-231;BR:T-47D,0.941317250622248,FALSE,TRUE,tier_B_one_drug_patient_scored
acrichine,epirubicin,acrichine + epirubicin,-53,-66.4,59,-172,0.2,5,BR:BT-549;BR:HS 578T;BR:MCF7;BR:MDA-MB-231;BR:T-47D,0.378230901780586,FALSE,TRUE,tier_B_one_drug_patient_scored
aminolevulinic acid,epirubicin,aminolevulinic acid + epirubicin,-7,-49.2,18,-140,0.2,5,BR:BT-549;BR:HS 578T;BR:MCF7;BR:MDA-MB-231;BR:T-47D,0.378230901780586,FALSE,TRUE,tier_B_one_drug_patient_scored
5-fluorouracil,epirubicin,5-fluorouracil + epirubicin,-55,-13,155,-68,0.2,5,BR:BT-549;BR:HS 578T;BR:MCF7;BR:MDA-MB-231;BR:T-47D,0.378230901780586,TRUE,TRUE,tier_A_both_drugs_patient_scored
epirubicin,mithramycin,epirubicin + mithramycin,80,130.8,243,33,1,5,BR:BT-549;BR:HS 578T;BR:MCF7;BR:MDA-MB-231;BR:T-47D,0.98497032356883,TRUE,FALSE,tier_B_one_drug_patient_scored
epirubicin,pipobroman,epirubicin + pipobroman,-115,-143.4,-4,-341,0,5,BR:BT-549;BR:HS 578T;BR:MCF7;BR:MDA-MB-231;BR:T-47D,0.378230901780586,TRUE,FALSE,tier_B_one_drug_patient_scored
cyclophosphamide,epirubicin,cyclophosphamide + epirubicin,8,-14.2,42,-136,0.8,5,BR:BT-549;BR:HS 578T;BR:MCF7;BR:MDA-MB-231;BR:T-47D,0.818973769864063,FALSE,TRUE,tier_B_one_drug_patient_scored
epirubicin,mitomycin,epirubicin + mitomycin,2,19.8,121,-78,0.6,5,BR:BT-549;BR:HS 578T;BR:MCF7;BR:MDA-MB-231;BR:T-47D,0.768140915182845,TRUE,FALSE,tier_B_one_drug_patient_scored
epirubicin,floxuridine,epirubicin + floxuridine,-17,-45.6,38,-174,0.4,5,BR:BT-549;BR:HS 578T;BR:MCF7;BR:MDA-MB-231;BR:T-47D,0.378230901780586,TRUE,FALSE,tier_B_one_drug_patient_scored
epirubicin,hydroxyurea,epirubicin + hydroxyurea,-110,-107.8,-14,-188,0,5,BR:BT-549;BR:HS 578T;BR:MCF7;BR:MDA-MB-231;BR:T-47D,0.378230901780586,TRUE,FALSE,tier_B_one_drug_patient_scored
epirubicin,uracil mustard,epirubicin + uracil mustard,-48,-43.4,130,-158,0.2,5,BR:BT-549;BR:HS 578T;BR:MCF7;BR:MDA-MB-231;BR:T-47D,0.378230901780586,TRUE,FALSE,tier_B_one_drug_patient_scored
epirubicin,mitotane,epirubicin + mitotane,-81,-44.4,87,-149,0.4,5,BR:BT-549;BR:HS 578T;BR:MCF7;BR:MDA-MB-231;BR:T-47D,0.378230901780586,TRUE,FALSE,tier_B_one_drug_patient_scored
dacarbazine,epirubicin,dacarbazine + epirubicin,-43,-62.4,2,-170,0.2,5,BR:BT-549;BR:HS 578T;BR:MCF7;BR:MDA-MB-231;BR:T-47D,0.378230901780586,FALSE,TRUE,tier_B_one_drug_patient_scored
epirubicin,methoxsalen,epirubicin + methoxsalen,43,19.2,74,-70,0.8,5,BR:BT-549;BR:HS 578T;BR:MCF7;BR:MDA-MB-231;BR:T-47D,0.951081753781352,TRUE,FALSE,tier_B_one_drug_patient_scored
epirubicin,vinblastine,epirubicin + vinblastine,-39.5,-46.5,-11,-96,0,4,BR:HS 578T;BR:MCF7;BR:MDA-MB-231;BR:T-47D,0.378230901780586,TRUE,FALSE,tier_B_one_drug_patient_scored
cytarabine,epirubicin,cytarabine + epirubicin,-90,-72,52,-180,0.2,5,BR:BT-549;BR:HS 578T;BR:MCF7;BR:MDA-MB-231;BR:T-47D,0.378230901780586,FALSE,TRUE,tier_B_one_drug_patient_scored
epirubicin,thalidomide,epirubicin + thalidomide,-77,-42.4,52,-94,0.2,5,BR:BT-549;BR:HS 578T;BR:MCF7;BR:MDA-MB-231;BR:T-47D,0.378230901780586,TRUE,FALSE,tier_B_one_drug_patient_scored
epirubicin,vincristine,epirubicin + vincristine,-121,-115.4,-72,-173,0,5,BR:BT-549;BR:HS 578T;BR:MCF7;BR:MDA-MB-231;BR:T-47D,0.378230901780586,TRUE,FALSE,tier_B_one_drug_patient_scored
epirubicin,megestrol acetate,epirubicin + megestrol acetate,-27,-47.2,5,-120,0.4,5,BR:BT-549;BR:HS 578T;BR:MCF7;BR:MDA-MB-231;BR:T-47D,0.378230901780586,TRUE,FALSE,tier_B_one_drug_patient_scored
epirubicin,procarbazine,epirubicin + procarbazine,-62,-52,18,-102,0.25,4,BR:BT-549;BR:HS 578T;BR:MCF7;BR:MDA-MB-231,0.378230901780586,TRUE,FALSE,tier_B_one_drug_patient_scored
epirubicin,lomustine,epirubicin + lomustine,0,6.6,56,-15,0.4,5,BR:BT-549;BR:HS 578T;BR:MCF7;BR:MDA-MB-231;BR:T-47D,0.378230901780586,TRUE,FALSE,tier_B_one_drug_patient_scored
daunorubicin,epirubicin,daunorubicin + epirubicin,-126.5,-134.75,-57,-229,0,4,BR:BT-549;BR:HS 578T;BR:MCF7;BR:MDA-MB-231,0.378230901780586,FALSE,TRUE,tier_B_one_drug_patient_scored
epirubicin,streptozocin,epirubicin + streptozocin,-38,-29.8,65,-90,0.2,5,BR:BT-549;BR:HS 578T;BR:MCF7;BR:MDA-MB-231;BR:T-47D,0.378230901780586,TRUE,FALSE,tier_B_one_drug_patient_scored
arsenic trioxide,epirubicin,arsenic trioxide + epirubicin,-99,-96.6,-8,-186,0,5,BR:BT-549;BR:HS 578T;BR:MCF7;BR:MDA-MB-231;BR:T-47D,0.378230901780586,FALSE,TRUE,tier_B_one_drug_patient_scored
azacitidine,epirubicin,azacitidine + epirubicin,5,-1.4,76,-111,0.8,5,BR:BT-549;BR:HS 578T;BR:MCF7;BR:MDA-MB-231;BR:T-47D,0.793030825196247,FALSE,TRUE,tier_B_one_drug_patient_scored
cladribine,epirubicin,cladribine + epirubicin,-22,-1.2,45,-28,0.4,5,BR:BT-549;BR:HS 578T;BR:MCF7;BR:MDA-MB-231;BR:T-47D,0.378230901780586,FALSE,TRUE,tier_B_one_drug_patient_scored
epirubicin,ifosfamide,epirubicin + ifosfamide,0,-33.2,25,-114,0.4,5,BR:BT-549;BR:HS 578T;BR:MCF7;BR:MDA-MB-231;BR:T-47D,0.378230901780586,TRUE,FALSE,tier_B_one_drug_patient_scored
cisplatin,epirubicin,cisplatin + epirubicin,-30,-28,18,-78,0.2,5,BR:BT-549;BR:HS 578T;BR:MCF7;BR:MDA-MB-231;BR:T-47D,0.378230901780586,TRUE,TRUE,tier_A_both_drugs_patient_scored
epirubicin,isotretinoin,epirubicin + isotretinoin,-17,-19.4,32,-93,0.4,5,BR:BT-549;BR:HS 578T;BR:MCF7;BR:MDA-MB-231;BR:T-47D,0.378230901780586,TRUE,FALSE,tier_B_one_drug_patient_scored
epirubicin,teniposide,epirubicin + teniposide,-61,-100.6,5,-244,0.2,5,BR:BT-549;BR:HS 578T;BR:MCF7;BR:MDA-MB-231;BR:T-47D,0.378230901780586,TRUE,FALSE,tier_B_one_drug_patient_scored
doxorubicin,epirubicin,doxorubicin + epirubicin,-44,-30,89,-133,0.4,5,BR:BT-549;BR:HS 578T;BR:MCF7;BR:MDA-MB-231;BR:T-47D,0.378230901780586,TRUE,TRUE,tier_A_both_drugs_patient_scored
bleomycin,epirubicin,bleomycin + epirubicin,-41,-56.8,9,-195,0.2,5,BR:BT-549;BR:HS 578T;BR:MCF7;BR:MDA-MB-231;BR:T-47D,0.378230901780586,FALSE,TRUE,tier_B_one_drug_patient_scored
epirubicin,paclitaxel,epirubicin + paclitaxel,-142.5,-166.25,-121,-259,0,4,BR:BT-549;BR:HS 578T;BR:MCF7;BR:T-47D,0.378230901780586,TRUE,TRUE,tier_A_both_drugs_patient_scored
decitabine,epirubicin,decitabine + epirubicin,-59,-29.2,91,-112,0.4,5,BR:BT-549;BR:HS 578T;BR:MCF7;BR:MDA-MB-231;BR:T-47D,0.378230901780586,FALSE,TRUE,tier_B_one_drug_patient_scored
bendamustine,epirubicin,bendamustine + epirubicin,-81,-116.5,-77,-227,0,4,BR:HS 578T;BR:MCF7;BR:MDA-MB-231;BR:T-47D,0.378230901780586,FALSE,TRUE,tier_B_one_drug_patient_scored
epirubicin,etoposide,epirubicin + etoposide,-90,-108.5,-45,-209,0,4,BR:BT-549;BR:HS 578T;BR:MCF7;BR:MDA-MB-231,0.378230901780586,TRUE,FALSE,tier_B_one_drug_patient_scored
dexrazoxane,epirubicin,dexrazoxane + epirubicin,9,-7.4,25,-77,0.6,5,BR:BT-549;BR:HS 578T;BR:MCF7;BR:MDA-MB-231;BR:T-47D,0.827685238368754,FALSE,TRUE,tier_B_one_drug_patient_scored
epirubicin,tamoxifen,epirubicin + tamoxifen,-41,-58.6,6,-128,0.2,5,BR:BT-549;BR:HS 578T;BR:MCF7;BR:MDA-MB-231;BR:T-47D,0.378230901780586,TRUE,FALSE,tier_B_one_drug_patient_scored
epirubicin,pentostatin,epirubicin + pentostatin,-28,-23.4,6,-48,0.2,5,BR:BT-549;BR:HS 578T;BR:MCF7;BR:MDA-MB-231;BR:T-47D,0.378230901780586,TRUE,FALSE,tier_B_one_drug_patient_scored
epirubicin,rapamycin,epirubicin + rapamycin,105,73.4,130,-66,0.8,5,BR:BT-549;BR:HS 578T;BR:MCF7;BR:MDA-MB-231;BR:T-47D,0.99186291403408,TRUE,TRUE,tier_A_both_drugs_patient_scored
carboplatin,epirubicin,carboplatin + epirubicin,-83,-54.2,43,-138,0.4,5,BR:BT-549;BR:HS 578T;BR:MCF7;BR:MDA-MB-231;BR:T-47D,0.378230901780586,FALSE,TRUE,tier_B_one_drug_patient_scored
epirubicin,valrubicin,epirubicin + valrubicin,-156,-117.4,-21,-164,0,5,BR:BT-549;BR:HS 578T;BR:MCF7;BR:MDA-MB-231;BR:T-47D,0.378230901780586,TRUE,FALSE,tier_B_one_drug_patient_scored
epirubicin,oxaliplatin,epirubicin + oxaliplatin,-94,-107,-15,-227,0,5,BR:BT-549;BR:HS 578T;BR:MCF7;BR:MDA-MB-231;BR:T-47D,0.378230901780586,TRUE,FALSE,tier_B_one_drug_patient_scored
epirubicin,mitoxantrone,epirubicin + mitoxantrone,-59,-76.6,-30,-131,0,5,BR:BT-549;BR:HS 578T;BR:MCF7;BR:MDA-MB-231;BR:T-47D,0.378230901780586,TRUE,FALSE,tier_B_one_drug_patient_scored
amifostine,epirubicin,amifostine + epirubicin,-87,-50.6,58,-122,0.4,5,BR:BT-549;BR:HS 578T;BR:MCF7;BR:MDA-MB-231;BR:T-47D,0.378230901780586,FALSE,TRUE,tier_B_one_drug_patient_scored
epirubicin,temozolomide,epirubicin + temozolomide,-129,-124.2,-70,-185,0,5,BR:BT-549;BR:HS 578T;BR:MCF7;BR:MDA-MB-231;BR:T-47D,0.378230901780586,TRUE,FALSE,tier_B_one_drug_patient_scored
epirubicin,imiquimod,epirubicin + imiquimod,-51,-63.8,0,-147,0,5,BR:BT-549;BR:HS 578T;BR:MCF7;BR:MDA-MB-231;BR:T-47D,0.378230901780586,TRUE,FALSE,tier_B_one_drug_patient_scored
carmustine,epirubicin,carmustine + epirubicin,-135.5,-119,-29,-176,0,4,BR:BT-549;BR:HS 578T;BR:MCF7;BR:MDA-MB-231,0.378230901780586,FALSE,TRUE,tier_B_one_drug_patient_scored
clofarabine,epirubicin,clofarabine + epirubicin,-105,-88.4,-16,-130,0,5,BR:BT-549;BR:HS 578T;BR:MCF7;BR:MDA-MB-231;BR:T-47D,0.378230901780586,FALSE,TRUE,tier_B_one_drug_patient_scored
epirubicin,vinorelbine,epirubicin + vinorelbine,-68,-46.4,79,-167,0.4,5,BR:BT-549;BR:HS 578T;BR:MCF7;BR:MDA-MB-231;BR:T-47D,0.378230901780586,TRUE,FALSE,tier_B_one_drug_patient_scored
epirubicin,topotecan,epirubicin + topotecan,-32,-30.4,45,-101,0.2,5,BR:BT-549;BR:HS 578T;BR:MCF7;BR:MDA-MB-231;BR:T-47D,0.378230901780586,TRUE,FALSE,tier_B_one_drug_patient_scored
epirubicin,gemcitabine,epirubicin + gemcitabine,-24,-25.2,118,-150,0.2,5,BR:BT-549;BR:HS 578T;BR:MCF7;BR:MDA-MB-231;BR:T-47D,0.378230901780586,TRUE,TRUE,tier_A_both_drugs_patient_scored
docetaxel,epirubicin,docetaxel + epirubicin,-2,-35.2,113,-274,0.4,5,BR:BT-549;BR:HS 578T;BR:MCF7;BR:MDA-MB-231;BR:T-47D,0.378230901780586,TRUE,TRUE,tier_A_both_drugs_patient_scored
7 ethyl 10 hydroxycamptothecin,epirubicin,7 ethyl 10 hydroxycamptothecin + epirubicin,72,79.2,219,-5,0.8,5,BR:BT-549;BR:HS 578T;BR:MCF7;BR:MDA-MB-231;BR:T-47D,0.981332567489948,FALSE,TRUE,tier_B_one_drug_patient_scored
bortezomib,epirubicin,bortezomib + epirubicin,-33,-14,90,-129,0.4,5,BR:BT-549;BR:HS 578T;BR:MCF7;BR:MDA-MB-231;BR:T-47D,0.378230901780586,FALSE,TRUE,tier_B_one_drug_patient_scored
epirubicin,nelarabine,epirubicin + nelarabine,-31,-17,75,-60,0.2,5,BR:BT-549;BR:HS 578T;BR:MCF7;BR:MDA-MB-231;BR:T-47D,0.378230901780586,TRUE,FALSE,tier_B_one_drug_patient_scored
epirubicin,pemetrexed,epirubicin + pemetrexed,-108,-99.75,-56,-127,0,4,BR:BT-549;BR:HS 578T;BR:MCF7;BR:MDA-MB-231,0.378230901780586,TRUE,FALSE,tier_B_one_drug_patient_scored
epirubicin,vorinostat,epirubicin + vorinostat,19,22,75,-9,0.6,5,BR:BT-549;BR:HS 578T;BR:MCF7;BR:MDA-MB-231;BR:T-47D,0.883974727168294,TRUE,FALSE,tier_B_one_drug_patient_scored
epirubicin,estramustine,epirubicin + estramustine,-45,-99.6,-22,-211,0,5,BR:BT-549;BR:HS 578T;BR:MCF7;BR:MDA-MB-231;BR:T-47D,0.378230901780586,TRUE,FALSE,tier_B_one_drug_patient_scored
epirubicin,eribulin mesilate,epirubicin + eribulin mesilate,-76,-152,-56,-416,0,5,BR:BT-549;BR:HS 578T;BR:MCF7;BR:MDA-MB-231;BR:T-47D,0.378230901780586,TRUE,FALSE,tier_B_one_drug_patient_scored
capecitabine,epirubicin,capecitabine + epirubicin,-62,-70.8,12,-200,0.2,5,BR:BT-549;BR:HS 578T;BR:MCF7;BR:MDA-MB-231;BR:T-47D,0.378230901780586,FALSE,TRUE,tier_B_one_drug_patient_scored
epirubicin,exemestane,epirubicin + exemestane,-60,-65.2,5,-160,0.2,5,BR:BT-549;BR:HS 578T;BR:MCF7;BR:MDA-MB-231;BR:T-47D,0.378230901780586,TRUE,FALSE,tier_B_one_drug_patient_scored
epirubicin,gefitinib,epirubicin + gefitinib,-2.5,-10.5,25,-62,0.5,4,BR:HS 578T;BR:MCF7;BR:MDA-MB-231;BR:T-47D,0.378230901780586,TRUE,FALSE,tier_B_one_drug_patient_scored
epirubicin,erlotinib,epirubicin + erlotinib,-3,10.6,58,-40,0.4,5,BR:BT-549;BR:HS 578T;BR:MCF7;BR:MDA-MB-231;BR:T-47D,0.378230901780586,TRUE,FALSE,tier_B_one_drug_patient_scored
epirubicin,fulvestrant,epirubicin + fulvestrant,8,5.2,35,-37,0.6,5,BR:BT-549;BR:HS 578T;BR:MCF7;BR:MDA-MB-231;BR:T-47D,0.818973769864063,TRUE,FALSE,tier_B_one_drug_patient_scored
anastrozole,epirubicin,anastrozole + epirubicin,11,-24.2,68,-157,0.6,5,BR:BT-549;BR:HS 578T;BR:MCF7;BR:MDA-MB-231;BR:T-47D,0.841853340991767,FALSE,TRUE,tier_B_one_drug_patient_scored
epirubicin,letrozole,epirubicin + letrozole,-3,-16.2,92,-106,0.4,5,BR:BT-549;BR:HS 578T;BR:MCF7;BR:MDA-MB-231;BR:T-47D,0.378230901780586,TRUE,FALSE,tier_B_one_drug_patient_scored
celecoxib,epirubicin,celecoxib + epirubicin,-41,-66.6,-20,-155,0,5,BR:BT-549;BR:HS 578T;BR:MCF7;BR:MDA-MB-231;BR:T-47D,0.378230901780586,FALSE,TRUE,tier_B_one_drug_patient_scored
epirubicin,zoledronate,epirubicin + zoledronate,-26,-1.6,109,-93,0.4,5,BR:BT-549;BR:HS 578T;BR:MCF7;BR:MDA-MB-231;BR:T-47D,0.378230901780586,TRUE,FALSE,tier_B_one_drug_patient_scored
dasatinib,epirubicin,dasatinib + epirubicin,-68,-73.6,5,-206,0.2,5,BR:BT-549;BR:HS 578T;BR:MCF7;BR:MDA-MB-231;BR:T-47D,0.378230901780586,FALSE,TRUE,tier_B_one_drug_patient_scored
epirubicin,everolimus,epirubicin + everolimus,66,40.4,139,-91,0.8,5,BR:BT-549;BR:HS 578T;BR:MCF7;BR:MDA-MB-231;BR:T-47D,0.977694811411066,TRUE,FALSE,tier_B_one_drug_patient_scored
epirubicin,pazopanib,epirubicin + pazopanib,-13,15.25,198,-111,0.5,4,BR:HS 578T;BR:MCF7;BR:MDA-MB-231;BR:T-47D,0.378230901780586,TRUE,FALSE,tier_B_one_drug_patient_scored
epirubicin,imatinib,epirubicin + imatinib,-62,-83,-60,-148,0,4,BR:HS 578T;BR:MCF7;BR:MDA-MB-231;BR:T-47D,0.378230901780586,TRUE,FALSE,tier_B_one_drug_patient_scored
epirubicin,lapatinib,epirubicin + lapatinib,83,70.4,188,-80,0.8,5,BR:BT-549;BR:HS 578T;BR:MCF7;BR:MDA-MB-231;BR:T-47D,0.985927627800115,TRUE,TRUE,tier_A_both_drugs_patient_scored
epirubicin,nilotinib,epirubicin + nilotinib,-95,-141,-2,-330,0,5,BR:BT-549;BR:HS 578T;BR:MCF7;BR:MDA-MB-231;BR:T-47D,0.378230901780586,TRUE,FALSE,tier_B_one_drug_patient_scored
epirubicin,sorafenib,epirubicin + sorafenib,-12,-38,-1,-127,0,4,BR:HS 578T;BR:MCF7;BR:MDA-MB-231;BR:T-47D,0.378230901780586,TRUE,FALSE,tier_B_one_drug_patient_scored
epirubicin,lenalidomide,epirubicin + lenalidomide,-40,-46.2,91,-155,0.4,5,BR:BT-549;BR:HS 578T;BR:MCF7;BR:MDA-MB-231;BR:T-47D,0.378230901780586,TRUE,FALSE,tier_B_one_drug_patient_scored
epirubicin,ixabepilone,epirubicin + ixabepilone,29,-4.8,72,-88,0.6,5,BR:BT-549;BR:HS 578T;BR:MCF7;BR:MDA-MB-231;BR:T-47D,0.920830940072755,TRUE,FALSE,tier_B_one_drug_patient_scored
epirubicin,raloxifene,epirubicin + raloxifene,37,38,99,-32,0.8,5,BR:BT-549;BR:HS 578T;BR:MCF7;BR:MDA-MB-231;BR:T-47D,0.941317250622248,TRUE,FALSE,tier_B_one_drug_patient_scored
abiraterone,epirubicin,abiraterone + epirubicin,-39,-53.25,-18,-117,0,4,BR:HS 578T;BR:MCF7;BR:MDA-MB-231;BR:T-47D,0.378230901780586,FALSE,TRUE,tier_B_one_drug_patient_scored
epirubicin,sunitinib,epirubicin + sunitinib,9,-5.8,65,-115,0.6,5,BR:BT-549;BR:HS 578T;BR:MCF7;BR:MDA-MB-231;BR:T-47D,0.827685238368754,TRUE,FALSE,tier_B_one_drug_patient_scored
depsipeptide,epirubicin,depsipeptide + epirubicin,19.5,16.5,111,-84,0.5,4,BR:BT-549;BR:HS 578T;BR:MCF7;BR:MDA-MB-231,0.886272257323377,FALSE,TRUE,tier_B_one_drug_patient_scored
epirubicin,pralatrexate,epirubicin + pralatrexate,-133,-133.25,-56,-211,0,4,BR:BT-549;BR:HS 578T;BR:MCF7;BR:MDA-MB-231,0.378230901780586,TRUE,FALSE,tier_B_one_drug_patient_scored
epirubicin,vismodegib,epirubicin + vismodegib,-32.5,-41.25,18,-118,0.25,4,BR:HS 578T;BR:MCF7;BR:MDA-MB-231;BR:T-47D,0.378230901780586,TRUE,FALSE,tier_B_one_drug_patient_scored
crizotinib,epirubicin,crizotinib + epirubicin,-90,-115.6,-66,-234,0,5,BR:BT-549;BR:HS 578T;BR:MCF7;BR:MDA-MB-231;BR:T-47D,0.378230901780586,FALSE,TRUE,tier_B_one_drug_patient_scored
axitinib,epirubicin,axitinib + epirubicin,-113,-119,-41,-213,0,5,BR:BT-549;BR:HS 578T;BR:MCF7;BR:MDA-MB-231;BR:T-47D,0.378230901780586,FALSE,TRUE,tier_B_one_drug_patient_scored
epirubicin,vandetanib,epirubicin + vandetanib,-29,-53.4,9,-182,0.4,5,BR:BT-549;BR:HS 578T;BR:MCF7;BR:MDA-MB-231;BR:T-47D,0.378230901780586,TRUE,FALSE,tier_B_one_drug_patient_scored
cabazitaxel,epirubicin,cabazitaxel + epirubicin,-185,-185,-66,-277,0,5,BR:BT-549;BR:HS 578T;BR:MCF7;BR:MDA-MB-231;BR:T-47D,0.378230901780586,FALSE,TRUE,tier_B_one_drug_patient_scored
epirubicin,ruxolitinib,epirubicin + ruxolitinib,11,3.2,72,-63,0.6,5,BR:BT-549;BR:HS 578T;BR:MCF7;BR:MDA-MB-231;BR:T-47D,0.841853340991767,TRUE,FALSE,tier_B_one_drug_patient_scored
methotrexate,oxaliplatin,methotrexate + oxaliplatin,-45,-51.6,-15,-89,0,5,BR:BT-549;BR:HS 578T;BR:MCF7;BR:MDA-MB-231;BR:T-47D,0.378230901780586,FALSE,FALSE,not_patient_scored
busulfan,oxaliplatin,busulfan + oxaliplatin,-33,-28.6,-1,-60,0,5,BR:BT-549;BR:HS 578T;BR:MCF7;BR:MDA-MB-231;BR:T-47D,0.378230901780586,FALSE,FALSE,not_patient_scored
6 thioguanine,oxaliplatin,6 thioguanine + oxaliplatin,-48,-28.8,17,-72,0.4,5,BR:BT-549;BR:HS 578T;BR:MCF7;BR:MDA-MB-231;BR:T-47D,0.378230901780586,FALSE,FALSE,not_patient_scored
6 mercaptopurine,oxaliplatin,6 mercaptopurine + oxaliplatin,-70,-63.6,8,-95,0.2,5,BR:BT-549;BR:HS 578T;BR:MCF7;BR:MDA-MB-231;BR:T-47D,0.378230901780586,FALSE,FALSE,not_patient_scored
nitrogen mustard,oxaliplatin,nitrogen mustard + oxaliplatin,-52,-35.8,0,-66,0,5,BR:BT-549;BR:HS 578T;BR:MCF7;BR:MDA-MB-231;BR:T-47D,0.378230901780586,FALSE,FALSE,not_patient_scored
allopurinol,oxaliplatin,allopurinol + oxaliplatin,-20,-19.6,5,-35,0.2,5,BR:BT-549;BR:HS 578T;BR:MCF7;BR:MDA-MB-231;BR:T-47D,0.378230901780586,FALSE,FALSE,not_patient_scored
actinomycin d,oxaliplatin,actinomycin d + oxaliplatin,-34,-17.6666666666667,68,-87,0.333333333333333,3,BR:MCF7;BR:MDA-MB-231;BR:T-47D,0.378230901780586,FALSE,FALSE,not_patient_scored
chlorambucil,oxaliplatin,chlorambucil + oxaliplatin,-58,-42.8,12,-102,0.2,5,BR:BT-549;BR:HS 578T;BR:MCF7;BR:MDA-MB-231;BR:T-47D,0.378230901780586,FALSE,FALSE,not_patient_scored
oxaliplatin,thiotepa,oxaliplatin + thiotepa,-50,-28.6,52,-62,0.2,5,BR:BT-549;BR:HS 578T;BR:MCF7;BR:MDA-MB-231;BR:T-47D,0.378230901780586,FALSE,FALSE,not_patient_scored
melphalan,oxaliplatin,melphalan + oxaliplatin,-64,-54.8,8,-129,0.2,5,BR:BT-549;BR:HS 578T;BR:MCF7;BR:MDA-MB-231;BR:T-47D,0.378230901780586,FALSE,FALSE,not_patient_scored
oxaliplatin,triethylenemelamine,oxaliplatin + triethylenemelamine,-24,-35.6,17,-85,0.2,5,BR:BT-549;BR:HS 578T;BR:MCF7;BR:MDA-MB-231;BR:T-47D,0.378230901780586,FALSE,FALSE,not_patient_scored
altretamine,oxaliplatin,altretamine + oxaliplatin,-62,-70.8,-5,-164,0,5,BR:BT-549;BR:HS 578T;BR:MCF7;BR:MDA-MB-231;BR:T-47D,0.378230901780586,FALSE,FALSE,not_patient_scored
acrichine,oxaliplatin,acrichine + oxaliplatin,-8,-11.4,68,-64,0.2,5,BR:BT-549;BR:HS 578T;BR:MCF7;BR:MDA-MB-231;BR:T-47D,0.378230901780586,FALSE,FALSE,not_patient_scored
aminolevulinic acid,oxaliplatin,aminolevulinic acid + oxaliplatin,-11,-38,15,-124,0.2,5,BR:BT-549;BR:HS 578T;BR:MCF7;BR:MDA-MB-231;BR:T-47D,0.378230901780586,FALSE,FALSE,not_patient_scored
5-fluorouracil,oxaliplatin,5-fluorouracil + oxaliplatin,-2,-4,29,-38,0.4,5,BR:BT-549;BR:HS 578T;BR:MCF7;BR:MDA-MB-231;BR:T-47D,0.378230901780586,TRUE,FALSE,tier_B_one_drug_patient_scored
mithramycin,oxaliplatin,mithramycin + oxaliplatin,-2,-3.2,16,-41,0.4,5,BR:BT-549;BR:HS 578T;BR:MCF7;BR:MDA-MB-231;BR:T-47D,0.378230901780586,FALSE,FALSE,not_patient_scored
oxaliplatin,pipobroman,oxaliplatin + pipobroman,-21,-30.2,-20,-46,0,5,BR:BT-549;BR:HS 578T;BR:MCF7;BR:MDA-MB-231;BR:T-47D,0.378230901780586,FALSE,FALSE,not_patient_scored
cyclophosphamide,oxaliplatin,cyclophosphamide + oxaliplatin,-68,-72.4,7,-190,0.2,5,BR:BT-549;BR:HS 578T;BR:MCF7;BR:MDA-MB-231;BR:T-47D,0.378230901780586,FALSE,FALSE,not_patient_scored
mitomycin,oxaliplatin,mitomycin + oxaliplatin,-70,-71,1,-200,0.2,5,BR:BT-549;BR:HS 578T;BR:MCF7;BR:MDA-MB-231;BR:T-47D,0.378230901780586,FALSE,FALSE,not_patient_scored
floxuridine,oxaliplatin,floxuridine + oxaliplatin,-28,-35.6,19,-100,0.2,5,BR:BT-549;BR:HS 578T;BR:MCF7;BR:MDA-MB-231;BR:T-47D,0.378230901780586,FALSE,FALSE,not_patient_scored
hydroxyurea,oxaliplatin,hydroxyurea + oxaliplatin,-13,-25.6,-6,-51,0,5,BR:BT-549;BR:HS 578T;BR:MCF7;BR:MDA-MB-231;BR:T-47D,0.378230901780586,FALSE,FALSE,not_patient_scored
oxaliplatin,uracil mustard,oxaliplatin + uracil mustard,-11,-31.2,11,-82,0.2,5,BR:BT-549;BR:HS 578T;BR:MCF7;BR:MDA-MB-231;BR:T-47D,0.378230901780586,FALSE,FALSE,not_patient_scored
mitotane,oxaliplatin,mitotane + oxaliplatin,-13,-11.4,6,-22,0.2,5,BR:BT-549;BR:HS 578T;BR:MCF7;BR:MDA-MB-231;BR:T-47D,0.378230901780586,FALSE,FALSE,not_patient_scored
dacarbazine,oxaliplatin,dacarbazine + oxaliplatin,-42,-54.2,4,-124,0.2,5,BR:BT-549;BR:HS 578T;BR:MCF7;BR:MDA-MB-231;BR:T-47D,0.378230901780586,FALSE,FALSE,not_patient_scored
methoxsalen,oxaliplatin,methoxsalen + oxaliplatin,-16,-67.6,28,-201,0.4,5,BR:BT-549;BR:HS 578T;BR:MCF7;BR:MDA-MB-231;BR:T-47D,0.378230901780586,FALSE,FALSE,not_patient_scored
oxaliplatin,vinblastine,oxaliplatin + vinblastine,-32,-36.5,1,-83,0.25,4,BR:BT-549;BR:MCF7;BR:MDA-MB-231;BR:T-47D,0.378230901780586,FALSE,FALSE,not_patient_scored
cytarabine,oxaliplatin,cytarabine + oxaliplatin,-14,-9,7,-19,0.2,5,BR:BT-549;BR:HS 578T;BR:MCF7;BR:MDA-MB-231;BR:T-47D,0.378230901780586,FALSE,FALSE,not_patient_scored
oxaliplatin,thalidomide,oxaliplatin + thalidomide,-45,-62.2,35,-205,0.2,5,BR:BT-549;BR:HS 578T;BR:MCF7;BR:MDA-MB-231;BR:T-47D,0.378230901780586,FALSE,FALSE,not_patient_scored
oxaliplatin,vincristine,oxaliplatin + vincristine,-55.5,-48,-10,-71,0,4,BR:BT-549;BR:HS 578T;BR:MCF7;BR:MDA-MB-231,0.378230901780586,FALSE,FALSE,not_patient_scored
megestrol acetate,oxaliplatin,megestrol acetate + oxaliplatin,-89,-74.2,31,-143,0.2,5,BR:BT-549;BR:HS 578T;BR:MCF7;BR:MDA-MB-231;BR:T-47D,0.378230901780586,FALSE,FALSE,not_patient_scored
oxaliplatin,procarbazine,oxaliplatin + procarbazine,-132,-120.4,-10,-276,0,5,BR:BT-549;BR:HS 578T;BR:MCF7;BR:MDA-MB-231;BR:T-47D,0.378230901780586,FALSE,FALSE,not_patient_scored
lomustine,oxaliplatin,lomustine + oxaliplatin,-37,-22.8,34,-71,0.2,5,BR:BT-549;BR:HS 578T;BR:MCF7;BR:MDA-MB-231;BR:T-47D,0.378230901780586,FALSE,FALSE,not_patient_scored
daunorubicin,oxaliplatin,daunorubicin + oxaliplatin,-14,-10.2,22,-44,0.2,5,BR:BT-549;BR:HS 578T;BR:MCF7;BR:MDA-MB-231;BR:T-47D,0.378230901780586,FALSE,FALSE,not_patient_scored
oxaliplatin,streptozocin,oxaliplatin + streptozocin,-163,-149.2,-52,-269,0,5,BR:BT-549;BR:HS 578T;BR:MCF7;BR:MDA-MB-231;BR:T-47D,0.378230901780586,FALSE,FALSE,not_patient_scored
azacitidine,oxaliplatin,azacitidine + oxaliplatin,-33,-37.8,-16,-74,0,5,BR:BT-549;BR:HS 578T;BR:MCF7;BR:MDA-MB-231;BR:T-47D,0.378230901780586,FALSE,FALSE,not_patient_scored
cladribine,oxaliplatin,cladribine + oxaliplatin,-36,-35.8,-4,-63,0,5,BR:BT-549;BR:HS 578T;BR:MCF7;BR:MDA-MB-231;BR:T-47D,0.378230901780586,FALSE,FALSE,not_patient_scored
fludarabine,oxaliplatin,fludarabine + oxaliplatin,-20.5,-47.75,-10,-140,0,4,BR:BT-549;BR:MCF7;BR:MDA-MB-231;BR:T-47D,0.378230901780586,FALSE,FALSE,not_patient_scored
isotretinoin,oxaliplatin,isotretinoin + oxaliplatin,-11,-15.6,17,-46,0.2,5,BR:BT-549;BR:HS 578T;BR:MCF7;BR:MDA-MB-231;BR:T-47D,0.378230901780586,FALSE,FALSE,not_patient_scored
oxaliplatin,teniposide,oxaliplatin + teniposide,-47,-39.2,27,-99,0.4,5,BR:BT-549;BR:HS 578T;BR:MCF7;BR:MDA-MB-231;BR:T-47D,0.378230901780586,FALSE,FALSE,not_patient_scored
doxorubicin,oxaliplatin,doxorubicin + oxaliplatin,-18,-19,6,-49,0.2,5,BR:BT-549;BR:HS 578T;BR:MCF7;BR:MDA-MB-231;BR:T-47D,0.378230901780586,TRUE,FALSE,tier_B_one_drug_patient_scored
bleomycin,oxaliplatin,bleomycin + oxaliplatin,-4,-4.8,52,-66,0.4,5,BR:BT-549;BR:HS 578T;BR:MCF7;BR:MDA-MB-231;BR:T-47D,0.378230901780586,FALSE,FALSE,not_patient_scored
oxaliplatin,paclitaxel,oxaliplatin + paclitaxel,31,49.4,182,-6,0.8,5,BR:BT-549;BR:HS 578T;BR:MCF7;BR:MDA-MB-231;BR:T-47D,0.926287574191078,FALSE,TRUE,tier_B_one_drug_patient_scored
bendamustine,oxaliplatin,bendamustine + oxaliplatin,0,6.2,50,-42,0.4,5,BR:BT-549;BR:HS 578T;BR:MCF7;BR:MDA-MB-231;BR:T-47D,0.378230901780586,FALSE,FALSE,not_patient_scored
etoposide,oxaliplatin,etoposide + oxaliplatin,-22,-12.4,12,-31,0.4,5,BR:BT-549;BR:HS 578T;BR:MCF7;BR:MDA-MB-231;BR:T-47D,0.378230901780586,FALSE,FALSE,not_patient_scored
dexrazoxane,oxaliplatin,dexrazoxane + oxaliplatin,-16,-17,57,-83,0.4,5,BR:BT-549;BR:HS 578T;BR:MCF7;BR:MDA-MB-231;BR:T-47D,0.378230901780586,FALSE,FALSE,not_patient_scored
oxaliplatin,tamoxifen,oxaliplatin + tamoxifen,-15,-8.8,32,-69,0.4,5,BR:BT-549;BR:HS 578T;BR:MCF7;BR:MDA-MB-231;BR:T-47D,0.378230901780586,FALSE,FALSE,not_patient_scored
oxaliplatin,rapamycin,oxaliplatin + rapamycin,14,27.4,147,-30,0.6,5,BR:BT-549;BR:HS 578T;BR:MCF7;BR:MDA-MB-231;BR:T-47D,0.858989086731763,FALSE,TRUE,tier_B_one_drug_patient_scored
carboplatin,oxaliplatin,carboplatin + oxaliplatin,-22,-18.6,34,-78,0.2,5,BR:BT-549;BR:HS 578T;BR:MCF7;BR:MDA-MB-231;BR:T-47D,0.378230901780586,FALSE,FALSE,not_patient_scored
oxaliplatin,valrubicin,oxaliplatin + valrubicin,-158,-150.2,-63,-232,0,5,BR:BT-549;BR:HS 578T;BR:MCF7;BR:MDA-MB-231;BR:T-47D,0.378230901780586,FALSE,FALSE,not_patient_scored
mitoxantrone,oxaliplatin,mitoxantrone + oxaliplatin,14,1.2,24,-36,0.6,5,BR:BT-549;BR:HS 578T;BR:MCF7;BR:MDA-MB-231;BR:T-47D,0.858989086731763,FALSE,FALSE,not_patient_scored
oxaliplatin,temozolomide,oxaliplatin + temozolomide,4,-8.2,23,-77,0.8,5,BR:BT-549;BR:HS 578T;BR:MCF7;BR:MDA-MB-231;BR:T-47D,0.783553513306529,FALSE,FALSE,not_patient_scored
clofarabine,oxaliplatin,clofarabine + oxaliplatin,-20,-4.6,35,-25,0.4,5,BR:BT-549;BR:HS 578T;BR:MCF7;BR:MDA-MB-231;BR:T-47D,0.378230901780586,FALSE,FALSE,not_patient_scored
oxaliplatin,vinorelbine,oxaliplatin + vinorelbine,5,15.6,56,-22,0.8,5,BR:BT-549;BR:HS 578T;BR:MCF7;BR:MDA-MB-231;BR:T-47D,0.793030825196247,FALSE,FALSE,not_patient_scored
oxaliplatin,topotecan,oxaliplatin + topotecan,2,17.5,195,-67,0.5,5,BR:BT-549;BR:HS 578T;BR:MCF7;BR:MDA-MB-231;BR:T-47D,0.768140915182845,FALSE,FALSE,not_patient_scored
gemcitabine,oxaliplatin,gemcitabine + oxaliplatin,-13,-16.6,9,-50,0.2,5,BR:BT-549;BR:HS 578T;BR:MCF7;BR:MDA-MB-231;BR:T-47D,0.378230901780586,TRUE,FALSE,tier_B_one_drug_patient_scored
docetaxel,oxaliplatin,docetaxel + oxaliplatin,-89.5,-84,-63,-94,0,4,BR:HS 578T;BR:MCF7;BR:MDA-MB-231;BR:T-47D,0.378230901780586,TRUE,FALSE,tier_B_one_drug_patient_scored
7 ethyl 10 hydroxycamptothecin,oxaliplatin,7 ethyl 10 hydroxycamptothecin + oxaliplatin,-8,-13.8,40,-72,0.4,5,BR:BT-549;BR:HS 578T;BR:MCF7;BR:MDA-MB-231;BR:T-47D,0.378230901780586,FALSE,FALSE,not_patient_scored
nelarabine,oxaliplatin,nelarabine + oxaliplatin,-49,-57.4,-20,-123,0,5,BR:BT-549;BR:HS 578T;BR:MCF7;BR:MDA-MB-231;BR:T-47D,0.378230901780586,FALSE,FALSE,not_patient_scored
oxaliplatin,pemetrexed,oxaliplatin + pemetrexed,19,-2.8,59,-84,0.6,5,BR:BT-549;BR:HS 578T;BR:MCF7;BR:MDA-MB-231;BR:T-47D,0.883974727168294,FALSE,FALSE,not_patient_scored
oxaliplatin,vorinostat,oxaliplatin + vorinostat,-6,-12.8,19,-50,0.4,5,BR:BT-549;BR:HS 578T;BR:MCF7;BR:MDA-MB-231;BR:T-47D,0.378230901780586,FALSE,FALSE,not_patient_scored
capecitabine,oxaliplatin,capecitabine + oxaliplatin,-46,-39.2,-11,-74,0,5,BR:BT-549;BR:HS 578T;BR:MCF7;BR:MDA-MB-231;BR:T-47D,0.378230901780586,FALSE,FALSE,not_patient_scored
exemestane,oxaliplatin,exemestane + oxaliplatin,6,-1.2,20,-23,0.6,5,BR:BT-549;BR:HS 578T;BR:MCF7;BR:MDA-MB-231;BR:T-47D,0.802508137085966,FALSE,FALSE,not_patient_scored
gefitinib,oxaliplatin,gefitinib + oxaliplatin,7,4.4,22,-20,0.6,5,BR:BT-549;BR:HS 578T;BR:MCF7;BR:MDA-MB-231;BR:T-47D,0.810453762205629,FALSE,FALSE,not_patient_scored
fulvestrant,oxaliplatin,fulvestrant + oxaliplatin,-45,-33.2,21,-63,0.2,5,BR:BT-549;BR:HS 578T;BR:MCF7;BR:MDA-MB-231;BR:T-47D,0.378230901780586,FALSE,FALSE,not_patient_scored
anastrozole,oxaliplatin,anastrozole + oxaliplatin,-31,-36.6,10,-78,0.2,5,BR:BT-549;BR:HS 578T;BR:MCF7;BR:MDA-MB-231;BR:T-47D,0.378230901780586,FALSE,FALSE,not_patient_scored
letrozole,oxaliplatin,letrozole + oxaliplatin,-45,-23.8,55,-84,0.4,5,BR:BT-549;BR:HS 578T;BR:MCF7;BR:MDA-MB-231;BR:T-47D,0.378230901780586,FALSE,FALSE,not_patient_scored
celecoxib,oxaliplatin,celecoxib + oxaliplatin,-60,-59.6,-25,-101,0,5,BR:BT-549;BR:HS 578T;BR:MCF7;BR:MDA-MB-231;BR:T-47D,0.378230901780586,FALSE,FALSE,not_patient_scored
oxaliplatin,zoledronate,oxaliplatin + zoledronate,-11,-19,6,-60,0.2,5,BR:BT-549;BR:HS 578T;BR:MCF7;BR:MDA-MB-231;BR:T-47D,0.378230901780586,FALSE,FALSE,not_patient_scored
dasatinib,oxaliplatin,dasatinib + oxaliplatin,-9,-13,5,-39,0.2,5,BR:BT-549;BR:HS 578T;BR:MCF7;BR:MDA-MB-231;BR:T-47D,0.378230901780586,FALSE,FALSE,not_patient_scored
everolimus,oxaliplatin,everolimus + oxaliplatin,-9,-6.4,38,-28,0.2,5,BR:BT-549;BR:HS 578T;BR:MCF7;BR:MDA-MB-231;BR:T-47D,0.378230901780586,FALSE,FALSE,not_patient_scored
oxaliplatin,pazopanib,oxaliplatin + pazopanib,-29,-30.8,19,-122,0.4,5,BR:BT-549;BR:HS 578T;BR:MCF7;BR:MDA-MB-231;BR:T-47D,0.378230901780586,FALSE,FALSE,not_patient_scored
imatinib,oxaliplatin,imatinib + oxaliplatin,13,-11.2,26,-89,0.6,5,BR:BT-549;BR:HS 578T;BR:MCF7;BR:MDA-MB-231;BR:T-47D,0.852766609228413,FALSE,FALSE,not_patient_scored
lapatinib,oxaliplatin,lapatinib + oxaliplatin,-10,-28.2,5,-71,0.2,5,BR:BT-549;BR:HS 578T;BR:MCF7;BR:MDA-MB-231;BR:T-47D,0.378230901780586,TRUE,FALSE,tier_B_one_drug_patient_scored
nilotinib,oxaliplatin,nilotinib + oxaliplatin,-34,-40,-18,-73,0,5,BR:BT-549;BR:HS 578T;BR:MCF7;BR:MDA-MB-231;BR:T-47D,0.378230901780586,FALSE,FALSE,not_patient_scored
oxaliplatin,sorafenib,oxaliplatin + sorafenib,-29,-17.4,80,-90,0.4,5,BR:BT-549;BR:HS 578T;BR:MCF7;BR:MDA-MB-231;BR:T-47D,0.378230901780586,FALSE,FALSE,not_patient_scored
lenalidomide,oxaliplatin,lenalidomide + oxaliplatin,-9,-13.8,-6,-36,0,5,BR:BT-549;BR:HS 578T;BR:MCF7;BR:MDA-MB-231;BR:T-47D,0.378230901780586,FALSE,FALSE,not_patient_scored
oxaliplatin,raloxifene,oxaliplatin + raloxifene,-14,-17.6,5,-38,0.2,5,BR:BT-549;BR:HS 578T;BR:MCF7;BR:MDA-MB-231;BR:T-47D,0.378230901780586,FALSE,FALSE,not_patient_scored
abiraterone,oxaliplatin,abiraterone + oxaliplatin,24,22.8,95,-21,0.6,5,BR:BT-549;BR:HS 578T;BR:MCF7;BR:MDA-MB-231;BR:T-47D,0.904843959410301,FALSE,FALSE,not_patient_scored
oxaliplatin,sunitinib,oxaliplatin + sunitinib,-27,-48.6,-1,-138,0,5,BR:BT-549;BR:HS 578T;BR:MCF7;BR:MDA-MB-231;BR:T-47D,0.378230901780586,FALSE,FALSE,not_patient_scored
oxaliplatin,vemurafenib,oxaliplatin + vemurafenib,0,14.4,82,-25,0.4,5,BR:BT-549;BR:HS 578T;BR:MCF7;BR:MDA-MB-231;BR:T-47D,0.378230901780586,FALSE,FALSE,not_patient_scored
depsipeptide,oxaliplatin,depsipeptide + oxaliplatin,26,33.4,87,-45,0.8,5,BR:BT-549;BR:HS 578T;BR:MCF7;BR:MDA-MB-231;BR:T-47D,0.911640819452422,FALSE,FALSE,not_patient_scored
oxaliplatin,pralatrexate,oxaliplatin + pralatrexate,-21,-10.8,23,-38,0.4,5,BR:BT-549;BR:HS 578T;BR:MCF7;BR:MDA-MB-231;BR:T-47D,0.378230901780586,FALSE,FALSE,not_patient_scored
oxaliplatin,vismodegib,oxaliplatin + vismodegib,4,2.4,28,-25,0.6,5,BR:BT-549;BR:HS 578T;BR:MCF7;BR:MDA-MB-231;BR:T-47D,0.783553513306529,FALSE,FALSE,not_patient_scored
crizotinib,oxaliplatin,crizotinib + oxaliplatin,-8,5.4,46,-20,0.4,5,BR:BT-549;BR:HS 578T;BR:MCF7;BR:MDA-MB-231;BR:T-47D,0.378230901780586,FALSE,FALSE,not_patient_scored
axitinib,oxaliplatin,axitinib + oxaliplatin,14,7.4,45,-46,0.6,5,BR:BT-549;BR:HS 578T;BR:MCF7;BR:MDA-MB-231;BR:T-47D,0.858989086731763,FALSE,FALSE,not_patient_scored
oxaliplatin,vandetanib,oxaliplatin + vandetanib,18,32.6,99,-3,0.8,5,BR:BT-549;BR:HS 578T;BR:MCF7;BR:MDA-MB-231;BR:T-47D,0.878996745165614,FALSE,FALSE,not_patient_scored
cabazitaxel,oxaliplatin,cabazitaxel + oxaliplatin,33,50,123,3,1,5,BR:BT-549;BR:HS 578T;BR:MCF7;BR:MDA-MB-231;BR:T-47D,0.932701512540685,FALSE,FALSE,not_patient_scored
oxaliplatin,ruxolitinib,oxaliplatin + ruxolitinib,2,7.4,55,-27,0.6,5,BR:BT-549;BR:HS 578T;BR:MCF7;BR:MDA-MB-231;BR:T-47D,0.768140915182845,FALSE,FALSE,not_patient_scored
mitoxantrone,triethylenemelamine,mitoxantrone + triethylenemelamine,22,17,103,-88,0.8,5,BR:BT-549;BR:HS 578T;BR:MCF7;BR:MDA-MB-231;BR:T-47D,0.896802603867509,FALSE,FALSE,not_patient_scored
doxorubicin,mitoxantrone,doxorubicin + mitoxantrone,-15,-5,52,-27,0.2,5,BR:BT-549;BR:HS 578T;BR:MCF7;BR:MDA-MB-231;BR:T-47D,0.378230901780586,TRUE,FALSE,tier_B_one_drug_patient_scored
mitoxantrone,vinorelbine,mitoxantrone + vinorelbine,-2.5,0.25,48,-42,0.5,4,BR:BT-549;BR:MCF7;BR:MDA-MB-231;BR:T-47D,0.378230901780586,FALSE,FALSE,not_patient_scored
mitoxantrone,pemetrexed,mitoxantrone + pemetrexed,-22,-34,9,-78,0.2,5,BR:BT-549;BR:HS 578T;BR:MCF7;BR:MDA-MB-231;BR:T-47D,0.378230901780586,FALSE,FALSE,not_patient_scored
exemestane,mitoxantrone,exemestane + mitoxantrone,13,11,81,-33,0.6,5,BR:BT-549;BR:HS 578T;BR:MCF7;BR:MDA-MB-231;BR:T-47D,0.852766609228413,FALSE,FALSE,not_patient_scored
gefitinib,mitoxantrone,gefitinib + mitoxantrone,119,113.4,174,70,1,5,BR:BT-549;BR:HS 578T;BR:MCF7;BR:MDA-MB-231;BR:T-47D,0.993968983342906,FALSE,FALSE,not_patient_scored
mitoxantrone,pazopanib,mitoxantrone + pazopanib,-4,7.4,44,-23,0.4,5,BR:BT-549;BR:HS 578T;BR:MCF7;BR:MDA-MB-231;BR:T-47D,0.378230901780586,FALSE,FALSE,not_patient_scored
lenalidomide,mitoxantrone,lenalidomide + mitoxantrone,7,4.6,28,-31,0.6,5,BR:BT-549;BR:HS 578T;BR:MCF7;BR:MDA-MB-231;BR:T-47D,0.810453762205629,FALSE,FALSE,not_patient_scored
mitoxantrone,raloxifene,mitoxantrone + raloxifene,32,17.8,62,-28,0.6,5,BR:BT-549;BR:HS 578T;BR:MCF7;BR:MDA-MB-231;BR:T-47D,0.929638139000574,FALSE,FALSE,not_patient_scored
abiraterone,mitoxantrone,abiraterone + mitoxantrone,11,15.2,30,0,0.8,5,BR:BT-549;BR:HS 578T;BR:MCF7;BR:MDA-MB-231;BR:T-47D,0.841853340991767,FALSE,FALSE,not_patient_scored
mitoxantrone,vemurafenib,mitoxantrone + vemurafenib,-1,-13.9,76,-101,0.5,5,BR:BT-549;BR:HS 578T;BR:MCF7;BR:MDA-MB-231;BR:T-47D,0.378230901780586,FALSE,FALSE,not_patient_scored
mitoxantrone,vismodegib,mitoxantrone + vismodegib,-1,8,52,-9,0.4,5,BR:BT-549;BR:HS 578T;BR:MCF7;BR:MDA-MB-231;BR:T-47D,0.378230901780586,FALSE,FALSE,not_patient_scored
crizotinib,mitoxantrone,crizotinib + mitoxantrone,20,19.5,87,-54,0.6,5,BR:BT-549;BR:HS 578T;BR:MCF7;BR:MDA-MB-231;BR:T-47D,0.888091135362818,FALSE,FALSE,not_patient_scored
axitinib,mitoxantrone,axitinib + mitoxantrone,-19,-13.8,4,-37,0.4,5,BR:BT-549;BR:HS 578T;BR:MCF7;BR:MDA-MB-231;BR:T-47D,0.378230901780586,FALSE,FALSE,not_patient_scored
mitoxantrone,vandetanib,mitoxantrone + vandetanib,31,28,38,15,1,5,BR:BT-549;BR:HS 578T;BR:MCF7;BR:MDA-MB-231;BR:T-47D,0.926287574191078,FALSE,FALSE,not_patient_scored
cabazitaxel,mitoxantrone,cabazitaxel + mitoxantrone,-48,-53.6666666666667,-29,-84,0,3,BR:MCF7;BR:MDA-MB-231;BR:T-47D,0.378230901780586,FALSE,FALSE,not_patient_scored
mitoxantrone,ruxolitinib,mitoxantrone + ruxolitinib,-10,-8.2,15,-49,0.4,5,BR:BT-549;BR:HS 578T;BR:MCF7;BR:MDA-MB-231;BR:T-47D,0.378230901780586,FALSE,FALSE,not_patient_scored
amifostine,methotrexate,amifostine + methotrexate,-43,-41,-29,-56,0,5,BR:BT-549;BR:HS 578T;BR:MCF7;BR:MDA-MB-231;BR:T-47D,0.378230901780586,FALSE,FALSE,not_patient_scored
amifostine,busulfan,amifostine + busulfan,-39,-60.2,-2,-130,0,5,BR:BT-549;BR:HS 578T;BR:MCF7;BR:MDA-MB-231;BR:T-47D,0.378230901780586,FALSE,FALSE,not_patient_scored
6 thioguanine,amifostine,6 thioguanine + amifostine,-11,-18.8,64,-102,0.4,5,BR:BT-549;BR:HS 578T;BR:MCF7;BR:MDA-MB-231;BR:T-47D,0.378230901780586,FALSE,FALSE,not_patient_scored
6 mercaptopurine,amifostine,6 mercaptopurine + amifostine,36,27,97,-72,0.8,5,BR:BT-549;BR:HS 578T;BR:MCF7;BR:MDA-MB-231;BR:T-47D,0.938828259620908,FALSE,FALSE,not_patient_scored
amifostine,nitrogen mustard,amifostine + nitrogen mustard,9,9,77,-39,0.6,5,BR:BT-549;BR:HS 578T;BR:MCF7;BR:MDA-MB-231;BR:T-47D,0.827685238368754,FALSE,FALSE,not_patient_scored
allopurinol,amifostine,allopurinol + amifostine,-26,-28.2,-13,-48,0,5,BR:BT-549;BR:HS 578T;BR:MCF7;BR:MDA-MB-231;BR:T-47D,0.378230901780586,FALSE,FALSE,not_patient_scored
actinomycin d,amifostine,actinomycin d + amifostine,-24,-38.75,15,-122,0.25,4,BR:BT-549;BR:HS 578T;BR:MCF7;BR:MDA-MB-231,0.378230901780586,FALSE,FALSE,not_patient_scored
amifostine,chlorambucil,amifostine + chlorambucil,-33,-24.2,12,-54,0.4,5,BR:BT-549;BR:HS 578T;BR:MCF7;BR:MDA-MB-231;BR:T-47D,0.378230901780586,FALSE,FALSE,not_patient_scored
amifostine,thiotepa,amifostine + thiotepa,16,12.4,44,-22,0.6,5,BR:BT-549;BR:HS 578T;BR:MCF7;BR:MDA-MB-231;BR:T-47D,0.869519433275895,FALSE,FALSE,not_patient_scored
amifostine,triethylenemelamine,amifostine + triethylenemelamine,46,43.8,86,-12,0.8,5,BR:BT-549;BR:HS 578T;BR:MCF7;BR:MDA-MB-231;BR:T-47D,0.955102431552747,FALSE,FALSE,not_patient_scored
altretamine,amifostine,altretamine + amifostine,-79,-72.8,-41,-89,0,5,BR:BT-549;BR:HS 578T;BR:MCF7;BR:MDA-MB-231;BR:T-47D,0.378230901780586,FALSE,FALSE,not_patient_scored
acrichine,amifostine,acrichine + amifostine,31,4,85,-126,0.6,5,BR:BT-549;BR:HS 578T;BR:MCF7;BR:MDA-MB-231;BR:T-47D,0.926287574191078,FALSE,FALSE,not_patient_scored
amifostine,aminolevulinic acid,amifostine + aminolevulinic acid,-30,-26.6,23,-86,0.2,5,BR:BT-549;BR:HS 578T;BR:MCF7;BR:MDA-MB-231;BR:T-47D,0.378230901780586,FALSE,FALSE,not_patient_scored
5-fluorouracil,amifostine,5-fluorouracil + amifostine,18,23.2,76,-12,0.8,5,BR:BT-549;BR:HS 578T;BR:MCF7;BR:MDA-MB-231;BR:T-47D,0.878996745165614,TRUE,FALSE,tier_B_one_drug_patient_scored
amifostine,mithramycin,amifostine + mithramycin,-6,-4.8,31,-29,0.4,5,BR:BT-549;BR:HS 578T;BR:MCF7;BR:MDA-MB-231;BR:T-47D,0.378230901780586,FALSE,FALSE,not_patient_scored
amifostine,pipobroman,amifostine + pipobroman,-11,-10.2,75,-88,0.2,5,BR:BT-549;BR:HS 578T;BR:MCF7;BR:MDA-MB-231;BR:T-47D,0.378230901780586,FALSE,FALSE,not_patient_scored
amifostine,cyclophosphamide,amifostine + cyclophosphamide,7,32.6,193,-76,0.6,5,BR:BT-549;BR:HS 578T;BR:MCF7;BR:MDA-MB-231;BR:T-47D,0.810453762205629,FALSE,FALSE,not_patient_scored
amifostine,mitomycin,amifostine + mitomycin,-8,-3.2,18,-25,0.4,5,BR:BT-549;BR:HS 578T;BR:MCF7;BR:MDA-MB-231;BR:T-47D,0.378230901780586,FALSE,FALSE,not_patient_scored
amifostine,floxuridine,amifostine + floxuridine,-31,-23.2,28,-54,0.2,5,BR:BT-549;BR:HS 578T;BR:MCF7;BR:MDA-MB-231;BR:T-47D,0.378230901780586,FALSE,FALSE,not_patient_scored
amifostine,hydroxyurea,amifostine + hydroxyurea,-12,-16.2,31,-59,0.4,5,BR:BT-549;BR:HS 578T;BR:MCF7;BR:MDA-MB-231;BR:T-47D,0.378230901780586,FALSE,FALSE,not_patient_scored
amifostine,uracil mustard,amifostine + uracil mustard,0,-2.2,31,-42,0.4,5,BR:BT-549;BR:HS 578T;BR:MCF7;BR:MDA-MB-231;BR:T-47D,0.378230901780586,FALSE,FALSE,not_patient_scored
amifostine,mitotane,amifostine + mitotane,-11,-9.4,30,-43,0.2,5,BR:BT-549;BR:HS 578T;BR:MCF7;BR:MDA-MB-231;BR:T-47D,0.378230901780586,FALSE,FALSE,not_patient_scored
amifostine,dacarbazine,amifostine + dacarbazine,124,93.2,143,3,1,5,BR:BT-549;BR:HS 578T;BR:MCF7;BR:MDA-MB-231;BR:T-47D,0.994734826727934,FALSE,FALSE,not_patient_scored
amifostine,methoxsalen,amifostine + methoxsalen,-9,13.4,82,-56,0.4,5,BR:BT-549;BR:HS 578T;BR:MCF7;BR:MDA-MB-231;BR:T-47D,0.378230901780586,FALSE,FALSE,not_patient_scored
amifostine,vinblastine,amifostine + vinblastine,-12,-9.75,15,-30,0.25,4,BR:BT-549;BR:MCF7;BR:MDA-MB-231;BR:T-47D,0.378230901780586,FALSE,FALSE,not_patient_scored
amifostine,cytarabine,amifostine + cytarabine,40,36.4,63,-8,0.8,5,BR:BT-549;BR:HS 578T;BR:MCF7;BR:MDA-MB-231;BR:T-47D,0.945529389239901,FALSE,FALSE,not_patient_scored
amifostine,thalidomide,amifostine + thalidomide,-50,-37.8,7,-55,0.2,5,BR:BT-549;BR:HS 578T;BR:MCF7;BR:MDA-MB-231;BR:T-47D,0.378230901780586,FALSE,FALSE,not_patient_scored
amifostine,vincristine,amifostine + vincristine,-4,35.8,175,-115,0.4,5,BR:BT-549;BR:HS 578T;BR:MCF7;BR:MDA-MB-231;BR:T-47D,0.378230901780586,FALSE,FALSE,not_patient_scored
amifostine,megestrol acetate,amifostine + megestrol acetate,-47,-18.8,58,-63,0.4,5,BR:BT-549;BR:HS 578T;BR:MCF7;BR:MDA-MB-231;BR:T-47D,0.378230901780586,FALSE,FALSE,not_patient_scored
amifostine,procarbazine,amifostine + procarbazine,-24,-18,26,-37,0.2,5,BR:BT-549;BR:HS 578T;BR:MCF7;BR:MDA-MB-231;BR:T-47D,0.378230901780586,FALSE,FALSE,not_patient_scored
amifostine,lomustine,amifostine + lomustine,-81,-74.8,-16,-146,0,5,BR:BT-549;BR:HS 578T;BR:MCF7;BR:MDA-MB-231;BR:T-47D,0.378230901780586,FALSE,FALSE,not_patient_scored
amifostine,daunorubicin,amifostine + daunorubicin,-1,21.8,94,-33,0.4,5,BR:BT-549;BR:HS 578T;BR:MCF7;BR:MDA-MB-231;BR:T-47D,0.378230901780586,FALSE,FALSE,not_patient_scored
amifostine,streptozocin,amifostine + streptozocin,-69,-76.2,13,-142,0.2,5,BR:BT-549;BR:HS 578T;BR:MCF7;BR:MDA-MB-231;BR:T-47D,0.378230901780586,FALSE,FALSE,not_patient_scored
amifostine,azacitidine,amifostine + azacitidine,23,21.8,76,-41,0.8,5,BR:BT-549;BR:HS 578T;BR:MCF7;BR:MDA-MB-231;BR:T-47D,0.901014742485162,FALSE,FALSE,not_patient_scored
amifostine,cladribine,amifostine + cladribine,12,23.8,86,-51,0.8,5,BR:BT-549;BR:HS 578T;BR:MCF7;BR:MDA-MB-231;BR:T-47D,0.847118514263833,FALSE,FALSE,not_patient_scored
amifostine,ifosfamide,amifostine + ifosfamide,-23,-38.6,-9,-94,0,5,BR:BT-549;BR:HS 578T;BR:MCF7;BR:MDA-MB-231;BR:T-47D,0.378230901780586,FALSE,FALSE,not_patient_scored
amifostine,fludarabine,amifostine + fludarabine,19,8,54,-53,0.6,5,BR:BT-549;BR:HS 578T;BR:MCF7;BR:MDA-MB-231;BR:T-47D,0.883974727168294,FALSE,FALSE,not_patient_scored
amifostine,isotretinoin,amifostine + isotretinoin,-6,-4.6,79,-79,0.4,5,BR:BT-549;BR:HS 578T;BR:MCF7;BR:MDA-MB-231;BR:T-47D,0.378230901780586,FALSE,FALSE,not_patient_scored
amifostine,teniposide,amifostine + teniposide,41,45,90,17,1,5,BR:BT-549;BR:HS 578T;BR:MCF7;BR:MDA-MB-231;BR:T-47D,0.947635458548727,FALSE,FALSE,not_patient_scored
amifostine,doxorubicin,amifostine + doxorubicin,-37,-35.6,-8,-58,0,5,BR:BT-549;BR:HS 578T;BR:MCF7;BR:MDA-MB-231;BR:T-47D,0.378230901780586,FALSE,TRUE,tier_B_one_drug_patient_scored
amifostine,bleomycin,amifostine + bleomycin,43,38.6,107,-43,0.8,5,BR:BT-549;BR:HS 578T;BR:MCF7;BR:MDA-MB-231;BR:T-47D,0.951081753781352,FALSE,FALSE,not_patient_scored
amifostine,paclitaxel,amifostine + paclitaxel,-52,-8.2,158,-92,0.4,5,BR:BT-549;BR:HS 578T;BR:MCF7;BR:MDA-MB-231;BR:T-47D,0.378230901780586,FALSE,TRUE,tier_B_one_drug_patient_scored
amifostine,decitabine,amifostine + decitabine,-49,-52.6,6,-101,0.2,5,BR:BT-549;BR:HS 578T;BR:MCF7;BR:MDA-MB-231;BR:T-47D,0.378230901780586,FALSE,FALSE,not_patient_scored
amifostine,bendamustine,amifostine + bendamustine,11,16.8,72,-18,0.6,5,BR:BT-549;BR:HS 578T;BR:MCF7;BR:MDA-MB-231;BR:T-47D,0.841853340991767,FALSE,FALSE,not_patient_scored
amifostine,etoposide,amifostine + etoposide,-13,1.8,37,-26,0.4,5,BR:BT-549;BR:HS 578T;BR:MCF7;BR:MDA-MB-231;BR:T-47D,0.378230901780586,FALSE,FALSE,not_patient_scored
amifostine,dexrazoxane,amifostine + dexrazoxane,121,111.4,195,44,1,5,BR:BT-549;BR:HS 578T;BR:MCF7;BR:MDA-MB-231;BR:T-47D,0.99435190503542,FALSE,FALSE,not_patient_scored
amifostine,tamoxifen,amifostine + tamoxifen,-5,-6.8,27,-38,0.2,5,BR:BT-549;BR:HS 578T;BR:MCF7;BR:MDA-MB-231;BR:T-47D,0.378230901780586,FALSE,FALSE,not_patient_scored
amifostine,rapamycin,amifostine + rapamycin,21,23.2,61,-28,0.8,5,BR:BT-549;BR:HS 578T;BR:MCF7;BR:MDA-MB-231;BR:T-47D,0.892111813134214,FALSE,TRUE,tier_B_one_drug_patient_scored
amifostine,carboplatin,amifostine + carboplatin,-31,-31.2,1,-75,0.2,5,BR:BT-549;BR:HS 578T;BR:MCF7;BR:MDA-MB-231;BR:T-47D,0.378230901780586,FALSE,FALSE,not_patient_scored
amifostine,valrubicin,amifostine + valrubicin,-38,-38.2,15,-92,0.2,5,BR:BT-549;BR:HS 578T;BR:MCF7;BR:MDA-MB-231;BR:T-47D,0.378230901780586,FALSE,FALSE,not_patient_scored
amifostine,oxaliplatin,amifostine + oxaliplatin,-16,-17.4,20,-65,0.4,5,BR:BT-549;BR:HS 578T;BR:MCF7;BR:MDA-MB-231;BR:T-47D,0.378230901780586,FALSE,FALSE,not_patient_scored
amifostine,mitoxantrone,amifostine + mitoxantrone,41,49.2,111,3,1,5,BR:BT-549;BR:HS 578T;BR:MCF7;BR:MDA-MB-231;BR:T-47D,0.947635458548727,FALSE,FALSE,not_patient_scored
amifostine,temozolomide,amifostine + temozolomide,-1,-9,38,-51,0.4,5,BR:BT-549;BR:HS 578T;BR:MCF7;BR:MDA-MB-231;BR:T-47D,0.378230901780586,FALSE,FALSE,not_patient_scored
amifostine,imiquimod,amifostine + imiquimod,-39,-51.4,-34,-109,0,5,BR:BT-549;BR:HS 578T;BR:MCF7;BR:MDA-MB-231;BR:T-47D,0.378230901780586,FALSE,FALSE,not_patient_scored
amifostine,carmustine,amifostine + carmustine,-15,-22.6,17,-79,0.2,5,BR:BT-549;BR:HS 578T;BR:MCF7;BR:MDA-MB-231;BR:T-47D,0.378230901780586,FALSE,FALSE,not_patient_scored
amifostine,clofarabine,amifostine + clofarabine,17,6.2,45,-59,0.6,5,BR:BT-549;BR:HS 578T;BR:MCF7;BR:MDA-MB-231;BR:T-47D,0.874114493586062,FALSE,FALSE,not_patient_scored
amifostine,vinorelbine,amifostine + vinorelbine,-5,4.4,41,-11,0.4,5,BR:BT-549;BR:HS 578T;BR:MCF7;BR:MDA-MB-231;BR:T-47D,0.378230901780586,FALSE,FALSE,not_patient_scored
amifostine,gemcitabine,amifostine + gemcitabine,48,25.4,65,-81,0.8,5,BR:BT-549;BR:HS 578T;BR:MCF7;BR:MDA-MB-231;BR:T-47D,0.958452996362244,FALSE,TRUE,tier_B_one_drug_patient_scored
amifostine,docetaxel,amifostine + docetaxel,-78,-77.6,-9,-162,0,5,BR:BT-549;BR:HS 578T;BR:MCF7;BR:MDA-MB-231;BR:T-47D,0.378230901780586,FALSE,TRUE,tier_B_one_drug_patient_scored
7 ethyl 10 hydroxycamptothecin,amifostine,7 ethyl 10 hydroxycamptothecin + amifostine,26,24,100,-31,0.6,5,BR:BT-549;BR:HS 578T;BR:MCF7;BR:MDA-MB-231;BR:T-47D,0.911640819452422,FALSE,FALSE,not_patient_scored
amifostine,nelarabine,amifostine + nelarabine,-84,-113.6,-43,-195,0,5,BR:BT-549;BR:HS 578T;BR:MCF7;BR:MDA-MB-231;BR:T-47D,0.378230901780586,FALSE,FALSE,not_patient_scored
amifostine,pemetrexed,amifostine + pemetrexed,17,22.4,78,-10,0.6,5,BR:BT-549;BR:HS 578T;BR:MCF7;BR:MDA-MB-231;BR:T-47D,0.874114493586062,FALSE,FALSE,not_patient_scored
amifostine,vorinostat,amifostine + vorinostat,-41,-53.4,3,-130,0.2,5,BR:BT-549;BR:HS 578T;BR:MCF7;BR:MDA-MB-231;BR:T-47D,0.378230901780586,FALSE,FALSE,not_patient_scored
amifostine,capecitabine,amifostine + capecitabine,-53,-72.4,-36,-129,0,5,BR:BT-549;BR:HS 578T;BR:MCF7;BR:MDA-MB-231;BR:T-47D,0.378230901780586,FALSE,FALSE,not_patient_scored
amifostine,exemestane,amifostine + exemestane,-318,-309.2,-238,-363,0,5,BR:BT-549;BR:HS 578T;BR:MCF7;BR:MDA-MB-231;BR:T-47D,0.378230901780586,FALSE,FALSE,not_patient_scored
amifostine,gefitinib,amifostine + gefitinib,-61,-76.6,-47,-116,0,5,BR:BT-549;BR:HS 578T;BR:MCF7;BR:MDA-MB-231;BR:T-47D,0.378230901780586,FALSE,FALSE,not_patient_scored
amifostine,anastrozole,amifostine + anastrozole,-100,-106.4,-56,-146,0,5,BR:BT-549;BR:HS 578T;BR:MCF7;BR:MDA-MB-231;BR:T-47D,0.378230901780586,FALSE,FALSE,not_patient_scored
amifostine,letrozole,amifostine + letrozole,-65,-59.2,2,-115,0.2,5,BR:BT-549;BR:HS 578T;BR:MCF7;BR:MDA-MB-231;BR:T-47D,0.378230901780586,FALSE,FALSE,not_patient_scored
amifostine,celecoxib,amifostine + celecoxib,-57,-60.4,-37,-88,0,5,BR:BT-549;BR:HS 578T;BR:MCF7;BR:MDA-MB-231;BR:T-47D,0.378230901780586,FALSE,FALSE,not_patient_scored
amifostine,zoledronate,amifostine + zoledronate,-58,-48.2,-12,-76,0,5,BR:BT-549;BR:HS 578T;BR:MCF7;BR:MDA-MB-231;BR:T-47D,0.378230901780586,FALSE,FALSE,not_patient_scored
amifostine,dasatinib,amifostine + dasatinib,-43,-55,-6,-119,0,5,BR:BT-549;BR:HS 578T;BR:MCF7;BR:MDA-MB-231;BR:T-47D,0.378230901780586,FALSE,FALSE,not_patient_scored
amifostine,everolimus,amifostine + everolimus,-12,-36.6,-4,-94,0,5,BR:BT-549;BR:HS 578T;BR:MCF7;BR:MDA-MB-231;BR:T-47D,0.378230901780586,FALSE,FALSE,not_patient_scored
amifostine,pazopanib,amifostine + pazopanib,-37,-35.8,61,-100,0.2,5,BR:BT-549;BR:HS 578T;BR:MCF7;BR:MDA-MB-231;BR:T-47D,0.378230901780586,FALSE,FALSE,not_patient_scored
amifostine,imatinib,amifostine + imatinib,-10,-51,45,-173,0.2,5,BR:BT-549;BR:HS 578T;BR:MCF7;BR:MDA-MB-231;BR:T-47D,0.378230901780586,FALSE,FALSE,not_patient_scored
amifostine,lapatinib,amifostine + lapatinib,-28,-42.5,14,-128,0.25,4,BR:BT-549;BR:HS 578T;BR:MCF7;BR:MDA-MB-231,0.378230901780586,FALSE,TRUE,tier_B_one_drug_patient_scored
amifostine,nilotinib,amifostine + nilotinib,-87,-72.8,-9,-131,0,5,BR:BT-549;BR:HS 578T;BR:MCF7;BR:MDA-MB-231;BR:T-47D,0.378230901780586,FALSE,FALSE,not_patient_scored
amifostine,sorafenib,amifostine + sorafenib,-4,-25.6,6,-72,0.4,5,BR:BT-549;BR:HS 578T;BR:MCF7;BR:MDA-MB-231;BR:T-47D,0.378230901780586,FALSE,FALSE,not_patient_scored
amifostine,lenalidomide,amifostine + lenalidomide,-11,-29.4,2,-94,0.2,5,BR:BT-549;BR:HS 578T;BR:MCF7;BR:MDA-MB-231;BR:T-47D,0.378230901780586,FALSE,FALSE,not_patient_scored
amifostine,raloxifene,amifostine + raloxifene,41,26.2,60,-51,0.8,5,BR:BT-549;BR:HS 578T;BR:MCF7;BR:MDA-MB-231;BR:T-47D,0.947635458548727,FALSE,FALSE,not_patient_scored
abiraterone,amifostine,abiraterone + amifostine,-81,-49.6,29,-95,0.2,5,BR:BT-549;BR:HS 578T;BR:MCF7;BR:MDA-MB-231;BR:T-47D,0.378230901780586,FALSE,FALSE,not_patient_scored
amifostine,sunitinib,amifostine + sunitinib,-59,-98.8,5,-219,0.2,5,BR:BT-549;BR:HS 578T;BR:MCF7;BR:MDA-MB-231;BR:T-47D,0.378230901780586,FALSE,FALSE,not_patient_scored
amifostine,vemurafenib,amifostine + vemurafenib,-73,-72.2,-47,-98,0,5,BR:BT-549;BR:HS 578T;BR:MCF7;BR:MDA-MB-231;BR:T-47D,0.378230901780586,FALSE,FALSE,not_patient_scored
amifostine,depsipeptide,amifostine + depsipeptide,24,14.2,45,-51,0.8,5,BR:BT-549;BR:HS 578T;BR:MCF7;BR:MDA-MB-231;BR:T-47D,0.904843959410301,FALSE,FALSE,not_patient_scored
amifostine,pralatrexate,amifostine + pralatrexate,-54,-71.4,-3,-165,0,5,BR:BT-549;BR:HS 578T;BR:MCF7;BR:MDA-MB-231;BR:T-47D,0.378230901780586,FALSE,FALSE,not_patient_scored
amifostine,vismodegib,amifostine + vismodegib,-30,-39.8,-13,-67,0,5,BR:BT-549;BR:HS 578T;BR:MCF7;BR:MDA-MB-231;BR:T-47D,0.378230901780586,FALSE,FALSE,not_patient_scored
amifostine,crizotinib,amifostine + crizotinib,-55,-41.8,21,-82,0.2,5,BR:BT-549;BR:HS 578T;BR:MCF7;BR:MDA-MB-231;BR:T-47D,0.378230901780586,FALSE,FALSE,not_patient_scored
amifostine,axitinib,amifostine + axitinib,-24,-10.4,47,-59,0.4,5,BR:BT-549;BR:HS 578T;BR:MCF7;BR:MDA-MB-231;BR:T-47D,0.378230901780586,FALSE,FALSE,not_patient_scored
amifostine,vandetanib,amifostine + vandetanib,-41,-37.6,5,-66,0.2,5,BR:BT-549;BR:HS 578T;BR:MCF7;BR:MDA-MB-231;BR:T-47D,0.378230901780586,FALSE,FALSE,not_patient_scored
amifostine,cabazitaxel,amifostine + cabazitaxel,-86,-71.2,-26,-118,0,5,BR:BT-549;BR:HS 578T;BR:MCF7;BR:MDA-MB-231;BR:T-47D,0.378230901780586,FALSE,FALSE,not_patient_scored
amifostine,ruxolitinib,amifostine + ruxolitinib,-23,-46.8,-18,-89,0,5,BR:BT-549;BR:HS 578T;BR:MCF7;BR:MDA-MB-231;BR:T-47D,0.378230901780586,FALSE,FALSE,not_patient_scored
6 thioguanine,temozolomide,6 thioguanine + temozolomide,-58,-55.4,-27,-91,0,5,BR:BT-549;BR:HS 578T;BR:MCF7;BR:MDA-MB-231;BR:T-47D,0.378230901780586,FALSE,FALSE,not_patient_scored
actinomycin d,temozolomide,actinomycin d + temozolomide,-31,-31,-20,-42,0,4,BR:BT-549;BR:HS 578T;BR:MCF7;BR:MDA-MB-231,0.378230901780586,FALSE,FALSE,not_patient_scored
chlorambucil,temozolomide,chlorambucil + temozolomide,-30,-18.6,44,-73,0.4,5,BR:BT-549;BR:HS 578T;BR:MCF7;BR:MDA-MB-231;BR:T-47D,0.378230901780586,FALSE,FALSE,not_patient_scored
temozolomide,thiotepa,temozolomide + thiotepa,13,1.6,35,-59,0.6,5,BR:BT-549;BR:HS 578T;BR:MCF7;BR:MDA-MB-231;BR:T-47D,0.852766609228413,FALSE,FALSE,not_patient_scored
melphalan,temozolomide,melphalan + temozolomide,-12,-8.2,17,-38,0.4,5,BR:BT-549;BR:HS 578T;BR:MCF7;BR:MDA-MB-231;BR:T-47D,0.378230901780586,FALSE,FALSE,not_patient_scored
altretamine,temozolomide,altretamine + temozolomide,-81,-71.6,-46,-92,0,5,BR:BT-549;BR:HS 578T;BR:MCF7;BR:MDA-MB-231;BR:T-47D,0.378230901780586,FALSE,FALSE,not_patient_scored
5-fluorouracil,temozolomide,5-fluorouracil + temozolomide,12,11.2,18,2,1,5,BR:BT-549;BR:HS 578T;BR:MCF7;BR:MDA-MB-231;BR:T-47D,0.847118514263833,TRUE,FALSE,tier_B_one_drug_patient_scored
floxuridine,temozolomide,floxuridine + temozolomide,-22,-2.2,69,-37,0.4,5,BR:BT-549;BR:HS 578T;BR:MCF7;BR:MDA-MB-231;BR:T-47D,0.378230901780586,FALSE,FALSE,not_patient_scored
temozolomide,uracil mustard,temozolomide + uracil mustard,13,22.2,70,-8,0.8,5,BR:BT-549;BR:HS 578T;BR:MCF7;BR:MDA-MB-231;BR:T-47D,0.852766609228413,FALSE,FALSE,not_patient_scored
dacarbazine,temozolomide,dacarbazine + temozolomide,-46,-47.4,-21,-93,0,5,BR:BT-549;BR:HS 578T;BR:MCF7;BR:MDA-MB-231;BR:T-47D,0.378230901780586,FALSE,FALSE,not_patient_scored
cytarabine,temozolomide,cytarabine + temozolomide,14,4.8,29,-18,0.6,5,BR:BT-549;BR:HS 578T;BR:MCF7;BR:MDA-MB-231;BR:T-47D,0.858989086731763,FALSE,FALSE,not_patient_scored
temozolomide,vincristine,temozolomide + vincristine,-40,-26.6,23,-57,0.2,5,BR:BT-549;BR:HS 578T;BR:MCF7;BR:MDA-MB-231;BR:T-47D,0.378230901780586,FALSE,FALSE,not_patient_scored
megestrol acetate,temozolomide,megestrol acetate + temozolomide,-39,-56.2,22,-152,0.2,5,BR:BT-549;BR:HS 578T;BR:MCF7;BR:MDA-MB-231;BR:T-47D,0.378230901780586,FALSE,FALSE,not_patient_scored
lomustine,temozolomide,lomustine + temozolomide,46,31.8,50,-8,0.8,5,BR:BT-549;BR:HS 578T;BR:MCF7;BR:MDA-MB-231;BR:T-47D,0.955102431552747,FALSE,FALSE,not_patient_scored
daunorubicin,temozolomide,daunorubicin + temozolomide,6,5.6,28,-32,0.8,5,BR:BT-549;BR:HS 578T;BR:MCF7;BR:MDA-MB-231;BR:T-47D,0.802508137085966,FALSE,FALSE,not_patient_scored
cladribine,temozolomide,cladribine + temozolomide,-9,-26.8,2,-89,0.2,5,BR:BT-549;BR:HS 578T;BR:MCF7;BR:MDA-MB-231;BR:T-47D,0.378230901780586,FALSE,FALSE,not_patient_scored
fludarabine,temozolomide,fludarabine + temozolomide,-58,-59.4,-26,-103,0,5,BR:BT-549;BR:HS 578T;BR:MCF7;BR:MDA-MB-231;BR:T-47D,0.378230901780586,FALSE,FALSE,not_patient_scored
isotretinoin,temozolomide,isotretinoin + temozolomide,-47,-47.2,-1,-99,0,5,BR:BT-549;BR:HS 578T;BR:MCF7;BR:MDA-MB-231;BR:T-47D,0.378230901780586,FALSE,FALSE,not_patient_scored
temozolomide,teniposide,temozolomide + teniposide,24,15.8,59,-29,0.6,5,BR:BT-549;BR:HS 578T;BR:MCF7;BR:MDA-MB-231;BR:T-47D,0.904843959410301,FALSE,FALSE,not_patient_scored
etoposide,temozolomide,etoposide + temozolomide,5,0.6,18,-16,0.6,5,BR:BT-549;BR:HS 578T;BR:MCF7;BR:MDA-MB-231;BR:T-47D,0.793030825196247,FALSE,FALSE,not_patient_scored
dexrazoxane,temozolomide,dexrazoxane + temozolomide,-2,8.6,48,-13,0.4,5,BR:BT-549;BR:HS 578T;BR:MCF7;BR:MDA-MB-231;BR:T-47D,0.378230901780586,FALSE,FALSE,not_patient_scored
tamoxifen,temozolomide,tamoxifen + temozolomide,-6,-33,14,-158,0.4,5,BR:BT-549;BR:HS 578T;BR:MCF7;BR:MDA-MB-231;BR:T-47D,0.378230901780586,FALSE,FALSE,not_patient_scored
carboplatin,temozolomide,carboplatin + temozolomide,-26,-40.4,-18,-85,0,5,BR:BT-549;BR:HS 578T;BR:MCF7;BR:MDA-MB-231;BR:T-47D,0.378230901780586,FALSE,FALSE,not_patient_scored
mitoxantrone,temozolomide,mitoxantrone + temozolomide,30,22.6,39,-4,0.8,5,BR:BT-549;BR:HS 578T;BR:MCF7;BR:MDA-MB-231;BR:T-47D,0.923607122343481,FALSE,FALSE,not_patient_scored
temozolomide,vinorelbine,temozolomide + vinorelbine,2,0.6,38,-26,0.6,5,BR:BT-549;BR:HS 578T;BR:MCF7;BR:MDA-MB-231;BR:T-47D,0.768140915182845,FALSE,FALSE,not_patient_scored
pemetrexed,temozolomide,pemetrexed + temozolomide,-24,-29,-7,-56,0,5,BR:BT-549;BR:HS 578T;BR:MCF7;BR:MDA-MB-231;BR:T-47D,0.378230901780586,FALSE,FALSE,not_patient_scored
exemestane,temozolomide,exemestane + temozolomide,52,31,77,-25,0.6,5,BR:BT-549;BR:HS 578T;BR:MCF7;BR:MDA-MB-231;BR:T-47D,0.964675473865594,FALSE,FALSE,not_patient_scored
gefitinib,temozolomide,gefitinib + temozolomide,-6,-5.4,3,-16,0.4,5,BR:BT-549;BR:HS 578T;BR:MCF7;BR:MDA-MB-231;BR:T-47D,0.378230901780586,FALSE,FALSE,not_patient_scored
letrozole,temozolomide,letrozole + temozolomide,-142,-115.2,-24,-189,0,5,BR:BT-549;BR:HS 578T;BR:MCF7;BR:MDA-MB-231;BR:T-47D,0.378230901780586,FALSE,FALSE,not_patient_scored
celecoxib,temozolomide,celecoxib + temozolomide,-16,-32.6,55,-108,0.2,5,BR:BT-549;BR:HS 578T;BR:MCF7;BR:MDA-MB-231;BR:T-47D,0.378230901780586,FALSE,FALSE,not_patient_scored
pazopanib,temozolomide,pazopanib + temozolomide,-45,-53,15,-148,0.2,5,BR:BT-549;BR:HS 578T;BR:MCF7;BR:MDA-MB-231;BR:T-47D,0.378230901780586,FALSE,FALSE,not_patient_scored
lenalidomide,temozolomide,lenalidomide + temozolomide,-4,-7.6,8,-29,0.2,5,BR:BT-549;BR:HS 578T;BR:MCF7;BR:MDA-MB-231;BR:T-47D,0.378230901780586,FALSE,FALSE,not_patient_scored
raloxifene,temozolomide,raloxifene + temozolomide,-33,-38.6,16,-115,0.4,5,BR:BT-549;BR:HS 578T;BR:MCF7;BR:MDA-MB-231;BR:T-47D,0.378230901780586,FALSE,FALSE,not_patient_scored
abiraterone,temozolomide,abiraterone + temozolomide,-38,-32.2,-10,-46,0,5,BR:BT-549;BR:HS 578T;BR:MCF7;BR:MDA-MB-231;BR:T-47D,0.378230901780586,FALSE,FALSE,not_patient_scored
temozolomide,vemurafenib,temozolomide + vemurafenib,-43,-33.2,-3,-60,0,5,BR:BT-549;BR:HS 578T;BR:MCF7;BR:MDA-MB-231;BR:T-47D,0.378230901780586,FALSE,FALSE,not_patient_scored
temozolomide,vismodegib,temozolomide + vismodegib,-48,-51,-6,-85,0,5,BR:BT-549;BR:HS 578T;BR:MCF7;BR:MDA-MB-231;BR:T-47D,0.378230901780586,FALSE,FALSE,not_patient_scored
crizotinib,temozolomide,crizotinib + temozolomide,-48,-63,-9,-117,0,5,BR:BT-549;BR:HS 578T;BR:MCF7;BR:MDA-MB-231;BR:T-47D,0.378230901780586,FALSE,FALSE,not_patient_scored
axitinib,temozolomide,axitinib + temozolomide,-74,-72.6,-16,-117,0,5,BR:BT-549;BR:HS 578T;BR:MCF7;BR:MDA-MB-231;BR:T-47D,0.378230901780586,FALSE,FALSE,not_patient_scored
temozolomide,vandetanib,temozolomide + vandetanib,-23,-38.2,-2,-118,0,5,BR:BT-549;BR:HS 578T;BR:MCF7;BR:MDA-MB-231;BR:T-47D,0.378230901780586,FALSE,FALSE,not_patient_scored
cabazitaxel,temozolomide,cabazitaxel + temozolomide,-29,-29.4,3,-69,0.2,5,BR:BT-549;BR:HS 578T;BR:MCF7;BR:MDA-MB-231;BR:T-47D,0.378230901780586,FALSE,FALSE,not_patient_scored
ruxolitinib,temozolomide,ruxolitinib + temozolomide,-54,-68,-31,-130,0,5,BR:BT-549;BR:HS 578T;BR:MCF7;BR:MDA-MB-231;BR:T-47D,0.378230901780586,FALSE,FALSE,not_patient_scored
imiquimod,methotrexate,imiquimod + methotrexate,-32,-19.2,96,-77,0.2,5,BR:BT-549;BR:HS 578T;BR:MCF7;BR:MDA-MB-231;BR:T-47D,0.378230901780586,FALSE,FALSE,not_patient_scored
busulfan,imiquimod,busulfan + imiquimod,-21,-2,74,-45,0.4,5,BR:BT-549;BR:HS 578T;BR:MCF7;BR:MDA-MB-231;BR:T-47D,0.378230901780586,FALSE,FALSE,not_patient_scored
6 thioguanine,imiquimod,6 thioguanine + imiquimod,-19,-19.2,1,-51,0.4,5,BR:BT-549;BR:HS 578T;BR:MCF7;BR:MDA-MB-231;BR:T-47D,0.378230901780586,FALSE,FALSE,not_patient_scored
6 mercaptopurine,imiquimod,6 mercaptopurine + imiquimod,-17,-5.6,97,-58,0.2,5,BR:BT-549;BR:HS 578T;BR:MCF7;BR:MDA-MB-231;BR:T-47D,0.378230901780586,FALSE,FALSE,not_patient_scored
imiquimod,nitrogen mustard,imiquimod + nitrogen mustard,-17,-20.2,0,-52,0,5,BR:BT-549;BR:HS 578T;BR:MCF7;BR:MDA-MB-231;BR:T-47D,0.378230901780586,FALSE,FALSE,not_patient_scored
allopurinol,imiquimod,allopurinol + imiquimod,-39,-34.4,-4,-64,0,5,BR:BT-549;BR:HS 578T;BR:MCF7;BR:MDA-MB-231;BR:T-47D,0.378230901780586,FALSE,FALSE,not_patient_scored
actinomycin d,imiquimod,actinomycin d + imiquimod,-19.5,-43,26,-159,0.5,4,BR:BT-549;BR:HS 578T;BR:MCF7;BR:MDA-MB-231,0.378230901780586,FALSE,FALSE,not_patient_scored
chlorambucil,imiquimod,chlorambucil + imiquimod,-23,-21.8,12,-46,0.2,5,BR:BT-549;BR:HS 578T;BR:MCF7;BR:MDA-MB-231;BR:T-47D,0.378230901780586,FALSE,FALSE,not_patient_scored
imiquimod,thiotepa,imiquimod + thiotepa,-26,-6.2,69,-57,0.4,5,BR:BT-549;BR:HS 578T;BR:MCF7;BR:MDA-MB-231;BR:T-47D,0.378230901780586,FALSE,FALSE,not_patient_scored
imiquimod,melphalan,imiquimod + melphalan,-54,-48.8,-15,-73,0,5,BR:BT-549;BR:HS 578T;BR:MCF7;BR:MDA-MB-231;BR:T-47D,0.378230901780586,FALSE,FALSE,not_patient_scored
imiquimod,triethylenemelamine,imiquimod + triethylenemelamine,32,2.8,74,-109,0.6,5,BR:BT-549;BR:HS 578T;BR:MCF7;BR:MDA-MB-231;BR:T-47D,0.929638139000574,FALSE,FALSE,not_patient_scored
altretamine,imiquimod,altretamine + imiquimod,-74,-72.8,-52,-92,0,5,BR:BT-549;BR:HS 578T;BR:MCF7;BR:MDA-MB-231;BR:T-47D,0.378230901780586,FALSE,FALSE,not_patient_scored
acrichine,imiquimod,acrichine + imiquimod,6,23,125,-46,0.6,5,BR:BT-549;BR:HS 578T;BR:MCF7;BR:MDA-MB-231;BR:T-47D,0.802508137085966,FALSE,FALSE,not_patient_scored
aminolevulinic acid,imiquimod,aminolevulinic acid + imiquimod,-23,-15.8,19,-51,0.4,5,BR:BT-549;BR:HS 578T;BR:MCF7;BR:MDA-MB-231;BR:T-47D,0.378230901780586,FALSE,FALSE,not_patient_scored
5-fluorouracil,imiquimod,5-fluorouracil + imiquimod,-18,-12.6,1,-25,0.2,5,BR:BT-549;BR:HS 578T;BR:MCF7;BR:MDA-MB-231;BR:T-47D,0.378230901780586,TRUE,FALSE,tier_B_one_drug_patient_scored
imiquimod,mithramycin,imiquimod + mithramycin,-17,-30.4,6,-83,0.2,5,BR:BT-549;BR:HS 578T;BR:MCF7;BR:MDA-MB-231;BR:T-47D,0.378230901780586,FALSE,FALSE,not_patient_scored
imiquimod,pipobroman,imiquimod + pipobroman,-24,-17,35,-49,0.2,5,BR:BT-549;BR:HS 578T;BR:MCF7;BR:MDA-MB-231;BR:T-47D,0.378230901780586,FALSE,FALSE,not_patient_scored
cyclophosphamide,imiquimod,cyclophosphamide + imiquimod,-48,-52.6,1,-116,0.2,5,BR:BT-549;BR:HS 578T;BR:MCF7;BR:MDA-MB-231;BR:T-47D,0.378230901780586,FALSE,FALSE,not_patient_scored
imiquimod,mitomycin,imiquimod + mitomycin,-20,-30.8,5,-89,0.2,5,BR:BT-549;BR:HS 578T;BR:MCF7;BR:MDA-MB-231;BR:T-47D,0.378230901780586,FALSE,FALSE,not_patient_scored
floxuridine,imiquimod,floxuridine + imiquimod,-9,-16.4,30,-61,0.2,5,BR:BT-549;BR:HS 578T;BR:MCF7;BR:MDA-MB-231;BR:T-47D,0.378230901780586,FALSE,FALSE,not_patient_scored
hydroxyurea,imiquimod,hydroxyurea + imiquimod,-31,-26,1,-51,0.2,5,BR:BT-549;BR:HS 578T;BR:MCF7;BR:MDA-MB-231;BR:T-47D,0.378230901780586,FALSE,FALSE,not_patient_scored
imiquimod,uracil mustard,imiquimod + uracil mustard,-13,-8.4,27,-38,0.4,5,BR:BT-549;BR:HS 578T;BR:MCF7;BR:MDA-MB-231;BR:T-47D,0.378230901780586,FALSE,FALSE,not_patient_scored
imiquimod,mitotane,imiquimod + mitotane,-36,-31.8,17,-61,0.2,5,BR:BT-549;BR:HS 578T;BR:MCF7;BR:MDA-MB-231;BR:T-47D,0.378230901780586,FALSE,FALSE,not_patient_scored
dacarbazine,imiquimod,dacarbazine + imiquimod,-39,-37.6,-20,-55,0,5,BR:BT-549;BR:HS 578T;BR:MCF7;BR:MDA-MB-231;BR:T-47D,0.378230901780586,FALSE,FALSE,not_patient_scored
imiquimod,methoxsalen,imiquimod + methoxsalen,-33,-52.6,-21,-92,0,5,BR:BT-549;BR:HS 578T;BR:MCF7;BR:MDA-MB-231;BR:T-47D,0.378230901780586,FALSE,FALSE,not_patient_scored
imiquimod,vinblastine,imiquimod + vinblastine,-36,-18.6,29,-48,0.4,5,BR:BT-549;BR:HS 578T;BR:MCF7;BR:MDA-MB-231;BR:T-47D,0.378230901780586,FALSE,FALSE,not_patient_scored
cytarabine,imiquimod,cytarabine + imiquimod,-2,2.2,42,-33,0.4,5,BR:BT-549;BR:HS 578T;BR:MCF7;BR:MDA-MB-231;BR:T-47D,0.378230901780586,FALSE,FALSE,not_patient_scored
imiquimod,thalidomide,imiquimod + thalidomide,-32,-29.8,5,-77,0.2,5,BR:BT-549;BR:HS 578T;BR:MCF7;BR:MDA-MB-231;BR:T-47D,0.378230901780586,FALSE,FALSE,not_patient_scored
imiquimod,vincristine,imiquimod + vincristine,-22,-45.4,1,-131,0.2,5,BR:BT-549;BR:HS 578T;BR:MCF7;BR:MDA-MB-231;BR:T-47D,0.378230901780586,FALSE,FALSE,not_patient_scored
imiquimod,megestrol acetate,imiquimod + megestrol acetate,-27,-39.6,-4,-89,0,5,BR:BT-549;BR:HS 578T;BR:MCF7;BR:MDA-MB-231;BR:T-47D,0.378230901780586,FALSE,FALSE,not_patient_scored
imiquimod,procarbazine,imiquimod + procarbazine,-42,-46.2,-4,-80,0,5,BR:BT-549;BR:HS 578T;BR:MCF7;BR:MDA-MB-231;BR:T-47D,0.378230901780586,FALSE,FALSE,not_patient_scored
imiquimod,lomustine,imiquimod + lomustine,-11,-8,24,-34,0.2,5,BR:BT-549;BR:HS 578T;BR:MCF7;BR:MDA-MB-231;BR:T-47D,0.378230901780586,FALSE,FALSE,not_patient_scored
daunorubicin,imiquimod,daunorubicin + imiquimod,-10,-10.6,6,-28,0.2,5,BR:BT-549;BR:HS 578T;BR:MCF7;BR:MDA-MB-231;BR:T-47D,0.378230901780586,FALSE,FALSE,not_patient_scored
imiquimod,streptozocin,imiquimod + streptozocin,-38,-53.6,6,-126,0.2,5,BR:BT-549;BR:HS 578T;BR:MCF7;BR:MDA-MB-231;BR:T-47D,0.378230901780586,FALSE,FALSE,not_patient_scored
azacitidine,imiquimod,azacitidine + imiquimod,-14,-26.6,12,-112,0.4,5,BR:BT-549;BR:HS 578T;BR:MCF7;BR:MDA-MB-231;BR:T-47D,0.378230901780586,FALSE,FALSE,not_patient_scored
cladribine,imiquimod,cladribine + imiquimod,-40,-42,22,-93,0.2,5,BR:BT-549;BR:HS 578T;BR:MCF7;BR:MDA-MB-231;BR:T-47D,0.378230901780586,FALSE,FALSE,not_patient_scored
ifosfamide,imiquimod,ifosfamide + imiquimod,-37,-39.8,8,-124,0.2,5,BR:BT-549;BR:HS 578T;BR:MCF7;BR:MDA-MB-231;BR:T-47D,0.378230901780586,FALSE,FALSE,not_patient_scored
fludarabine,imiquimod,fludarabine + imiquimod,-43,-35.8,17,-81,0.2,5,BR:BT-549;BR:HS 578T;BR:MCF7;BR:MDA-MB-231;BR:T-47D,0.378230901780586,FALSE,FALSE,not_patient_scored
imiquimod,isotretinoin,imiquimod + isotretinoin,-7,-12.8,33,-56,0.4,5,BR:BT-549;BR:HS 578T;BR:MCF7;BR:MDA-MB-231;BR:T-47D,0.378230901780586,FALSE,FALSE,not_patient_scored
imiquimod,teniposide,imiquimod + teniposide,-4,10.2,75,-23,0.4,5,BR:BT-549;BR:HS 578T;BR:MCF7;BR:MDA-MB-231;BR:T-47D,0.378230901780586,FALSE,FALSE,not_patient_scored
doxorubicin,imiquimod,doxorubicin + imiquimod,-18,-25.4,17,-71,0.2,5,BR:BT-549;BR:HS 578T;BR:MCF7;BR:MDA-MB-231;BR:T-47D,0.378230901780586,TRUE,FALSE,tier_B_one_drug_patient_scored
bleomycin,imiquimod,bleomycin + imiquimod,14,1.2,30,-65,0.6,5,BR:BT-549;BR:HS 578T;BR:MCF7;BR:MDA-MB-231;BR:T-47D,0.858989086731763,FALSE,FALSE,not_patient_scored
imiquimod,paclitaxel,imiquimod + paclitaxel,45,43,125,-23,0.8,5,BR:BT-549;BR:HS 578T;BR:MCF7;BR:MDA-MB-231;BR:T-47D,0.95433658816772,FALSE,TRUE,tier_B_one_drug_patient_scored
bendamustine,imiquimod,bendamustine + imiquimod,16,13.8,34,-13,0.8,5,BR:BT-549;BR:HS 578T;BR:MCF7;BR:MDA-MB-231;BR:T-47D,0.869519433275895,FALSE,FALSE,not_patient_scored
etoposide,imiquimod,etoposide + imiquimod,-14,-10.2,-1,-19,0,5,BR:BT-549;BR:HS 578T;BR:MCF7;BR:MDA-MB-231;BR:T-47D,0.378230901780586,FALSE,FALSE,not_patient_scored
dexrazoxane,imiquimod,dexrazoxane + imiquimod,-24,-20.4,-10,-32,0,5,BR:BT-549;BR:HS 578T;BR:MCF7;BR:MDA-MB-231;BR:T-47D,0.378230901780586,FALSE,FALSE,not_patient_scored
imiquimod,tamoxifen,imiquimod + tamoxifen,-38,-38.4,-6,-74,0,5,BR:BT-549;BR:HS 578T;BR:MCF7;BR:MDA-MB-231;BR:T-47D,0.378230901780586,FALSE,FALSE,not_patient_scored
imiquimod,rapamycin,imiquimod + rapamycin,-24,-13.2,15,-34,0.4,5,BR:BT-549;BR:HS 578T;BR:MCF7;BR:MDA-MB-231;BR:T-47D,0.378230901780586,FALSE,TRUE,tier_B_one_drug_patient_scored
carboplatin,imiquimod,carboplatin + imiquimod,-6,-2.4,40,-48,0.4,5,BR:BT-549;BR:HS 578T;BR:MCF7;BR:MDA-MB-231;BR:T-47D,0.378230901780586,FALSE,FALSE,not_patient_scored
imiquimod,valrubicin,imiquimod + valrubicin,-77,-72,-12,-115,0,5,BR:BT-549;BR:HS 578T;BR:MCF7;BR:MDA-MB-231;BR:T-47D,0.378230901780586,FALSE,FALSE,not_patient_scored
imiquimod,oxaliplatin,imiquimod + oxaliplatin,-29,-28,14,-71,0.2,5,BR:BT-549;BR:HS 578T;BR:MCF7;BR:MDA-MB-231;BR:T-47D,0.378230901780586,FALSE,FALSE,not_patient_scored
imiquimod,mitoxantrone,imiquimod + mitoxantrone,29,27.2,41,11,1,5,BR:BT-549;BR:HS 578T;BR:MCF7;BR:MDA-MB-231;BR:T-47D,0.920830940072755,FALSE,FALSE,not_patient_scored
imiquimod,temozolomide,imiquimod + temozolomide,-34,-40,-8,-68,0,5,BR:BT-549;BR:HS 578T;BR:MCF7;BR:MDA-MB-231;BR:T-47D,0.378230901780586,FALSE,FALSE,not_patient_scored
clofarabine,imiquimod,clofarabine + imiquimod,-4,-7.4,24,-37,0.4,5,BR:BT-549;BR:HS 578T;BR:MCF7;BR:MDA-MB-231;BR:T-47D,0.378230901780586,FALSE,FALSE,not_patient_scored
imiquimod,vinorelbine,imiquimod + vinorelbine,4,6.8,25,-11,0.6,5,BR:BT-549;BR:HS 578T;BR:MCF7;BR:MDA-MB-231;BR:T-47D,0.783553513306529,FALSE,FALSE,not_patient_scored
gemcitabine,imiquimod,gemcitabine + imiquimod,-14,-31.8,-1,-115,0,5,BR:BT-549;BR:HS 578T;BR:MCF7;BR:MDA-MB-231;BR:T-47D,0.378230901780586,TRUE,FALSE,tier_B_one_drug_patient_scored
docetaxel,imiquimod,docetaxel + imiquimod,-119,-125.8,-74,-195,0,5,BR:BT-549;BR:HS 578T;BR:MCF7;BR:MDA-MB-231;BR:T-47D,0.378230901780586,TRUE,FALSE,tier_B_one_drug_patient_scored
7 ethyl 10 hydroxycamptothecin,imiquimod,7 ethyl 10 hydroxycamptothecin + imiquimod,-13,-7.2,122,-106,0.2,5,BR:BT-549;BR:HS 578T;BR:MCF7;BR:MDA-MB-231;BR:T-47D,0.378230901780586,FALSE,FALSE,not_patient_scored
imiquimod,nelarabine,imiquimod + nelarabine,-91,-93.4,-52,-128,0,5,BR:BT-549;BR:HS 578T;BR:MCF7;BR:MDA-MB-231;BR:T-47D,0.378230901780586,FALSE,FALSE,not_patient_scored
imiquimod,pemetrexed,imiquimod + pemetrexed,-1,-4.6,5,-17,0.4,5,BR:BT-549;BR:HS 578T;BR:MCF7;BR:MDA-MB-231;BR:T-47D,0.378230901780586,FALSE,FALSE,not_patient_scored
imiquimod,vorinostat,imiquimod + vorinostat,-19,-32.6,18,-81,0.2,5,BR:BT-549;BR:HS 578T;BR:MCF7;BR:MDA-MB-231;BR:T-47D,0.378230901780586,FALSE,FALSE,not_patient_scored
capecitabine,imiquimod,capecitabine + imiquimod,-70,-79,-60,-120,0,5,BR:BT-549;BR:HS 578T;BR:MCF7;BR:MDA-MB-231;BR:T-47D,0.378230901780586,FALSE,FALSE,not_patient_scored
exemestane,imiquimod,exemestane + imiquimod,23,16,47,-17,0.6,5,BR:BT-549;BR:HS 578T;BR:MCF7;BR:MDA-MB-231;BR:T-47D,0.901014742485162,FALSE,FALSE,not_patient_scored
gefitinib,imiquimod,gefitinib + imiquimod,-12,-16.8,-9,-38,0,5,BR:BT-549;BR:HS 578T;BR:MCF7;BR:MDA-MB-231;BR:T-47D,0.378230901780586,FALSE,FALSE,not_patient_scored
fulvestrant,imiquimod,fulvestrant + imiquimod,-34,-14.2,77,-59,0.2,5,BR:BT-549;BR:HS 578T;BR:MCF7;BR:MDA-MB-231;BR:T-47D,0.378230901780586,FALSE,FALSE,not_patient_scored
anastrozole,imiquimod,anastrozole + imiquimod,-86,-71.4,-31,-100,0,5,BR:BT-549;BR:HS 578T;BR:MCF7;BR:MDA-MB-231;BR:T-47D,0.378230901780586,FALSE,FALSE,not_patient_scored
imiquimod,letrozole,imiquimod + letrozole,-50,-49,-19,-69,0,5,BR:BT-549;BR:HS 578T;BR:MCF7;BR:MDA-MB-231;BR:T-47D,0.378230901780586,FALSE,FALSE,not_patient_scored
celecoxib,imiquimod,celecoxib + imiquimod,-66,-78.2,-45,-141,0,5,BR:BT-549;BR:HS 578T;BR:MCF7;BR:MDA-MB-231;BR:T-47D,0.378230901780586,FALSE,FALSE,not_patient_scored
imiquimod,zoledronate,imiquimod + zoledronate,-37,-32.4,-12,-59,0,5,BR:BT-549;BR:HS 578T;BR:MCF7;BR:MDA-MB-231;BR:T-47D,0.378230901780586,FALSE,FALSE,not_patient_scored
dasatinib,imiquimod,dasatinib + imiquimod,-38,-22.8,47,-70,0.2,5,BR:BT-549;BR:HS 578T;BR:MCF7;BR:MDA-MB-231;BR:T-47D,0.378230901780586,FALSE,FALSE,not_patient_scored
everolimus,imiquimod,everolimus + imiquimod,-56,-48.8,25,-162,0.4,5,BR:BT-549;BR:HS 578T;BR:MCF7;BR:MDA-MB-231;BR:T-47D,0.378230901780586,FALSE,FALSE,not_patient_scored
imiquimod,pazopanib,imiquimod + pazopanib,-19,-29.4,-6,-77,0,5,BR:BT-549;BR:HS 578T;BR:MCF7;BR:MDA-MB-231;BR:T-47D,0.378230901780586,FALSE,FALSE,not_patient_scored
imatinib,imiquimod,imatinib + imiquimod,-61,-57.2,-2,-138,0,5,BR:BT-549;BR:HS 578T;BR:MCF7;BR:MDA-MB-231;BR:T-47D,0.378230901780586,FALSE,FALSE,not_patient_scored
imiquimod,lapatinib,imiquimod + lapatinib,-36,-34.2,5,-66,0.2,5,BR:BT-549;BR:HS 578T;BR:MCF7;BR:MDA-MB-231;BR:T-47D,0.378230901780586,FALSE,TRUE,tier_B_one_drug_patient_scored
imiquimod,nilotinib,imiquimod + nilotinib,-95,-75,1,-143,0.2,5,BR:BT-549;BR:HS 578T;BR:MCF7;BR:MDA-MB-231;BR:T-47D,0.378230901780586,FALSE,FALSE,not_patient_scored
imiquimod,sorafenib,imiquimod + sorafenib,-43,-23.6,25,-57,0.4,5,BR:BT-549;BR:HS 578T;BR:MCF7;BR:MDA-MB-231;BR:T-47D,0.378230901780586,FALSE,FALSE,not_patient_scored
imiquimod,lenalidomide,imiquimod + lenalidomide,-1,-10.6,13,-39,0.2,5,BR:BT-549;BR:HS 578T;BR:MCF7;BR:MDA-MB-231;BR:T-47D,0.378230901780586,FALSE,FALSE,not_patient_scored
imiquimod,raloxifene,imiquimod + raloxifene,-92,-80,-23,-121,0,5,BR:BT-549;BR:HS 578T;BR:MCF7;BR:MDA-MB-231;BR:T-47D,0.378230901780586,FALSE,FALSE,not_patient_scored
abiraterone,imiquimod,abiraterone + imiquimod,-50,-61.8,-37,-115,0,5,BR:BT-549;BR:HS 578T;BR:MCF7;BR:MDA-MB-231;BR:T-47D,0.378230901780586,FALSE,FALSE,not_patient_scored
imiquimod,sunitinib,imiquimod + sunitinib,-117,-88.8,16,-173,0.2,5,BR:BT-549;BR:HS 578T;BR:MCF7;BR:MDA-MB-231;BR:T-47D,0.378230901780586,FALSE,FALSE,not_patient_scored
imiquimod,vemurafenib,imiquimod + vemurafenib,-57,-48,-14,-65,0,5,BR:BT-549;BR:HS 578T;BR:MCF7;BR:MDA-MB-231;BR:T-47D,0.378230901780586,FALSE,FALSE,not_patient_scored
depsipeptide,imiquimod,depsipeptide + imiquimod,48,29.6,111,-90,0.8,5,BR:BT-549;BR:HS 578T;BR:MCF7;BR:MDA-MB-231;BR:T-47D,0.958452996362244,FALSE,FALSE,not_patient_scored
imiquimod,pralatrexate,imiquimod + pralatrexate,-38,-39.2,-5,-83,0,5,BR:BT-549;BR:HS 578T;BR:MCF7;BR:MDA-MB-231;BR:T-47D,0.378230901780586,FALSE,FALSE,not_patient_scored
imiquimod,vismodegib,imiquimod + vismodegib,-46,-35.8,3,-70,0.2,5,BR:BT-549;BR:HS 578T;BR:MCF7;BR:MDA-MB-231;BR:T-47D,0.378230901780586,FALSE,FALSE,not_patient_scored
crizotinib,imiquimod,crizotinib + imiquimod,-66,-61.6,-35,-80,0,5,BR:BT-549;BR:HS 578T;BR:MCF7;BR:MDA-MB-231;BR:T-47D,0.378230901780586,FALSE,FALSE,not_patient_scored
axitinib,imiquimod,axitinib + imiquimod,-74,-68.4,-12,-100,0,5,BR:BT-549;BR:HS 578T;BR:MCF7;BR:MDA-MB-231;BR:T-47D,0.378230901780586,FALSE,FALSE,not_patient_scored
imiquimod,vandetanib,imiquimod + vandetanib,-57,-57.2,-43,-75,0,5,BR:BT-549;BR:HS 578T;BR:MCF7;BR:MDA-MB-231;BR:T-47D,0.378230901780586,FALSE,FALSE,not_patient_scored
cabazitaxel,imiquimod,cabazitaxel + imiquimod,-30,-30.6,-13,-50,0,5,BR:BT-549;BR:HS 578T;BR:MCF7;BR:MDA-MB-231;BR:T-47D,0.378230901780586,FALSE,FALSE,not_patient_scored
imiquimod,ruxolitinib,imiquimod + ruxolitinib,-73,-78.4,-57,-113,0,5,BR:BT-549;BR:HS 578T;BR:MCF7;BR:MDA-MB-231;BR:T-47D,0.378230901780586,FALSE,FALSE,not_patient_scored
carmustine,methotrexate,carmustine + methotrexate,-40,-36,-3,-75,0,5,BR:BT-549;BR:HS 578T;BR:MCF7;BR:MDA-MB-231;BR:T-47D,0.378230901780586,FALSE,FALSE,not_patient_scored
busulfan,carmustine,busulfan + carmustine,-30,-17,84,-104,0.2,5,BR:BT-549;BR:HS 578T;BR:MCF7;BR:MDA-MB-231;BR:T-47D,0.378230901780586,FALSE,FALSE,not_patient_scored
6 thioguanine,carmustine,6 thioguanine + carmustine,-43,-43.8,-12,-71,0,5,BR:BT-549;BR:HS 578T;BR:MCF7;BR:MDA-MB-231;BR:T-47D,0.378230901780586,FALSE,FALSE,not_patient_scored
6 mercaptopurine,carmustine,6 mercaptopurine + carmustine,-67,-58.6,-7,-86,0,5,BR:BT-549;BR:HS 578T;BR:MCF7;BR:MDA-MB-231;BR:T-47D,0.378230901780586,FALSE,FALSE,not_patient_scored
carmustine,nitrogen mustard,carmustine + nitrogen mustard,-15,-16.8,34,-83,0.4,5,BR:BT-549;BR:HS 578T;BR:MCF7;BR:MDA-MB-231;BR:T-47D,0.378230901780586,FALSE,FALSE,not_patient_scored
allopurinol,carmustine,allopurinol + carmustine,-16,-32,-8,-78,0,5,BR:BT-549;BR:HS 578T;BR:MCF7;BR:MDA-MB-231;BR:T-47D,0.378230901780586,FALSE,FALSE,not_patient_scored
actinomycin d,carmustine,actinomycin d + carmustine,-124,-141,-104,-195,0,3,BR:BT-549;BR:MCF7;BR:MDA-MB-231,0.378230901780586,FALSE,FALSE,not_patient_scored
carmustine,chlorambucil,carmustine + chlorambucil,-17,-23.8,16,-86,0.2,5,BR:BT-549;BR:HS 578T;BR:MCF7;BR:MDA-MB-231;BR:T-47D,0.378230901780586,FALSE,FALSE,not_patient_scored
carmustine,thiotepa,carmustine + thiotepa,-8,-12.6,46,-93,0.4,5,BR:BT-549;BR:HS 578T;BR:MCF7;BR:MDA-MB-231;BR:T-47D,0.378230901780586,FALSE,FALSE,not_patient_scored
carmustine,melphalan,carmustine + melphalan,-37,-34.2,-14,-55,0,5,BR:BT-549;BR:HS 578T;BR:MCF7;BR:MDA-MB-231;BR:T-47D,0.378230901780586,FALSE,FALSE,not_patient_scored
carmustine,triethylenemelamine,carmustine + triethylenemelamine,-32,-44.6,32,-134,0.2,5,BR:BT-549;BR:HS 578T;BR:MCF7;BR:MDA-MB-231;BR:T-47D,0.378230901780586,FALSE,FALSE,not_patient_scored
altretamine,carmustine,altretamine + carmustine,-62,-68.6,-36,-120,0,5,BR:BT-549;BR:HS 578T;BR:MCF7;BR:MDA-MB-231;BR:T-47D,0.378230901780586,FALSE,FALSE,not_patient_scored
acrichine,carmustine,acrichine + carmustine,14,16.8,57,-24,0.6,5,BR:BT-549;BR:HS 578T;BR:MCF7;BR:MDA-MB-231;BR:T-47D,0.858989086731763,FALSE,FALSE,not_patient_scored
aminolevulinic acid,carmustine,aminolevulinic acid + carmustine,16,4,61,-46,0.6,5,BR:BT-549;BR:HS 578T;BR:MCF7;BR:MDA-MB-231;BR:T-47D,0.869519433275895,FALSE,FALSE,not_patient_scored
5-fluorouracil,carmustine,5-fluorouracil + carmustine,-16,-5.6,26,-20,0.2,5,BR:BT-549;BR:HS 578T;BR:MCF7;BR:MDA-MB-231;BR:T-47D,0.378230901780586,TRUE,FALSE,tier_B_one_drug_patient_scored
carmustine,mithramycin,carmustine + mithramycin,3,-2.6,90,-114,0.6,5,BR:BT-549;BR:HS 578T;BR:MCF7;BR:MDA-MB-231;BR:T-47D,0.775895079456251,FALSE,FALSE,not_patient_scored
carmustine,pipobroman,carmustine + pipobroman,-36,-46.4,5,-118,0.2,5,BR:BT-549;BR:HS 578T;BR:MCF7;BR:MDA-MB-231;BR:T-47D,0.378230901780586,FALSE,FALSE,not_patient_scored
carmustine,cyclophosphamide,carmustine + cyclophosphamide,-24,-5.8,76,-106,0.4,5,BR:BT-549;BR:HS 578T;BR:MCF7;BR:MDA-MB-231;BR:T-47D,0.378230901780586,FALSE,FALSE,not_patient_scored
carmustine,mitomycin,carmustine + mitomycin,-65,-51.6,-17,-82,0,5,BR:BT-549;BR:HS 578T;BR:MCF7;BR:MDA-MB-231;BR:T-47D,0.378230901780586,FALSE,FALSE,not_patient_scored
carmustine,floxuridine,carmustine + floxuridine,2,2.6,59,-49,0.6,5,BR:BT-549;BR:HS 578T;BR:MCF7;BR:MDA-MB-231;BR:T-47D,0.768140915182845,FALSE,FALSE,not_patient_scored
carmustine,hydroxyurea,carmustine + hydroxyurea,-8,-10.6,28,-65,0.4,5,BR:BT-549;BR:HS 578T;BR:MCF7;BR:MDA-MB-231;BR:T-47D,0.378230901780586,FALSE,FALSE,not_patient_scored
carmustine,uracil mustard,carmustine + uracil mustard,-17,-11.8,19,-32,0.2,5,BR:BT-549;BR:HS 578T;BR:MCF7;BR:MDA-MB-231;BR:T-47D,0.378230901780586,FALSE,FALSE,not_patient_scored
carmustine,mitotane,carmustine + mitotane,-26,-25.8,4,-55,0.2,5,BR:BT-549;BR:HS 578T;BR:MCF7;BR:MDA-MB-231;BR:T-47D,0.378230901780586,FALSE,FALSE,not_patient_scored
carmustine,dacarbazine,carmustine + dacarbazine,-41,-45,-21,-84,0,5,BR:BT-549;BR:HS 578T;BR:MCF7;BR:MDA-MB-231;BR:T-47D,0.378230901780586,FALSE,FALSE,not_patient_scored
carmustine,methoxsalen,carmustine + methoxsalen,-4,-4.4,32,-43,0.4,5,BR:BT-549;BR:HS 578T;BR:MCF7;BR:MDA-MB-231;BR:T-47D,0.378230901780586,FALSE,FALSE,not_patient_scored
carmustine,vinblastine,carmustine + vinblastine,-19,-28.4,-5,-61,0,5,BR:BT-549;BR:HS 578T;BR:MCF7;BR:MDA-MB-231;BR:T-47D,0.378230901780586,FALSE,FALSE,not_patient_scored
carmustine,cytarabine,carmustine + cytarabine,-17,-12,11,-31,0.4,5,BR:BT-549;BR:HS 578T;BR:MCF7;BR:MDA-MB-231;BR:T-47D,0.378230901780586,FALSE,FALSE,not_patient_scored
carmustine,thalidomide,carmustine + thalidomide,-60,-71.8,-40,-111,0,5,BR:BT-549;BR:HS 578T;BR:MCF7;BR:MDA-MB-231;BR:T-47D,0.378230901780586,FALSE,FALSE,not_patient_scored
carmustine,vincristine,carmustine + vincristine,-55.5,-61,-23,-110,0,4,BR:BT-549;BR:HS 578T;BR:MCF7;BR:MDA-MB-231,0.378230901780586,FALSE,FALSE,not_patient_scored
carmustine,megestrol acetate,carmustine + megestrol acetate,-39,-57.6,-8,-112,0,5,BR:BT-549;BR:HS 578T;BR:MCF7;BR:MDA-MB-231;BR:T-47D,0.378230901780586,FALSE,FALSE,not_patient_scored
carmustine,procarbazine,carmustine + procarbazine,-55,-59.2,-11,-95,0,5,BR:BT-549;BR:HS 578T;BR:MCF7;BR:MDA-MB-231;BR:T-47D,0.378230901780586,FALSE,FALSE,not_patient_scored
carmustine,lomustine,carmustine + lomustine,-7,-11,19,-47,0.4,5,BR:BT-549;BR:HS 578T;BR:MCF7;BR:MDA-MB-231;BR:T-47D,0.378230901780586,FALSE,FALSE,not_patient_scored
carmustine,daunorubicin,carmustine + daunorubicin,-7,-4.8,15,-26,0.4,5,BR:BT-549;BR:HS 578T;BR:MCF7;BR:MDA-MB-231;BR:T-47D,0.378230901780586,FALSE,FALSE,not_patient_scored
carmustine,streptozocin,carmustine + streptozocin,-6,-11.4,12,-53,0.4,5,BR:BT-549;BR:HS 578T;BR:MCF7;BR:MDA-MB-231;BR:T-47D,0.378230901780586,FALSE,FALSE,not_patient_scored
azacitidine,carmustine,azacitidine + carmustine,2,-1,33,-46,0.6,5,BR:BT-549;BR:HS 578T;BR:MCF7;BR:MDA-MB-231;BR:T-47D,0.768140915182845,FALSE,FALSE,not_patient_scored
carmustine,cladribine,carmustine + cladribine,-39,-36.6,25,-89,0.2,5,BR:BT-549;BR:HS 578T;BR:MCF7;BR:MDA-MB-231;BR:T-47D,0.378230901780586,FALSE,FALSE,not_patient_scored
carmustine,ifosfamide,carmustine + ifosfamide,-61,-44.2,49,-82,0.2,5,BR:BT-549;BR:HS 578T;BR:MCF7;BR:MDA-MB-231;BR:T-47D,0.378230901780586,FALSE,FALSE,not_patient_scored
carmustine,fludarabine,carmustine + fludarabine,19,-7,60,-130,0.6,5,BR:BT-549;BR:HS 578T;BR:MCF7;BR:MDA-MB-231;BR:T-47D,0.883974727168294,FALSE,FALSE,not_patient_scored
carmustine,isotretinoin,carmustine + isotretinoin,14,3,69,-51,0.6,5,BR:BT-549;BR:HS 578T;BR:MCF7;BR:MDA-MB-231;BR:T-47D,0.858989086731763,FALSE,FALSE,not_patient_scored
carmustine,teniposide,carmustine + teniposide,-24,-14.8,21,-32,0.2,5,BR:BT-549;BR:HS 578T;BR:MCF7;BR:MDA-MB-231;BR:T-47D,0.378230901780586,FALSE,FALSE,not_patient_scored
carmustine,doxorubicin,carmustine + doxorubicin,-35,-31.2,12,-77,0.2,5,BR:BT-549;BR:HS 578T;BR:MCF7;BR:MDA-MB-231;BR:T-47D,0.378230901780586,FALSE,TRUE,tier_B_one_drug_patient_scored
bleomycin,carmustine,bleomycin + carmustine,2,-4,20,-52,0.6,5,BR:BT-549;BR:HS 578T;BR:MCF7;BR:MDA-MB-231;BR:T-47D,0.768140915182845,FALSE,FALSE,not_patient_scored
carmustine,paclitaxel,carmustine + paclitaxel,-74,-75.6,-49,-98,0,5,BR:BT-549;BR:HS 578T;BR:MCF7;BR:MDA-MB-231;BR:T-47D,0.378230901780586,FALSE,TRUE,tier_B_one_drug_patient_scored
carmustine,decitabine,carmustine + decitabine,-21,-26.4,27,-64,0.2,5,BR:BT-549;BR:HS 578T;BR:MCF7;BR:MDA-MB-231;BR:T-47D,0.378230901780586,FALSE,FALSE,not_patient_scored
bendamustine,carmustine,bendamustine + carmustine,-15,-17.8,82,-100,0.4,5,BR:BT-549;BR:HS 578T;BR:MCF7;BR:MDA-MB-231;BR:T-47D,0.378230901780586,FALSE,FALSE,not_patient_scored
carmustine,etoposide,carmustine + etoposide,0,-3.2,27,-39,0.4,5,BR:BT-549;BR:HS 578T;BR:MCF7;BR:MDA-MB-231;BR:T-47D,0.378230901780586,FALSE,FALSE,not_patient_scored
carmustine,dexrazoxane,carmustine + dexrazoxane,-22,-26.6,-1,-49,0,5,BR:BT-549;BR:HS 578T;BR:MCF7;BR:MDA-MB-231;BR:T-47D,0.378230901780586,FALSE,FALSE,not_patient_scored
carmustine,tamoxifen,carmustine + tamoxifen,-21,-16.8,15,-38,0.2,5,BR:BT-549;BR:HS 578T;BR:MCF7;BR:MDA-MB-231;BR:T-47D,0.378230901780586,FALSE,FALSE,not_patient_scored
carmustine,pentostatin,carmustine + pentostatin,-38,-40.4,0,-85,0,5,BR:BT-549;BR:HS 578T;BR:MCF7;BR:MDA-MB-231;BR:T-47D,0.378230901780586,FALSE,FALSE,not_patient_scored
carmustine,rapamycin,carmustine + rapamycin,-2,-6.8,50,-83,0.4,5,BR:BT-549;BR:HS 578T;BR:MCF7;BR:MDA-MB-231;BR:T-47D,0.378230901780586,FALSE,TRUE,tier_B_one_drug_patient_scored
carboplatin,carmustine,carboplatin + carmustine,-34,-36.2,-16,-60,0,5,BR:BT-549;BR:HS 578T;BR:MCF7;BR:MDA-MB-231;BR:T-47D,0.378230901780586,FALSE,FALSE,not_patient_scored
carmustine,valrubicin,carmustine + valrubicin,-107,-120.4,-81,-200,0,5,BR:BT-549;BR:HS 578T;BR:MCF7;BR:MDA-MB-231;BR:T-47D,0.378230901780586,FALSE,FALSE,not_patient_scored
carmustine,oxaliplatin,carmustine + oxaliplatin,-40,-49.4,-10,-92,0,5,BR:BT-549;BR:HS 578T;BR:MCF7;BR:MDA-MB-231;BR:T-47D,0.378230901780586,FALSE,FALSE,not_patient_scored
carmustine,mitoxantrone,carmustine + mitoxantrone,-93,-88.4,-45,-132,0,5,BR:BT-549;BR:HS 578T;BR:MCF7;BR:MDA-MB-231;BR:T-47D,0.378230901780586,FALSE,FALSE,not_patient_scored
carmustine,temozolomide,carmustine + temozolomide,-14,-26.2,5,-62,0.2,5,BR:BT-549;BR:HS 578T;BR:MCF7;BR:MDA-MB-231;BR:T-47D,0.378230901780586,FALSE,FALSE,not_patient_scored
carmustine,imiquimod,carmustine + imiquimod,-29,-28.4,19,-75,0.2,5,BR:BT-549;BR:HS 578T;BR:MCF7;BR:MDA-MB-231;BR:T-47D,0.378230901780586,FALSE,FALSE,not_patient_scored
carmustine,clofarabine,carmustine + clofarabine,-22,-20.2,2,-45,0.4,5,BR:BT-549;BR:HS 578T;BR:MCF7;BR:MDA-MB-231;BR:T-47D,0.378230901780586,FALSE,FALSE,not_patient_scored
carmustine,vinorelbine,carmustine + vinorelbine,-7,-8,11,-21,0.2,5,BR:BT-549;BR:HS 578T;BR:MCF7;BR:MDA-MB-231;BR:T-47D,0.378230901780586,FALSE,FALSE,not_patient_scored
carmustine,topotecan,carmustine + topotecan,-27,-19,17,-37,0.2,5,BR:BT-549;BR:HS 578T;BR:MCF7;BR:MDA-MB-231;BR:T-47D,0.378230901780586,FALSE,FALSE,not_patient_scored
carmustine,gemcitabine,carmustine + gemcitabine,-22,-6.2,57,-55,0.4,5,BR:BT-549;BR:HS 578T;BR:MCF7;BR:MDA-MB-231;BR:T-47D,0.378230901780586,FALSE,TRUE,tier_B_one_drug_patient_scored
carmustine,docetaxel,carmustine + docetaxel,-39,-41.2,-6,-75,0,5,BR:BT-549;BR:HS 578T;BR:MCF7;BR:MDA-MB-231;BR:T-47D,0.378230901780586,FALSE,TRUE,tier_B_one_drug_patient_scored
7 ethyl 10 hydroxycamptothecin,carmustine,7 ethyl 10 hydroxycamptothecin + carmustine,0,4,80,-38,0.4,5,BR:BT-549;BR:HS 578T;BR:MCF7;BR:MDA-MB-231;BR:T-47D,0.378230901780586,FALSE,FALSE,not_patient_scored
carmustine,nelarabine,carmustine + nelarabine,-95,-91.4,-8,-145,0,5,BR:BT-549;BR:HS 578T;BR:MCF7;BR:MDA-MB-231;BR:T-47D,0.378230901780586,FALSE,FALSE,not_patient_scored
carmustine,pemetrexed,carmustine + pemetrexed,-13.5,-17.5,6,-49,0.25,4,BR:BT-549;BR:HS 578T;BR:MCF7;BR:T-47D,0.378230901780586,FALSE,FALSE,not_patient_scored
carmustine,vorinostat,carmustine + vorinostat,-21,-23.2,9,-88,0.4,5,BR:BT-549;BR:HS 578T;BR:MCF7;BR:MDA-MB-231;BR:T-47D,0.378230901780586,FALSE,FALSE,not_patient_scored
capecitabine,carmustine,capecitabine + carmustine,-48,-41.4,14,-94,0.2,5,BR:BT-549;BR:HS 578T;BR:MCF7;BR:MDA-MB-231;BR:T-47D,0.378230901780586,FALSE,FALSE,not_patient_scored
carmustine,exemestane,carmustine + exemestane,59,29.8,75,-29,0.6,5,BR:BT-549;BR:HS 578T;BR:MCF7;BR:MDA-MB-231;BR:T-47D,0.972142446869615,FALSE,FALSE,not_patient_scored
carmustine,gefitinib,carmustine + gefitinib,14,5.2,23,-40,0.8,5,BR:BT-549;BR:HS 578T;BR:MCF7;BR:MDA-MB-231;BR:T-47D,0.858989086731763,FALSE,FALSE,not_patient_scored
carmustine,fulvestrant,carmustine + fulvestrant,-26,-16.8,47,-57,0.2,5,BR:BT-549;BR:HS 578T;BR:MCF7;BR:MDA-MB-231;BR:T-47D,0.378230901780586,FALSE,FALSE,not_patient_scored
anastrozole,carmustine,anastrozole + carmustine,-59,-38,65,-76,0.2,5,BR:BT-549;BR:HS 578T;BR:MCF7;BR:MDA-MB-231;BR:T-47D,0.378230901780586,FALSE,FALSE,not_patient_scored
carmustine,letrozole,carmustine + letrozole,-34,-40.2,5,-91,0.2,5,BR:BT-549;BR:HS 578T;BR:MCF7;BR:MDA-MB-231;BR:T-47D,0.378230901780586,FALSE,FALSE,not_patient_scored
carmustine,celecoxib,carmustine + celecoxib,-59,-64.8,-21,-97,0,5,BR:BT-549;BR:HS 578T;BR:MCF7;BR:MDA-MB-231;BR:T-47D,0.378230901780586,FALSE,FALSE,not_patient_scored
carmustine,zoledronate,carmustine + zoledronate,-23,-16.4,49,-71,0.4,5,BR:BT-549;BR:HS 578T;BR:MCF7;BR:MDA-MB-231;BR:T-47D,0.378230901780586,FALSE,FALSE,not_patient_scored
carmustine,dasatinib,carmustine + dasatinib,-5,-20.4,35,-93,0.2,5,BR:BT-549;BR:HS 578T;BR:MCF7;BR:MDA-MB-231;BR:T-47D,0.378230901780586,FALSE,FALSE,not_patient_scored
carmustine,pazopanib,carmustine + pazopanib,-10,-22.8,4,-92,0.2,5,BR:BT-549;BR:HS 578T;BR:MCF7;BR:MDA-MB-231;BR:T-47D,0.378230901780586,FALSE,FALSE,not_patient_scored
carmustine,imatinib,carmustine + imatinib,-24,-20.2,35,-71,0.4,5,BR:BT-549;BR:HS 578T;BR:MCF7;BR:MDA-MB-231;BR:T-47D,0.378230901780586,FALSE,FALSE,not_patient_scored
carmustine,lapatinib,carmustine + lapatinib,-9,-18.8,29,-76,0.4,5,BR:BT-549;BR:HS 578T;BR:MCF7;BR:MDA-MB-231;BR:T-47D,0.378230901780586,FALSE,TRUE,tier_B_one_drug_patient_scored
carmustine,nilotinib,carmustine + nilotinib,-49,-48.8,5,-140,0.2,5,BR:BT-549;BR:HS 578T;BR:MCF7;BR:MDA-MB-231;BR:T-47D,0.378230901780586,FALSE,FALSE,not_patient_scored
carmustine,sorafenib,carmustine + sorafenib,-54,-60.8,-21,-125,0,5,BR:BT-549;BR:HS 578T;BR:MCF7;BR:MDA-MB-231;BR:T-47D,0.378230901780586,FALSE,FALSE,not_patient_scored
carmustine,lenalidomide,carmustine + lenalidomide,-18,-13.8,13,-32,0.2,5,BR:BT-549;BR:HS 578T;BR:MCF7;BR:MDA-MB-231;BR:T-47D,0.378230901780586,FALSE,FALSE,not_patient_scored
carmustine,raloxifene,carmustine + raloxifene,-36,-37.2,1,-79,0.2,5,BR:BT-549;BR:HS 578T;BR:MCF7;BR:MDA-MB-231;BR:T-47D,0.378230901780586,FALSE,FALSE,not_patient_scored
abiraterone,carmustine,abiraterone + carmustine,-14,-8.2,20,-43,0.4,5,BR:BT-549;BR:HS 578T;BR:MCF7;BR:MDA-MB-231;BR:T-47D,0.378230901780586,FALSE,FALSE,not_patient_scored
carmustine,sunitinib,carmustine + sunitinib,-83,-96.8,-31,-172,0,5,BR:BT-549;BR:HS 578T;BR:MCF7;BR:MDA-MB-231;BR:T-47D,0.378230901780586,FALSE,FALSE,not_patient_scored
carmustine,vemurafenib,carmustine + vemurafenib,-27,-33.6,-9,-58,0,5,BR:BT-549;BR:HS 578T;BR:MCF7;BR:MDA-MB-231;BR:T-47D,0.378230901780586,FALSE,FALSE,not_patient_scored
carmustine,depsipeptide,carmustine + depsipeptide,50,38,113,-84,0.8,5,BR:BT-549;BR:HS 578T;BR:MCF7;BR:MDA-MB-231;BR:T-47D,0.961133448209841,FALSE,FALSE,not_patient_scored
carmustine,pralatrexate,carmustine + pralatrexate,-23,-24,6,-66,0.4,5,BR:BT-549;BR:HS 578T;BR:MCF7;BR:MDA-MB-231;BR:T-47D,0.378230901780586,FALSE,FALSE,not_patient_scored
carmustine,vismodegib,carmustine + vismodegib,-7,-12.8,-3,-29,0,5,BR:BT-549;BR:HS 578T;BR:MCF7;BR:MDA-MB-231;BR:T-47D,0.378230901780586,FALSE,FALSE,not_patient_scored
carmustine,crizotinib,carmustine + crizotinib,-47,-46.4,-6,-98,0,5,BR:BT-549;BR:HS 578T;BR:MCF7;BR:MDA-MB-231;BR:T-47D,0.378230901780586,FALSE,FALSE,not_patient_scored
axitinib,carmustine,axitinib + carmustine,-20,-17.6,8,-38,0.2,5,BR:BT-549;BR:HS 578T;BR:MCF7;BR:MDA-MB-231;BR:T-47D,0.378230901780586,FALSE,FALSE,not_patient_scored
carmustine,vandetanib,carmustine + vandetanib,-24,-22.2,16,-64,0.2,5,BR:BT-549;BR:HS 578T;BR:MCF7;BR:MDA-MB-231;BR:T-47D,0.378230901780586,FALSE,FALSE,not_patient_scored
cabazitaxel,carmustine,cabazitaxel + carmustine,10,21.8,89,-34,0.8,5,BR:BT-549;BR:HS 578T;BR:MCF7;BR:MDA-MB-231;BR:T-47D,0.835343672219031,FALSE,FALSE,not_patient_scored
carmustine,ruxolitinib,carmustine + ruxolitinib,-36,-41,-25,-62,0,5,BR:BT-549;BR:HS 578T;BR:MCF7;BR:MDA-MB-231;BR:T-47D,0.378230901780586,FALSE,FALSE,not_patient_scored
clofarabine,methotrexate,clofarabine + methotrexate,-29.5,-35,5,-86,0.25,4,BR:BT-549;BR:MCF7;BR:MDA-MB-231;BR:T-47D,0.378230901780586,FALSE,FALSE,not_patient_scored
6 thioguanine,clofarabine,6 thioguanine + clofarabine,-80,-69,-4,-108,0,5,BR:BT-549;BR:HS 578T;BR:MCF7;BR:MDA-MB-231;BR:T-47D,0.378230901780586,FALSE,FALSE,not_patient_scored
6 mercaptopurine,clofarabine,6 mercaptopurine + clofarabine,-20,-37,-5,-91,0,5,BR:BT-549;BR:HS 578T;BR:MCF7;BR:MDA-MB-231;BR:T-47D,0.378230901780586,FALSE,FALSE,not_patient_scored
actinomycin d,clofarabine,actinomycin d + clofarabine,-48,-50.6,-25,-84,0,5,BR:BT-549;BR:HS 578T;BR:MCF7;BR:MDA-MB-231;BR:T-47D,0.378230901780586,FALSE,FALSE,not_patient_scored
chlorambucil,clofarabine,chlorambucil + clofarabine,-52,-37,-8,-58,0,5,BR:BT-549;BR:HS 578T;BR:MCF7;BR:MDA-MB-231;BR:T-47D,0.378230901780586,FALSE,FALSE,not_patient_scored
clofarabine,thiotepa,clofarabine + thiotepa,-47,-50.4,-11,-90,0,5,BR:BT-549;BR:HS 578T;BR:MCF7;BR:MDA-MB-231;BR:T-47D,0.378230901780586,FALSE,FALSE,not_patient_scored
clofarabine,melphalan,clofarabine + melphalan,-39,-42,-27,-67,0,5,BR:BT-549;BR:HS 578T;BR:MCF7;BR:MDA-MB-231;BR:T-47D,0.378230901780586,FALSE,FALSE,not_patient_scored
altretamine,clofarabine,altretamine + clofarabine,-67,-67.6,-29,-115,0,5,BR:BT-549;BR:HS 578T;BR:MCF7;BR:MDA-MB-231;BR:T-47D,0.378230901780586,FALSE,FALSE,not_patient_scored
5-fluorouracil,clofarabine,5-fluorouracil + clofarabine,-6,-9,16,-53,0.4,5,BR:BT-549;BR:HS 578T;BR:MCF7;BR:MDA-MB-231;BR:T-47D,0.378230901780586,TRUE,FALSE,tier_B_one_drug_patient_scored
clofarabine,mithramycin,clofarabine + mithramycin,-35,-40.4,33,-123,0.2,5,BR:BT-549;BR:HS 578T;BR:MCF7;BR:MDA-MB-231;BR:T-47D,0.378230901780586,FALSE,FALSE,not_patient_scored
clofarabine,floxuridine,clofarabine + floxuridine,2,-10.5,20,-66,0.5,4,BR:BT-549;BR:MCF7;BR:MDA-MB-231;BR:T-47D,0.768140915182845,FALSE,FALSE,not_patient_scored
clofarabine,hydroxyurea,clofarabine + hydroxyurea,-37,-27.8,16,-49,0.2,5,BR:BT-549;BR:HS 578T;BR:MCF7;BR:MDA-MB-231;BR:T-47D,0.378230901780586,FALSE,FALSE,not_patient_scored
clofarabine,uracil mustard,clofarabine + uracil mustard,-40,-46.8,-9,-107,0,5,BR:BT-549;BR:HS 578T;BR:MCF7;BR:MDA-MB-231;BR:T-47D,0.378230901780586,FALSE,FALSE,not_patient_scored
clofarabine,dacarbazine,clofarabine + dacarbazine,-21,-28.8,-13,-51,0,5,BR:BT-549;BR:HS 578T;BR:MCF7;BR:MDA-MB-231;BR:T-47D,0.378230901780586,FALSE,FALSE,not_patient_scored
clofarabine,cytarabine,clofarabine + cytarabine,-40,-41.2,21,-84,0.2,5,BR:BT-549;BR:HS 578T;BR:MCF7;BR:MDA-MB-231;BR:T-47D,0.378230901780586,FALSE,FALSE,not_patient_scored
clofarabine,vincristine,clofarabine + vincristine,-62,-76.6,-5,-198,0,5,BR:BT-549;BR:HS 578T;BR:MCF7;BR:MDA-MB-231;BR:T-47D,0.378230901780586,FALSE,FALSE,not_patient_scored
clofarabine,megestrol acetate,clofarabine + megestrol acetate,-39,-60.8,-18,-114,0,5,BR:BT-549;BR:HS 578T;BR:MCF7;BR:MDA-MB-231;BR:T-47D,0.378230901780586,FALSE,FALSE,not_patient_scored
clofarabine,lomustine,clofarabine + lomustine,-19,-9.2,29,-36,0.4,5,BR:BT-549;BR:HS 578T;BR:MCF7;BR:MDA-MB-231;BR:T-47D,0.378230901780586,FALSE,FALSE,not_patient_scored
clofarabine,daunorubicin,clofarabine + daunorubicin,-5,-5.2,18,-34,0.4,5,BR:BT-549;BR:HS 578T;BR:MCF7;BR:MDA-MB-231;BR:T-47D,0.378230901780586,FALSE,FALSE,not_patient_scored
cladribine,clofarabine,cladribine + clofarabine,-1,-6.5,80,-104,0.5,4,BR:BT-549;BR:HS 578T;BR:MCF7;BR:MDA-MB-231,0.378230901780586,FALSE,FALSE,not_patient_scored
clofarabine,fludarabine,clofarabine + fludarabine,-63,-59.6,-19,-84,0,5,BR:BT-549;BR:HS 578T;BR:MCF7;BR:MDA-MB-231;BR:T-47D,0.378230901780586,FALSE,FALSE,not_patient_scored
clofarabine,isotretinoin,clofarabine + isotretinoin,-50,-36.2,27,-86,0.2,5,BR:BT-549;BR:HS 578T;BR:MCF7;BR:MDA-MB-231;BR:T-47D,0.378230901780586,FALSE,FALSE,not_patient_scored
clofarabine,teniposide,clofarabine + teniposide,-18,-20,7,-40,0.2,5,BR:BT-549;BR:HS 578T;BR:MCF7;BR:MDA-MB-231;BR:T-47D,0.378230901780586,FALSE,FALSE,not_patient_scored
bendamustine,clofarabine,bendamustine + clofarabine,-29,-45,-4,-103,0,5,BR:BT-549;BR:HS 578T;BR:MCF7;BR:MDA-MB-231;BR:T-47D,0.378230901780586,FALSE,FALSE,not_patient_scored
clofarabine,etoposide,clofarabine + etoposide,1,-12,12,-51,0.6,5,BR:BT-549;BR:HS 578T;BR:MCF7;BR:MDA-MB-231;BR:T-47D,0.759908098793797,FALSE,FALSE,not_patient_scored
clofarabine,dexrazoxane,clofarabine + dexrazoxane,-22,-24.4,-16,-41,0,5,BR:BT-549;BR:HS 578T;BR:MCF7;BR:MDA-MB-231;BR:T-47D,0.378230901780586,FALSE,FALSE,not_patient_scored
clofarabine,tamoxifen,clofarabine + tamoxifen,-57,-50,32,-119,0.2,5,BR:BT-549;BR:HS 578T;BR:MCF7;BR:MDA-MB-231;BR:T-47D,0.378230901780586,FALSE,FALSE,not_patient_scored
carboplatin,clofarabine,carboplatin + clofarabine,-51,-50,6,-90,0.2,5,BR:BT-549;BR:HS 578T;BR:MCF7;BR:MDA-MB-231;BR:T-47D,0.378230901780586,FALSE,FALSE,not_patient_scored
clofarabine,mitoxantrone,clofarabine + mitoxantrone,-6,-4,39,-56,0.4,5,BR:BT-549;BR:HS 578T;BR:MCF7;BR:MDA-MB-231;BR:T-47D,0.378230901780586,FALSE,FALSE,not_patient_scored
clofarabine,temozolomide,clofarabine + temozolomide,-98,-94.2,-57,-124,0,5,BR:BT-549;BR:HS 578T;BR:MCF7;BR:MDA-MB-231;BR:T-47D,0.378230901780586,FALSE,FALSE,not_patient_scored
clofarabine,vinorelbine,clofarabine + vinorelbine,-17,-20.4,15,-57,0.2,5,BR:BT-549;BR:HS 578T;BR:MCF7;BR:MDA-MB-231;BR:T-47D,0.378230901780586,FALSE,FALSE,not_patient_scored
clofarabine,nelarabine,clofarabine + nelarabine,-62,-78.6,-44,-123,0,5,BR:BT-549;BR:HS 578T;BR:MCF7;BR:MDA-MB-231;BR:T-47D,0.378230901780586,FALSE,FALSE,not_patient_scored
clofarabine,pemetrexed,clofarabine + pemetrexed,-22,-34.4,3,-73,0.2,5,BR:BT-549;BR:HS 578T;BR:MCF7;BR:MDA-MB-231;BR:T-47D,0.378230901780586,FALSE,FALSE,not_patient_scored
capecitabine,clofarabine,capecitabine + clofarabine,-77,-78.8,-45,-113,0,5,BR:BT-549;BR:HS 578T;BR:MCF7;BR:MDA-MB-231;BR:T-47D,0.378230901780586,FALSE,FALSE,not_patient_scored
clofarabine,exemestane,clofarabine + exemestane,38,23,50,-16,0.6,5,BR:BT-549;BR:HS 578T;BR:MCF7;BR:MDA-MB-231;BR:T-47D,0.943423319931074,FALSE,FALSE,not_patient_scored
clofarabine,gefitinib,clofarabine + gefitinib,-2,19,74,-11,0.4,5,BR:BT-549;BR:HS 578T;BR:MCF7;BR:MDA-MB-231;BR:T-47D,0.378230901780586,FALSE,FALSE,not_patient_scored
clofarabine,fulvestrant,clofarabine + fulvestrant,-37,-44.2,16,-111,0.1,5,BR:BT-549;BR:HS 578T;BR:MCF7;BR:MDA-MB-231;BR:T-47D,0.378230901780586,FALSE,FALSE,not_patient_scored
anastrozole,clofarabine,anastrozole + clofarabine,-80,-74.2,7,-131,0.1,5,BR:BT-549;BR:HS 578T;BR:MCF7;BR:MDA-MB-231;BR:T-47D,0.378230901780586,FALSE,FALSE,not_patient_scored
clofarabine,letrozole,clofarabine + letrozole,-65,-56.6,-6,-102,0,5,BR:BT-549;BR:HS 578T;BR:MCF7;BR:MDA-MB-231;BR:T-47D,0.378230901780586,FALSE,FALSE,not_patient_scored
celecoxib,clofarabine,celecoxib + clofarabine,-42,-38.8,-22,-63,0,5,BR:BT-549;BR:HS 578T;BR:MCF7;BR:MDA-MB-231;BR:T-47D,0.378230901780586,FALSE,FALSE,not_patient_scored
clofarabine,pazopanib,clofarabine + pazopanib,5,9,40,-27,0.6,5,BR:BT-549;BR:HS 578T;BR:MCF7;BR:MDA-MB-231;BR:T-47D,0.793030825196247,FALSE,FALSE,not_patient_scored
clofarabine,imatinib,clofarabine + imatinib,-86,-80.8,-34,-111,0,5,BR:BT-549;BR:HS 578T;BR:MCF7;BR:MDA-MB-231;BR:T-47D,0.378230901780586,FALSE,FALSE,not_patient_scored
clofarabine,nilotinib,clofarabine + nilotinib,-114,-112.6,-87,-136,0,5,BR:BT-549;BR:HS 578T;BR:MCF7;BR:MDA-MB-231;BR:T-47D,0.378230901780586,FALSE,FALSE,not_patient_scored
clofarabine,lenalidomide,clofarabine + lenalidomide,0,-4.4,10,-30,0.4,5,BR:BT-549;BR:HS 578T;BR:MCF7;BR:MDA-MB-231;BR:T-47D,0.378230901780586,FALSE,FALSE,not_patient_scored
clofarabine,raloxifene,clofarabine + raloxifene,-37,-11.8,58,-47,0.4,5,BR:BT-549;BR:HS 578T;BR:MCF7;BR:MDA-MB-231;BR:T-47D,0.378230901780586,FALSE,FALSE,not_patient_scored
abiraterone,clofarabine,abiraterone + clofarabine,13,13.8,28,-5,0.8,5,BR:BT-549;BR:HS 578T;BR:MCF7;BR:MDA-MB-231;BR:T-47D,0.852766609228413,FALSE,FALSE,not_patient_scored
clofarabine,vemurafenib,clofarabine + vemurafenib,27,19.2,71,-27,0.6,5,BR:BT-549;BR:HS 578T;BR:MCF7;BR:MDA-MB-231;BR:T-47D,0.914225540876891,FALSE,FALSE,not_patient_scored
clofarabine,vismodegib,clofarabine + vismodegib,51,41,77,-22,0.8,5,BR:BT-549;BR:HS 578T;BR:MCF7;BR:MDA-MB-231;BR:T-47D,0.962952326249282,FALSE,FALSE,not_patient_scored
clofarabine,crizotinib,clofarabine + crizotinib,-6,-3.6,45,-64,0.4,5,BR:BT-549;BR:HS 578T;BR:MCF7;BR:MDA-MB-231;BR:T-47D,0.378230901780586,FALSE,FALSE,not_patient_scored
axitinib,clofarabine,axitinib + clofarabine,-7,1.4,50,-55,0.4,5,BR:BT-549;BR:HS 578T;BR:MCF7;BR:MDA-MB-231;BR:T-47D,0.378230901780586,FALSE,FALSE,not_patient_scored
clofarabine,vandetanib,clofarabine + vandetanib,14,15.2,33,-5,0.8,5,BR:BT-549;BR:HS 578T;BR:MCF7;BR:MDA-MB-231;BR:T-47D,0.858989086731763,FALSE,FALSE,not_patient_scored
cabazitaxel,clofarabine,cabazitaxel + clofarabine,21.5,18,56,-27,0.75,4,BR:BT-549;BR:MCF7;BR:MDA-MB-231;BR:T-47D,0.894122152019912,FALSE,FALSE,not_patient_scored
clofarabine,ruxolitinib,clofarabine + ruxolitinib,-9,-6,18,-35,0.4,5,BR:BT-549;BR:HS 578T;BR:MCF7;BR:MDA-MB-231;BR:T-47D,0.378230901780586,FALSE,FALSE,not_patient_scored
triethylenemelamine,vinorelbine,triethylenemelamine + vinorelbine,-82,-86,-37,-139,0,3,BR:BT-549;BR:MCF7;BR:MDA-MB-231,0.378230901780586,FALSE,FALSE,not_patient_scored
doxorubicin,vinorelbine,doxorubicin + vinorelbine,-41,-31.6,4,-64,0.2,5,BR:BT-549;BR:HS 578T;BR:MCF7;BR:MDA-MB-231;BR:T-47D,0.378230901780586,TRUE,FALSE,tier_B_one_drug_patient_scored
pemetrexed,vinorelbine,pemetrexed + vinorelbine,22,9.2,60,-36,0.6,5,BR:BT-549;BR:HS 578T;BR:MCF7;BR:MDA-MB-231;BR:T-47D,0.896802603867509,FALSE,FALSE,not_patient_scored
exemestane,vinorelbine,exemestane + vinorelbine,2,4.4,62,-46,0.6,5,BR:BT-549;BR:HS 578T;BR:MCF7;BR:MDA-MB-231;BR:T-47D,0.768140915182845,FALSE,FALSE,not_patient_scored
gefitinib,vinorelbine,gefitinib + vinorelbine,64,62.8,99,33,1,5,BR:BT-549;BR:HS 578T;BR:MCF7;BR:MDA-MB-231;BR:T-47D,0.975780202948497,FALSE,FALSE,not_patient_scored
pazopanib,vinorelbine,pazopanib + vinorelbine,55,39.4,63,5,1,5,BR:BT-549;BR:HS 578T;BR:MCF7;BR:MDA-MB-231;BR:T-47D,0.968313229944476,FALSE,FALSE,not_patient_scored
lenalidomide,vinorelbine,lenalidomide + vinorelbine,15,12.8,44,-16,0.6,5,BR:BT-549;BR:HS 578T;BR:MCF7;BR:MDA-MB-231;BR:T-47D,0.864541451273215,FALSE,FALSE,not_patient_scored
raloxifene,vinorelbine,raloxifene + vinorelbine,-49,-38.2,12,-72,0.2,5,BR:BT-549;BR:HS 578T;BR:MCF7;BR:MDA-MB-231;BR:T-47D,0.378230901780586,FALSE,FALSE,not_patient_scored
abiraterone,vinorelbine,abiraterone + vinorelbine,66,82.2,129,40,1,5,BR:BT-549;BR:HS 578T;BR:MCF7;BR:MDA-MB-231;BR:T-47D,0.977694811411066,FALSE,FALSE,not_patient_scored
vemurafenib,vinorelbine,vemurafenib + vinorelbine,-11,-13.8,62,-70,0.3,5,BR:BT-549;BR:HS 578T;BR:MCF7;BR:MDA-MB-231;BR:T-47D,0.378230901780586,FALSE,FALSE,not_patient_scored
vinorelbine,vismodegib,vinorelbine + vismodegib,32,48.2,133,11,1,5,BR:BT-549;BR:HS 578T;BR:MCF7;BR:MDA-MB-231;BR:T-47D,0.929638139000574,FALSE,FALSE,not_patient_scored
crizotinib,vinorelbine,crizotinib + vinorelbine,8,1.9,66,-78,0.6,5,BR:BT-549;BR:HS 578T;BR:MCF7;BR:MDA-MB-231;BR:T-47D,0.818973769864063,FALSE,FALSE,not_patient_scored
axitinib,vinorelbine,axitinib + vinorelbine,22,17.6,37,-9,0.8,5,BR:BT-549;BR:HS 578T;BR:MCF7;BR:MDA-MB-231;BR:T-47D,0.896802603867509,FALSE,FALSE,not_patient_scored
vandetanib,vinorelbine,vandetanib + vinorelbine,31,25,47,-11,0.8,5,BR:BT-549;BR:HS 578T;BR:MCF7;BR:MDA-MB-231;BR:T-47D,0.926287574191078,FALSE,FALSE,not_patient_scored
cabazitaxel,vinorelbine,cabazitaxel + vinorelbine,38,32.6,86,-27,0.6,5,BR:BT-549;BR:HS 578T;BR:MCF7;BR:MDA-MB-231;BR:T-47D,0.943423319931074,FALSE,FALSE,not_patient_scored
ruxolitinib,vinorelbine,ruxolitinib + vinorelbine,20,17.4,28,-6,0.8,5,BR:BT-549;BR:HS 578T;BR:MCF7;BR:MDA-MB-231;BR:T-47D,0.888091135362818,FALSE,FALSE,not_patient_scored
methotrexate,topotecan,methotrexate + topotecan,-76,-80.2,-57,-129,0,5,BR:BT-549;BR:HS 578T;BR:MCF7;BR:MDA-MB-231;BR:T-47D,0.378230901780586,FALSE,FALSE,not_patient_scored
busulfan,topotecan,busulfan + topotecan,-39,-15,44,-69,0.4,5,BR:BT-549;BR:HS 578T;BR:MCF7;BR:MDA-MB-231;BR:T-47D,0.378230901780586,FALSE,FALSE,not_patient_scored
6 thioguanine,topotecan,6 thioguanine + topotecan,-43,-45.6,-29,-64,0,5,BR:BT-549;BR:HS 578T;BR:MCF7;BR:MDA-MB-231;BR:T-47D,0.378230901780586,FALSE,FALSE,not_patient_scored
6 mercaptopurine,topotecan,6 mercaptopurine + topotecan,-53,-60.8,-4,-126,0,5,BR:BT-549;BR:HS 578T;BR:MCF7;BR:MDA-MB-231;BR:T-47D,0.378230901780586,FALSE,FALSE,not_patient_scored
nitrogen mustard,topotecan,nitrogen mustard + topotecan,9,1.2,30,-37,0.6,5,BR:BT-549;BR:HS 578T;BR:MCF7;BR:MDA-MB-231;BR:T-47D,0.827685238368754,FALSE,FALSE,not_patient_scored
allopurinol,topotecan,allopurinol + topotecan,-18,-16.8,19,-49,0.2,5,BR:BT-549;BR:HS 578T;BR:MCF7;BR:MDA-MB-231;BR:T-47D,0.378230901780586,FALSE,FALSE,not_patient_scored
actinomycin d,topotecan,actinomycin d + topotecan,-43,-43,-43,-43,0,1,BR:MCF7,0.378230901780586,FALSE,FALSE,not_patient_scored
chlorambucil,topotecan,chlorambucil + topotecan,-46,-39.8,0,-63,0,5,BR:BT-549;BR:HS 578T;BR:MCF7;BR:MDA-MB-231;BR:T-47D,0.378230901780586,FALSE,FALSE,not_patient_scored
thiotepa,topotecan,thiotepa + topotecan,-27,-29.4,34,-73,0.2,5,BR:BT-549;BR:HS 578T;BR:MCF7;BR:MDA-MB-231;BR:T-47D,0.378230901780586,FALSE,FALSE,not_patient_scored
melphalan,topotecan,melphalan + topotecan,-44,-48.8,-5,-90,0,5,BR:BT-549;BR:HS 578T;BR:MCF7;BR:MDA-MB-231;BR:T-47D,0.378230901780586,FALSE,FALSE,not_patient_scored
topotecan,triethylenemelamine,topotecan + triethylenemelamine,-31,-43.2,-16,-76,0,5,BR:BT-549;BR:HS 578T;BR:MCF7;BR:MDA-MB-231;BR:T-47D,0.378230901780586,FALSE,FALSE,not_patient_scored
altretamine,topotecan,altretamine + topotecan,-54,-56.2,-40,-79,0,5,BR:BT-549;BR:HS 578T;BR:MCF7;BR:MDA-MB-231;BR:T-47D,0.378230901780586,FALSE,FALSE,not_patient_scored
acrichine,topotecan,acrichine + topotecan,-8,-11.8,7,-47,0.4,5,BR:BT-549;BR:HS 578T;BR:MCF7;BR:MDA-MB-231;BR:T-47D,0.378230901780586,FALSE,FALSE,not_patient_scored
aminolevulinic acid,topotecan,aminolevulinic acid + topotecan,-34,-24,1,-39,0.2,5,BR:BT-549;BR:HS 578T;BR:MCF7;BR:MDA-MB-231;BR:T-47D,0.378230901780586,FALSE,FALSE,not_patient_scored
5-fluorouracil,topotecan,5-fluorouracil + topotecan,-21,-13.4,5,-29,0.4,5,BR:BT-549;BR:HS 578T;BR:MCF7;BR:MDA-MB-231;BR:T-47D,0.378230901780586,TRUE,FALSE,tier_B_one_drug_patient_scored
mithramycin,topotecan,mithramycin + topotecan,-9,-8.8,16,-42,0.4,5,BR:BT-549;BR:HS 578T;BR:MCF7;BR:MDA-MB-231;BR:T-47D,0.378230901780586,FALSE,FALSE,not_patient_scored
pipobroman,topotecan,pipobroman + topotecan,-40,-33.6,3,-55,0.2,5,BR:BT-549;BR:HS 578T;BR:MCF7;BR:MDA-MB-231;BR:T-47D,0.378230901780586,FALSE,FALSE,not_patient_scored
cyclophosphamide,topotecan,cyclophosphamide + topotecan,-312,-240.2,-10,-335,0,5,BR:BT-549;BR:HS 578T;BR:MCF7;BR:MDA-MB-231;BR:T-47D,0.378230901780586,FALSE,FALSE,not_patient_scored
mitomycin,topotecan,mitomycin + topotecan,-327,-242,-16,-335,0,5,BR:BT-549;BR:HS 578T;BR:MCF7;BR:MDA-MB-231;BR:T-47D,0.378230901780586,FALSE,FALSE,not_patient_scored
floxuridine,topotecan,floxuridine + topotecan,-67,-64.5,-20,-104,0,4,BR:BT-549;BR:HS 578T;BR:MCF7;BR:MDA-MB-231,0.378230901780586,FALSE,FALSE,not_patient_scored
hydroxyurea,topotecan,hydroxyurea + topotecan,-11,3.2,64,-25,0.4,5,BR:BT-549;BR:HS 578T;BR:MCF7;BR:MDA-MB-231;BR:T-47D,0.378230901780586,FALSE,FALSE,not_patient_scored
topotecan,uracil mustard,topotecan + uracil mustard,-40,-43.2,-24,-75,0,5,BR:BT-549;BR:HS 578T;BR:MCF7;BR:MDA-MB-231;BR:T-47D,0.378230901780586,FALSE,FALSE,not_patient_scored
mitotane,topotecan,mitotane + topotecan,0,10.2,67,-13,0.4,5,BR:BT-549;BR:HS 578T;BR:MCF7;BR:MDA-MB-231;BR:T-47D,0.378230901780586,FALSE,FALSE,not_patient_scored
dacarbazine,topotecan,dacarbazine + topotecan,-53,-37.6,-11,-56,0,5,BR:BT-549;BR:HS 578T;BR:MCF7;BR:MDA-MB-231;BR:T-47D,0.378230901780586,FALSE,FALSE,not_patient_scored
methoxsalen,topotecan,methoxsalen + topotecan,-288,-229.2,-22,-314,0,5,BR:BT-549;BR:HS 578T;BR:MCF7;BR:MDA-MB-231;BR:T-47D,0.378230901780586,FALSE,FALSE,not_patient_scored
topotecan,vinblastine,topotecan + vinblastine,-51,-47,-39,-51,0,3,BR:BT-549;BR:MCF7;BR:MDA-MB-231,0.378230901780586,FALSE,FALSE,not_patient_scored
cytarabine,topotecan,cytarabine + topotecan,-52,-58,-28,-85,0,5,BR:BT-549;BR:HS 578T;BR:MCF7;BR:MDA-MB-231;BR:T-47D,0.378230901780586,FALSE,FALSE,not_patient_scored
thalidomide,topotecan,thalidomide + topotecan,-258,-242.6,-39,-383,0,5,BR:BT-549;BR:HS 578T;BR:MCF7;BR:MDA-MB-231;BR:T-47D,0.378230901780586,FALSE,FALSE,not_patient_scored
topotecan,vincristine,topotecan + vincristine,-64,-59,22,-157,0.2,5,BR:BT-549;BR:HS 578T;BR:MCF7;BR:MDA-MB-231;BR:T-47D,0.378230901780586,FALSE,FALSE,not_patient_scored
megestrol acetate,topotecan,megestrol acetate + topotecan,-90,-66.8,-12,-95,0,5,BR:BT-549;BR:HS 578T;BR:MCF7;BR:MDA-MB-231;BR:T-47D,0.378230901780586,FALSE,FALSE,not_patient_scored
procarbazine,topotecan,procarbazine + topotecan,-271,-241.4,-23,-373,0,5,BR:BT-549;BR:HS 578T;BR:MCF7;BR:MDA-MB-231;BR:T-47D,0.378230901780586,FALSE,FALSE,not_patient_scored
lomustine,topotecan,lomustine + topotecan,-29,-21.2,29,-62,0.4,5,BR:BT-549;BR:HS 578T;BR:MCF7;BR:MDA-MB-231;BR:T-47D,0.378230901780586,FALSE,FALSE,not_patient_scored
daunorubicin,topotecan,daunorubicin + topotecan,-26,-16,13,-29,0.2,5,BR:BT-549;BR:HS 578T;BR:MCF7;BR:MDA-MB-231;BR:T-47D,0.378230901780586,FALSE,FALSE,not_patient_scored
streptozocin,topotecan,streptozocin + topotecan,-318,-248.6,-38,-361,0,5,BR:BT-549;BR:HS 578T;BR:MCF7;BR:MDA-MB-231;BR:T-47D,0.378230901780586,FALSE,FALSE,not_patient_scored
azacitidine,topotecan,azacitidine + topotecan,-37,-49.6,-9,-124,0,5,BR:BT-549;BR:HS 578T;BR:MCF7;BR:MDA-MB-231;BR:T-47D,0.378230901780586,FALSE,FALSE,not_patient_scored
cladribine,topotecan,cladribine + topotecan,-101,-79.8,-17,-129,0,5,BR:BT-549;BR:HS 578T;BR:MCF7;BR:MDA-MB-231;BR:T-47D,0.378230901780586,FALSE,FALSE,not_patient_scored
ifosfamide,topotecan,ifosfamide + topotecan,-54,-53.2,-9,-90,0,5,BR:BT-549;BR:HS 578T;BR:MCF7;BR:MDA-MB-231;BR:T-47D,0.378230901780586,FALSE,FALSE,not_patient_scored
fludarabine,topotecan,fludarabine + topotecan,-31,-49.6,3,-128,0.2,5,BR:BT-549;BR:HS 578T;BR:MCF7;BR:MDA-MB-231;BR:T-47D,0.378230901780586,FALSE,FALSE,not_patient_scored
isotretinoin,topotecan,isotretinoin + topotecan,0,-7.2,51,-60,0.4,5,BR:BT-549;BR:HS 578T;BR:MCF7;BR:MDA-MB-231;BR:T-47D,0.378230901780586,FALSE,FALSE,not_patient_scored
teniposide,topotecan,teniposide + topotecan,-21,-22.6,3,-44,0.2,5,BR:BT-549;BR:HS 578T;BR:MCF7;BR:MDA-MB-231;BR:T-47D,0.378230901780586,FALSE,FALSE,not_patient_scored
doxorubicin,topotecan,doxorubicin + topotecan,-30,-15,45,-61,0.4,5,BR:BT-549;BR:HS 578T;BR:MCF7;BR:MDA-MB-231;BR:T-47D,0.378230901780586,TRUE,FALSE,tier_B_one_drug_patient_scored
bleomycin,topotecan,bleomycin + topotecan,-18,-1.4,28,-23,0.4,5,BR:BT-549;BR:HS 578T;BR:MCF7;BR:MDA-MB-231;BR:T-47D,0.378230901780586,FALSE,FALSE,not_patient_scored
paclitaxel,topotecan,paclitaxel + topotecan,-45,-49,26,-126,0.2,5,BR:BT-549;BR:HS 578T;BR:MCF7;BR:MDA-MB-231;BR:T-47D,0.378230901780586,TRUE,FALSE,tier_B_one_drug_patient_scored
bendamustine,topotecan,bendamustine + topotecan,2,12.4,60,-26,0.6,5,BR:BT-549;BR:HS 578T;BR:MCF7;BR:MDA-MB-231;BR:T-47D,0.768140915182845,FALSE,FALSE,not_patient_scored
etoposide,topotecan,etoposide + topotecan,-31,-35,-15,-59,0,5,BR:BT-549;BR:HS 578T;BR:MCF7;BR:MDA-MB-231;BR:T-47D,0.378230901780586,FALSE,FALSE,not_patient_scored
dexrazoxane,topotecan,dexrazoxane + topotecan,-27,-22.4,10,-40,0.2,5,BR:BT-549;BR:HS 578T;BR:MCF7;BR:MDA-MB-231;BR:T-47D,0.378230901780586,FALSE,FALSE,not_patient_scored
tamoxifen,topotecan,tamoxifen + topotecan,10,-7.2,20,-52,0.6,5,BR:BT-549;BR:HS 578T;BR:MCF7;BR:MDA-MB-231;BR:T-47D,0.835343672219031,FALSE,FALSE,not_patient_scored
pentostatin,topotecan,pentostatin + topotecan,-1,-6.2,3,-32,0.4,5,BR:BT-549;BR:HS 578T;BR:MCF7;BR:MDA-MB-231;BR:T-47D,0.378230901780586,FALSE,FALSE,not_patient_scored
rapamycin,topotecan,rapamycin + topotecan,-3,1,81,-51,0.2,5,BR:BT-549;BR:HS 578T;BR:MCF7;BR:MDA-MB-231;BR:T-47D,0.378230901780586,TRUE,FALSE,tier_B_one_drug_patient_scored
carboplatin,topotecan,carboplatin + topotecan,-3,0.6,49,-31,0.4,5,BR:BT-549;BR:HS 578T;BR:MCF7;BR:MDA-MB-231;BR:T-47D,0.378230901780586,FALSE,FALSE,not_patient_scored
topotecan,valrubicin,topotecan + valrubicin,-43,-16.2,57,-46,0.2,5,BR:BT-549;BR:HS 578T;BR:MCF7;BR:MDA-MB-231;BR:T-47D,0.378230901780586,FALSE,FALSE,not_patient_scored
mitoxantrone,topotecan,mitoxantrone + topotecan,-16,-20.4,-3,-46,0,5,BR:BT-549;BR:HS 578T;BR:MCF7;BR:MDA-MB-231;BR:T-47D,0.378230901780586,FALSE,FALSE,not_patient_scored
amifostine,topotecan,amifostine + topotecan,-68,-60,-28,-73,0,5,BR:BT-549;BR:HS 578T;BR:MCF7;BR:MDA-MB-231;BR:T-47D,0.378230901780586,FALSE,FALSE,not_patient_scored
temozolomide,topotecan,temozolomide + topotecan,-14,-16.4,27,-47,0.2,5,BR:BT-549;BR:HS 578T;BR:MCF7;BR:MDA-MB-231;BR:T-47D,0.378230901780586,FALSE,FALSE,not_patient_scored
imiquimod,topotecan,imiquimod + topotecan,-61,-64.6,-38,-112,0,5,BR:BT-549;BR:HS 578T;BR:MCF7;BR:MDA-MB-231;BR:T-47D,0.378230901780586,FALSE,FALSE,not_patient_scored
clofarabine,topotecan,clofarabine + topotecan,-31,-25.2,22,-56,0.2,5,BR:BT-549;BR:HS 578T;BR:MCF7;BR:MDA-MB-231;BR:T-47D,0.378230901780586,FALSE,FALSE,not_patient_scored
topotecan,vinorelbine,topotecan + vinorelbine,-23,-27.4,21,-91,0.4,5,BR:BT-549;BR:HS 578T;BR:MCF7;BR:MDA-MB-231;BR:T-47D,0.378230901780586,FALSE,FALSE,not_patient_scored
gemcitabine,topotecan,gemcitabine + topotecan,-54,-67.4,-12,-137,0,5,BR:BT-549;BR:HS 578T;BR:MCF7;BR:MDA-MB-231;BR:T-47D,0.378230901780586,TRUE,FALSE,tier_B_one_drug_patient_scored
docetaxel,topotecan,docetaxel + topotecan,-44,-61.8,-4,-168,0,5,BR:BT-549;BR:HS 578T;BR:MCF7;BR:MDA-MB-231;BR:T-47D,0.378230901780586,TRUE,FALSE,tier_B_one_drug_patient_scored
7 ethyl 10 hydroxycamptothecin,topotecan,7 ethyl 10 hydroxycamptothecin + topotecan,-16,-21.2,19,-75,0.4,5,BR:BT-549;BR:HS 578T;BR:MCF7;BR:MDA-MB-231;BR:T-47D,0.378230901780586,FALSE,FALSE,not_patient_scored
nelarabine,topotecan,nelarabine + topotecan,-59,-66,-16,-114,0,5,BR:BT-549;BR:HS 578T;BR:MCF7;BR:MDA-MB-231;BR:T-47D,0.378230901780586,FALSE,FALSE,not_patient_scored
pemetrexed,topotecan,pemetrexed + topotecan,-51,-36.6,4,-62,0.2,5,BR:BT-549;BR:HS 578T;BR:MCF7;BR:MDA-MB-231;BR:T-47D,0.378230901780586,FALSE,FALSE,not_patient_scored
topotecan,vorinostat,topotecan + vorinostat,-11,-14.4,41,-59,0.2,5,BR:BT-549;BR:HS 578T;BR:MCF7;BR:MDA-MB-231;BR:T-47D,0.378230901780586,FALSE,FALSE,not_patient_scored
capecitabine,topotecan,capecitabine + topotecan,-33,-23,5,-41,0.2,5,BR:BT-549;BR:HS 578T;BR:MCF7;BR:MDA-MB-231;BR:T-47D,0.378230901780586,FALSE,FALSE,not_patient_scored
exemestane,topotecan,exemestane + topotecan,18,21,46,-13,0.8,5,BR:BT-549;BR:HS 578T;BR:MCF7;BR:MDA-MB-231;BR:T-47D,0.878996745165614,FALSE,FALSE,not_patient_scored
gefitinib,topotecan,gefitinib + topotecan,21,24,34,13,1,5,BR:BT-549;BR:HS 578T;BR:MCF7;BR:MDA-MB-231;BR:T-47D,0.892111813134214,FALSE,FALSE,not_patient_scored
anastrozole,topotecan,anastrozole + topotecan,-19,-16.4,55,-59,0.2,5,BR:BT-549;BR:HS 578T;BR:MCF7;BR:MDA-MB-231;BR:T-47D,0.378230901780586,FALSE,FALSE,not_patient_scored
letrozole,topotecan,letrozole + topotecan,-34,-27,22,-56,0.2,5,BR:BT-549;BR:HS 578T;BR:MCF7;BR:MDA-MB-231;BR:T-47D,0.378230901780586,FALSE,FALSE,not_patient_scored
celecoxib,topotecan,celecoxib + topotecan,-25,-17.4,14,-41,0.4,5,BR:BT-549;BR:HS 578T;BR:MCF7;BR:MDA-MB-231;BR:T-47D,0.378230901780586,FALSE,FALSE,not_patient_scored
topotecan,zoledronate,topotecan + zoledronate,-8,-8,24,-43,0.4,5,BR:BT-549;BR:HS 578T;BR:MCF7;BR:MDA-MB-231;BR:T-47D,0.378230901780586,FALSE,FALSE,not_patient_scored
dasatinib,topotecan,dasatinib + topotecan,4,4.25,17,-8,0.5,4,BR:BT-549;BR:HS 578T;BR:MCF7;BR:MDA-MB-231,0.783553513306529,FALSE,FALSE,not_patient_scored
everolimus,topotecan,everolimus + topotecan,4,-2.8,40,-64,0.6,5,BR:BT-549;BR:HS 578T;BR:MCF7;BR:MDA-MB-231;BR:T-47D,0.783553513306529,FALSE,FALSE,not_patient_scored
pazopanib,topotecan,pazopanib + topotecan,-39,-38.2,-15,-67,0,5,BR:BT-549;BR:HS 578T;BR:MCF7;BR:MDA-MB-231;BR:T-47D,0.378230901780586,FALSE,FALSE,not_patient_scored
imatinib,topotecan,imatinib + topotecan,-6,-21,14,-90,0.2,5,BR:BT-549;BR:HS 578T;BR:MCF7;BR:MDA-MB-231;BR:T-47D,0.378230901780586,FALSE,FALSE,not_patient_scored
lapatinib,topotecan,lapatinib + topotecan,-2,-20.2,17,-79,0.2,5,BR:BT-549;BR:HS 578T;BR:MCF7;BR:MDA-MB-231;BR:T-47D,0.378230901780586,TRUE,FALSE,tier_B_one_drug_patient_scored
nilotinib,topotecan,nilotinib + topotecan,-67,-54.6,-22,-82,0,5,BR:BT-549;BR:HS 578T;BR:MCF7;BR:MDA-MB-231;BR:T-47D,0.378230901780586,FALSE,FALSE,not_patient_scored
sorafenib,topotecan,sorafenib + topotecan,-16,-37.8,-3,-83,0,5,BR:BT-549;BR:HS 578T;BR:MCF7;BR:MDA-MB-231;BR:T-47D,0.378230901780586,FALSE,FALSE,not_patient_scored
lenalidomide,topotecan,lenalidomide + topotecan,7,6.2,43,-29,0.6,5,BR:BT-549;BR:HS 578T;BR:MCF7;BR:MDA-MB-231;BR:T-47D,0.810453762205629,FALSE,FALSE,not_patient_scored
raloxifene,topotecan,raloxifene + topotecan,-80,-29,95,-86,0.4,5,BR:BT-549;BR:HS 578T;BR:MCF7;BR:MDA-MB-231;BR:T-47D,0.378230901780586,FALSE,FALSE,not_patient_scored
abiraterone,topotecan,abiraterone + topotecan,-18,-22.6,8,-50,0.2,5,BR:BT-549;BR:HS 578T;BR:MCF7;BR:MDA-MB-231;BR:T-47D,0.378230901780586,FALSE,FALSE,not_patient_scored
sunitinib,topotecan,sunitinib + topotecan,-70,-53.2,41,-139,0.4,5,BR:BT-549;BR:HS 578T;BR:MCF7;BR:MDA-MB-231;BR:T-47D,0.378230901780586,FALSE,FALSE,not_patient_scored
topotecan,vemurafenib,topotecan + vemurafenib,-16,-17.4,32,-75,0.4,5,BR:BT-549;BR:HS 578T;BR:MCF7;BR:MDA-MB-231;BR:T-47D,0.378230901780586,FALSE,FALSE,not_patient_scored
depsipeptide,topotecan,depsipeptide + topotecan,32,49.4,125,-6,0.6,5,BR:BT-549;BR:HS 578T;BR:MCF7;BR:MDA-MB-231;BR:T-47D,0.929638139000574,FALSE,FALSE,not_patient_scored
pralatrexate,topotecan,pralatrexate + topotecan,-27,-4,78,-32,0.2,5,BR:BT-549;BR:HS 578T;BR:MCF7;BR:MDA-MB-231;BR:T-47D,0.378230901780586,FALSE,FALSE,not_patient_scored
topotecan,vismodegib,topotecan + vismodegib,-22,-25,54,-98,0.2,5,BR:BT-549;BR:HS 578T;BR:MCF7;BR:MDA-MB-231;BR:T-47D,0.378230901780586,FALSE,FALSE,not_patient_scored
crizotinib,topotecan,crizotinib + topotecan,-64,-55.4,-3,-122,0,5,BR:BT-549;BR:HS 578T;BR:MCF7;BR:MDA-MB-231;BR:T-47D,0.378230901780586,FALSE,FALSE,not_patient_scored
axitinib,topotecan,axitinib + topotecan,-61,-41.8,17,-66,0.2,5,BR:BT-549;BR:HS 578T;BR:MCF7;BR:MDA-MB-231;BR:T-47D,0.378230901780586,FALSE,FALSE,not_patient_scored
topotecan,vandetanib,topotecan + vandetanib,-39,-43.4,4,-109,0.2,5,BR:BT-549;BR:HS 578T;BR:MCF7;BR:MDA-MB-231;BR:T-47D,0.378230901780586,FALSE,FALSE,not_patient_scored
cabazitaxel,topotecan,cabazitaxel + topotecan,-56,-46.5,11,-85,0.25,4,BR:BT-549;BR:MCF7;BR:MDA-MB-231;BR:T-47D,0.378230901780586,FALSE,FALSE,not_patient_scored
ruxolitinib,topotecan,ruxolitinib + topotecan,-53,-52.2,0,-110,0,5,BR:BT-549;BR:HS 578T;BR:MCF7;BR:MDA-MB-231;BR:T-47D,0.378230901780586,FALSE,FALSE,not_patient_scored
gemcitabine,methotrexate,gemcitabine + methotrexate,-1,-11.25,15,-58,0.5,4,BR:BT-549;BR:MCF7;BR:MDA-MB-231;BR:T-47D,0.378230901780586,TRUE,FALSE,tier_B_one_drug_patient_scored
6 thioguanine,gemcitabine,6 thioguanine + gemcitabine,-69,-60,-32,-89,0,5,BR:BT-549;BR:HS 578T;BR:MCF7;BR:MDA-MB-231;BR:T-47D,0.378230901780586,FALSE,TRUE,tier_B_one_drug_patient_scored
6 mercaptopurine,gemcitabine,6 mercaptopurine + gemcitabine,-72,-64.2,-39,-82,0,5,BR:BT-549;BR:HS 578T;BR:MCF7;BR:MDA-MB-231;BR:T-47D,0.378230901780586,FALSE,TRUE,tier_B_one_drug_patient_scored
actinomycin d,gemcitabine,actinomycin d + gemcitabine,-47,-55.4,-20,-102,0,5,BR:BT-549;BR:HS 578T;BR:MCF7;BR:MDA-MB-231;BR:T-47D,0.378230901780586,FALSE,TRUE,tier_B_one_drug_patient_scored
chlorambucil,gemcitabine,chlorambucil + gemcitabine,-36,-31.6,3,-57,0.2,5,BR:BT-549;BR:HS 578T;BR:MCF7;BR:MDA-MB-231;BR:T-47D,0.378230901780586,FALSE,TRUE,tier_B_one_drug_patient_scored
gemcitabine,thiotepa,gemcitabine + thiotepa,-30,-17.8,25,-43,0.4,5,BR:BT-549;BR:HS 578T;BR:MCF7;BR:MDA-MB-231;BR:T-47D,0.378230901780586,TRUE,FALSE,tier_B_one_drug_patient_scored
gemcitabine,melphalan,gemcitabine + melphalan,-46,-49.6,-38,-74,0,5,BR:BT-549;BR:HS 578T;BR:MCF7;BR:MDA-MB-231;BR:T-47D,0.378230901780586,TRUE,FALSE,tier_B_one_drug_patient_scored
altretamine,gemcitabine,altretamine + gemcitabine,-66,-64.8,-46,-83,0,5,BR:BT-549;BR:HS 578T;BR:MCF7;BR:MDA-MB-231;BR:T-47D,0.378230901780586,FALSE,TRUE,tier_B_one_drug_patient_scored
5-fluorouracil,gemcitabine,5-fluorouracil + gemcitabine,5,9.4,27,-12,0.8,5,BR:BT-549;BR:HS 578T;BR:MCF7;BR:MDA-MB-231;BR:T-47D,0.793030825196247,TRUE,TRUE,tier_A_both_drugs_patient_scored
gemcitabine,mithramycin,gemcitabine + mithramycin,-23.5,-39,-2,-107,0,4,BR:BT-549;BR:HS 578T;BR:MCF7;BR:MDA-MB-231,0.378230901780586,TRUE,FALSE,tier_B_one_drug_patient_scored
floxuridine,gemcitabine,floxuridine + gemcitabine,-71,-61.6,-1,-129,0,5,BR:BT-549;BR:HS 578T;BR:MCF7;BR:MDA-MB-231;BR:T-47D,0.378230901780586,FALSE,TRUE,tier_B_one_drug_patient_scored
gemcitabine,hydroxyurea,gemcitabine + hydroxyurea,-7,-16,14,-66,0.4,5,BR:BT-549;BR:HS 578T;BR:MCF7;BR:MDA-MB-231;BR:T-47D,0.378230901780586,TRUE,FALSE,tier_B_one_drug_patient_scored
gemcitabine,uracil mustard,gemcitabine + uracil mustard,-43,-43.2,-25,-72,0,5,BR:BT-549;BR:HS 578T;BR:MCF7;BR:MDA-MB-231;BR:T-47D,0.378230901780586,TRUE,FALSE,tier_B_one_drug_patient_scored
gemcitabine,mitotane,gemcitabine + mitotane,-12,-19.2,33,-69,0.4,5,BR:BT-549;BR:HS 578T;BR:MCF7;BR:MDA-MB-231;BR:T-47D,0.378230901780586,TRUE,FALSE,tier_B_one_drug_patient_scored
dacarbazine,gemcitabine,dacarbazine + gemcitabine,-32,-35,-19,-54,0,5,BR:BT-549;BR:HS 578T;BR:MCF7;BR:MDA-MB-231;BR:T-47D,0.378230901780586,FALSE,TRUE,tier_B_one_drug_patient_scored
cytarabine,gemcitabine,cytarabine + gemcitabine,-6,-5.6,26,-40,0.4,5,BR:BT-549;BR:HS 578T;BR:MCF7;BR:MDA-MB-231;BR:T-47D,0.378230901780586,FALSE,TRUE,tier_B_one_drug_patient_scored
gemcitabine,vincristine,gemcitabine + vincristine,-69,-62.2,-16,-111,0,5,BR:BT-549;BR:HS 578T;BR:MCF7;BR:MDA-MB-231;BR:T-47D,0.378230901780586,TRUE,FALSE,tier_B_one_drug_patient_scored
gemcitabine,megestrol acetate,gemcitabine + megestrol acetate,-36,-56.4,-10,-122,0,5,BR:BT-549;BR:HS 578T;BR:MCF7;BR:MDA-MB-231;BR:T-47D,0.378230901780586,TRUE,FALSE,tier_B_one_drug_patient_scored
gemcitabine,lomustine,gemcitabine + lomustine,-2,-1.6,46,-49,0.2,5,BR:BT-549;BR:HS 578T;BR:MCF7;BR:MDA-MB-231;BR:T-47D,0.378230901780586,TRUE,FALSE,tier_B_one_drug_patient_scored
daunorubicin,gemcitabine,daunorubicin + gemcitabine,-17,-20,1,-48,0.2,5,BR:BT-549;BR:HS 578T;BR:MCF7;BR:MDA-MB-231;BR:T-47D,0.378230901780586,FALSE,TRUE,tier_B_one_drug_patient_scored
cladribine,gemcitabine,cladribine + gemcitabine,-21,-38.8,13,-103,0.2,5,BR:BT-549;BR:HS 578T;BR:MCF7;BR:MDA-MB-231;BR:T-47D,0.378230901780586,FALSE,TRUE,tier_B_one_drug_patient_scored
fludarabine,gemcitabine,fludarabine + gemcitabine,-57,-50.2,-21,-67,0,5,BR:BT-549;BR:HS 578T;BR:MCF7;BR:MDA-MB-231;BR:T-47D,0.378230901780586,FALSE,TRUE,tier_B_one_drug_patient_scored
gemcitabine,isotretinoin,gemcitabine + isotretinoin,-14,-33.6,4,-90,0.2,5,BR:BT-549;BR:HS 578T;BR:MCF7;BR:MDA-MB-231;BR:T-47D,0.378230901780586,TRUE,FALSE,tier_B_one_drug_patient_scored
gemcitabine,teniposide,gemcitabine + teniposide,-49,-45,-2,-70,0,5,BR:BT-549;BR:HS 578T;BR:MCF7;BR:MDA-MB-231;BR:T-47D,0.378230901780586,TRUE,FALSE,tier_B_one_drug_patient_scored
bendamustine,gemcitabine,bendamustine + gemcitabine,-31,-26.2,-5,-47,0,5,BR:BT-549;BR:HS 578T;BR:MCF7;BR:MDA-MB-231;BR:T-47D,0.378230901780586,FALSE,TRUE,tier_B_one_drug_patient_scored
etoposide,gemcitabine,etoposide + gemcitabine,-36,-27.6,10,-57,0.2,5,BR:BT-549;BR:HS 578T;BR:MCF7;BR:MDA-MB-231;BR:T-47D,0.378230901780586,FALSE,TRUE,tier_B_one_drug_patient_scored
dexrazoxane,gemcitabine,dexrazoxane + gemcitabine,-11,-20.6,-6,-49,0,5,BR:BT-549;BR:HS 578T;BR:MCF7;BR:MDA-MB-231;BR:T-47D,0.378230901780586,FALSE,TRUE,tier_B_one_drug_patient_scored
gemcitabine,tamoxifen,gemcitabine + tamoxifen,-92,-82.4,-54,-98,0,5,BR:BT-549;BR:HS 578T;BR:MCF7;BR:MDA-MB-231;BR:T-47D,0.378230901780586,TRUE,FALSE,tier_B_one_drug_patient_scored
carboplatin,gemcitabine,carboplatin + gemcitabine,-72,-71.2,-23,-118,0,5,BR:BT-549;BR:HS 578T;BR:MCF7;BR:MDA-MB-231;BR:T-47D,0.378230901780586,FALSE,TRUE,tier_B_one_drug_patient_scored
gemcitabine,mitoxantrone,gemcitabine + mitoxantrone,-30,-27.8,-5,-46,0,5,BR:BT-549;BR:HS 578T;BR:MCF7;BR:MDA-MB-231;BR:T-47D,0.378230901780586,TRUE,FALSE,tier_B_one_drug_patient_scored
gemcitabine,temozolomide,gemcitabine + temozolomide,-97,-94.4,-26,-165,0,5,BR:BT-549;BR:HS 578T;BR:MCF7;BR:MDA-MB-231;BR:T-47D,0.378230901780586,TRUE,FALSE,tier_B_one_drug_patient_scored
clofarabine,gemcitabine,clofarabine + gemcitabine,-21,-35,-14,-89,0,5,BR:BT-549;BR:HS 578T;BR:MCF7;BR:MDA-MB-231;BR:T-47D,0.378230901780586,FALSE,TRUE,tier_B_one_drug_patient_scored
gemcitabine,vinorelbine,gemcitabine + vinorelbine,-17,-14,9,-37,0.2,5,BR:BT-549;BR:HS 578T;BR:MCF7;BR:MDA-MB-231;BR:T-47D,0.378230901780586,TRUE,FALSE,tier_B_one_drug_patient_scored
gemcitabine,nelarabine,gemcitabine + nelarabine,-74,-72.6,-32,-112,0,5,BR:BT-549;BR:HS 578T;BR:MCF7;BR:MDA-MB-231;BR:T-47D,0.378230901780586,TRUE,FALSE,tier_B_one_drug_patient_scored
gemcitabine,pemetrexed,gemcitabine + pemetrexed,-61,-50.2,-12,-87,0,5,BR:BT-549;BR:HS 578T;BR:MCF7;BR:MDA-MB-231;BR:T-47D,0.378230901780586,TRUE,FALSE,tier_B_one_drug_patient_scored
capecitabine,gemcitabine,capecitabine + gemcitabine,-33,-53,-24,-91,0,5,BR:BT-549;BR:HS 578T;BR:MCF7;BR:MDA-MB-231;BR:T-47D,0.378230901780586,FALSE,TRUE,tier_B_one_drug_patient_scored
exemestane,gemcitabine,exemestane + gemcitabine,11,2.8,50,-64,0.6,5,BR:BT-549;BR:HS 578T;BR:MCF7;BR:MDA-MB-231;BR:T-47D,0.841853340991767,FALSE,TRUE,tier_B_one_drug_patient_scored
gefitinib,gemcitabine,gefitinib + gemcitabine,-7,-4.6,23,-38,0.4,5,BR:BT-549;BR:HS 578T;BR:MCF7;BR:MDA-MB-231;BR:T-47D,0.378230901780586,FALSE,TRUE,tier_B_one_drug_patient_scored
anastrozole,gemcitabine,anastrozole + gemcitabine,-37.5,-47.8,12,-144,0.2,5,BR:BT-549;BR:HS 578T;BR:MCF7;BR:MDA-MB-231;BR:T-47D,0.378230901780586,FALSE,TRUE,tier_B_one_drug_patient_scored
gemcitabine,letrozole,gemcitabine + letrozole,-85,-84.2,-47,-116,0,5,BR:BT-549;BR:HS 578T;BR:MCF7;BR:MDA-MB-231;BR:T-47D,0.378230901780586,TRUE,FALSE,tier_B_one_drug_patient_scored
celecoxib,gemcitabine,celecoxib + gemcitabine,-27,-24.4,57,-87,0.2,5,BR:BT-549;BR:HS 578T;BR:MCF7;BR:MDA-MB-231;BR:T-47D,0.378230901780586,FALSE,TRUE,tier_B_one_drug_patient_scored
gemcitabine,pazopanib,gemcitabine + pazopanib,-38,-32.4,-5,-64,0,5,BR:BT-549;BR:HS 578T;BR:MCF7;BR:MDA-MB-231;BR:T-47D,0.378230901780586,TRUE,FALSE,tier_B_one_drug_patient_scored
gemcitabine,imatinib,gemcitabine + imatinib,-129,-129,-70,-181,0,5,BR:BT-549;BR:HS 578T;BR:MCF7;BR:MDA-MB-231;BR:T-47D,0.378230901780586,TRUE,FALSE,tier_B_one_drug_patient_scored
gemcitabine,nilotinib,gemcitabine + nilotinib,-139,-115.4,-43,-158,0,5,BR:BT-549;BR:HS 578T;BR:MCF7;BR:MDA-MB-231;BR:T-47D,0.378230901780586,TRUE,FALSE,tier_B_one_drug_patient_scored
gemcitabine,lenalidomide,gemcitabine + lenalidomide,-20,-22.2,41,-60,0.2,5,BR:BT-549;BR:HS 578T;BR:MCF7;BR:MDA-MB-231;BR:T-47D,0.378230901780586,TRUE,FALSE,tier_B_one_drug_patient_scored
gemcitabine,raloxifene,gemcitabine + raloxifene,-17,-14.6,94,-74,0.2,5,BR:BT-549;BR:HS 578T;BR:MCF7;BR:MDA-MB-231;BR:T-47D,0.378230901780586,TRUE,FALSE,tier_B_one_drug_patient_scored
abiraterone,gemcitabine,abiraterone + gemcitabine,-31,-31.4,-16,-44,0,5,BR:BT-549;BR:HS 578T;BR:MCF7;BR:MDA-MB-231;BR:T-47D,0.378230901780586,FALSE,TRUE,tier_B_one_drug_patient_scored
gemcitabine,vemurafenib,gemcitabine + vemurafenib,-14,-43.4,-6,-96,0,5,BR:BT-549;BR:HS 578T;BR:MCF7;BR:MDA-MB-231;BR:T-47D,0.378230901780586,TRUE,FALSE,tier_B_one_drug_patient_scored
gemcitabine,vismodegib,gemcitabine + vismodegib,-27,-50,-21,-92,0,5,BR:BT-549;BR:HS 578T;BR:MCF7;BR:MDA-MB-231;BR:T-47D,0.378230901780586,TRUE,FALSE,tier_B_one_drug_patient_scored
crizotinib,gemcitabine,crizotinib + gemcitabine,-55,-59.8,-6,-101,0,5,BR:BT-549;BR:HS 578T;BR:MCF7;BR:MDA-MB-231;BR:T-47D,0.378230901780586,FALSE,TRUE,tier_B_one_drug_patient_scored
axitinib,gemcitabine,axitinib + gemcitabine,-35,-42.4,16,-96,0.2,5,BR:BT-549;BR:HS 578T;BR:MCF7;BR:MDA-MB-231;BR:T-47D,0.378230901780586,FALSE,TRUE,tier_B_one_drug_patient_scored
gemcitabine,vandetanib,gemcitabine + vandetanib,-32,-30.4,9,-56,0.2,5,BR:BT-549;BR:HS 578T;BR:MCF7;BR:MDA-MB-231;BR:T-47D,0.378230901780586,TRUE,FALSE,tier_B_one_drug_patient_scored
cabazitaxel,gemcitabine,cabazitaxel + gemcitabine,0,4.4,56,-24,0.4,5,BR:BT-549;BR:HS 578T;BR:MCF7;BR:MDA-MB-231;BR:T-47D,0.378230901780586,FALSE,TRUE,tier_B_one_drug_patient_scored
gemcitabine,ruxolitinib,gemcitabine + ruxolitinib,-39,-51.4,-25,-98,0,5,BR:BT-549;BR:HS 578T;BR:MCF7;BR:MDA-MB-231;BR:T-47D,0.378230901780586,TRUE,FALSE,tier_B_one_drug_patient_scored
6 thioguanine,docetaxel,6 thioguanine + docetaxel,-55,-49.6,-21,-68,0,5,BR:BT-549;BR:HS 578T;BR:MCF7;BR:MDA-MB-231;BR:T-47D,0.378230901780586,FALSE,TRUE,tier_B_one_drug_patient_scored
actinomycin d,docetaxel,actinomycin d + docetaxel,-9,19.8,110,-15,0.4,5,BR:BT-549;BR:HS 578T;BR:MCF7;BR:MDA-MB-231;BR:T-47D,0.378230901780586,FALSE,TRUE,tier_B_one_drug_patient_scored
chlorambucil,docetaxel,chlorambucil + docetaxel,-26,-6.4,46,-33,0.4,5,BR:BT-549;BR:HS 578T;BR:MCF7;BR:MDA-MB-231;BR:T-47D,0.378230901780586,FALSE,TRUE,tier_B_one_drug_patient_scored
docetaxel,melphalan,docetaxel + melphalan,-20,-17.8,7,-47,0.2,5,BR:BT-549;BR:HS 578T;BR:MCF7;BR:MDA-MB-231;BR:T-47D,0.378230901780586,TRUE,FALSE,tier_B_one_drug_patient_scored
altretamine,docetaxel,altretamine + docetaxel,7,9.6,43,-28,0.6,5,BR:BT-549;BR:HS 578T;BR:MCF7;BR:MDA-MB-231;BR:T-47D,0.810453762205629,FALSE,TRUE,tier_B_one_drug_patient_scored
5-fluorouracil,docetaxel,5-fluorouracil + docetaxel,0,-1,26,-25,0.4,5,BR:BT-549;BR:HS 578T;BR:MCF7;BR:MDA-MB-231;BR:T-47D,0.378230901780586,TRUE,TRUE,tier_A_both_drugs_patient_scored
docetaxel,floxuridine,docetaxel + floxuridine,3,-10.8,20,-72,0.6,5,BR:BT-549;BR:HS 578T;BR:MCF7;BR:MDA-MB-231;BR:T-47D,0.775895079456251,TRUE,FALSE,tier_B_one_drug_patient_scored
docetaxel,uracil mustard,docetaxel + uracil mustard,-27,-34.6,-10,-62,0,5,BR:BT-549;BR:HS 578T;BR:MCF7;BR:MDA-MB-231;BR:T-47D,0.378230901780586,TRUE,FALSE,tier_B_one_drug_patient_scored
dacarbazine,docetaxel,dacarbazine + docetaxel,-10,-8.6,5,-16,0.2,5,BR:BT-549;BR:HS 578T;BR:MCF7;BR:MDA-MB-231;BR:T-47D,0.378230901780586,FALSE,TRUE,tier_B_one_drug_patient_scored
docetaxel,vinblastine,docetaxel + vinblastine,-33.5,-22,30,-51,0.25,4,BR:BT-549;BR:HS 578T;BR:MCF7;BR:MDA-MB-231,0.378230901780586,TRUE,FALSE,tier_B_one_drug_patient_scored
cytarabine,docetaxel,cytarabine + docetaxel,-15,-4.6,101,-77,0.2,5,BR:BT-549;BR:HS 578T;BR:MCF7;BR:MDA-MB-231;BR:T-47D,0.378230901780586,FALSE,TRUE,tier_B_one_drug_patient_scored
docetaxel,vincristine,docetaxel + vincristine,-35,-40.75,-8,-85,0,4,BR:BT-549;BR:HS 578T;BR:MCF7;BR:T-47D,0.378230901780586,TRUE,FALSE,tier_B_one_drug_patient_scored
docetaxel,megestrol acetate,docetaxel + megestrol acetate,142,127,236,21,1,5,BR:BT-549;BR:HS 578T;BR:MCF7;BR:MDA-MB-231;BR:T-47D,0.99626651349799,TRUE,FALSE,tier_B_one_drug_patient_scored
docetaxel,lomustine,docetaxel + lomustine,-7,-3.8,43,-45,0.4,5,BR:BT-549;BR:HS 578T;BR:MCF7;BR:MDA-MB-231;BR:T-47D,0.378230901780586,TRUE,FALSE,tier_B_one_drug_patient_scored
daunorubicin,docetaxel,daunorubicin + docetaxel,-15,-10.2,20,-39,0.4,5,BR:BT-549;BR:HS 578T;BR:MCF7;BR:MDA-MB-231;BR:T-47D,0.378230901780586,FALSE,TRUE,tier_B_one_drug_patient_scored
cladribine,docetaxel,cladribine + docetaxel,-27,-32.4,15,-108,0.4,5,BR:BT-549;BR:HS 578T;BR:MCF7;BR:MDA-MB-231;BR:T-47D,0.378230901780586,FALSE,TRUE,tier_B_one_drug_patient_scored
docetaxel,fludarabine,docetaxel + fludarabine,-35,-29.6,17,-57,0.2,5,BR:BT-549;BR:HS 578T;BR:MCF7;BR:MDA-MB-231;BR:T-47D,0.378230901780586,TRUE,FALSE,tier_B_one_drug_patient_scored
docetaxel,isotretinoin,docetaxel + isotretinoin,186,145,226,4,1,5,BR:BT-549;BR:HS 578T;BR:MCF7;BR:MDA-MB-231;BR:T-47D,0.997606739421788,TRUE,FALSE,tier_B_one_drug_patient_scored
docetaxel,teniposide,docetaxel + teniposide,-44,-31.6,15,-67,0.4,5,BR:BT-549;BR:HS 578T;BR:MCF7;BR:MDA-MB-231;BR:T-47D,0.378230901780586,TRUE,FALSE,tier_B_one_drug_patient_scored
docetaxel,paclitaxel,docetaxel + paclitaxel,-7,-4.66666666666667,16,-23,0.333333333333333,3,BR:HS 578T;BR:MCF7;BR:T-47D,0.378230901780586,TRUE,TRUE,tier_A_both_drugs_patient_scored
docetaxel,etoposide,docetaxel + etoposide,-32,-36.4,-17,-57,0,5,BR:BT-549;BR:HS 578T;BR:MCF7;BR:MDA-MB-231;BR:T-47D,0.378230901780586,TRUE,FALSE,tier_B_one_drug_patient_scored
dexrazoxane,docetaxel,dexrazoxane + docetaxel,-40,-34.4,-15,-45,0,5,BR:BT-549;BR:HS 578T;BR:MCF7;BR:MDA-MB-231;BR:T-47D,0.378230901780586,FALSE,TRUE,tier_B_one_drug_patient_scored
docetaxel,tamoxifen,docetaxel + tamoxifen,228,222.8,336,96,1,5,BR:BT-549;BR:HS 578T;BR:MCF7;BR:MDA-MB-231;BR:T-47D,0.998181121960559,TRUE,FALSE,tier_B_one_drug_patient_scored
docetaxel,rapamycin,docetaxel + rapamycin,9,10,103,-76,0.6,5,BR:BT-549;BR:HS 578T;BR:MCF7;BR:MDA-MB-231;BR:T-47D,0.827685238368754,TRUE,TRUE,tier_A_both_drugs_patient_scored
carboplatin,docetaxel,carboplatin + docetaxel,-16,-35.6,-2,-119,0,5,BR:BT-549;BR:HS 578T;BR:MCF7;BR:MDA-MB-231;BR:T-47D,0.378230901780586,FALSE,TRUE,tier_B_one_drug_patient_scored
docetaxel,valrubicin,docetaxel + valrubicin,114,124.25,166,103,1,4,BR:BT-549;BR:HS 578T;BR:MCF7;BR:T-47D,0.993586061650393,TRUE,FALSE,tier_B_one_drug_patient_scored
docetaxel,mitoxantrone,docetaxel + mitoxantrone,-24,-30.6,9,-87,0.2,5,BR:BT-549;BR:HS 578T;BR:MCF7;BR:MDA-MB-231;BR:T-47D,0.378230901780586,TRUE,FALSE,tier_B_one_drug_patient_scored
docetaxel,temozolomide,docetaxel + temozolomide,-57,-56.25,-38,-73,0,4,BR:BT-549;BR:HS 578T;BR:MCF7;BR:T-47D,0.378230901780586,TRUE,FALSE,tier_B_one_drug_patient_scored
clofarabine,docetaxel,clofarabine + docetaxel,-12,-22.4,48,-96,0.4,5,BR:BT-549;BR:HS 578T;BR:MCF7;BR:MDA-MB-231;BR:T-47D,0.378230901780586,FALSE,TRUE,tier_B_one_drug_patient_scored
docetaxel,vinorelbine,docetaxel + vinorelbine,29,21.6,46,-1,0.8,5,BR:BT-549;BR:HS 578T;BR:MCF7;BR:MDA-MB-231;BR:T-47D,0.920830940072755,TRUE,FALSE,tier_B_one_drug_patient_scored
docetaxel,gemcitabine,docetaxel + gemcitabine,-24,-32.6,22,-115,0.4,5,BR:BT-549;BR:HS 578T;BR:MCF7;BR:MDA-MB-231;BR:T-47D,0.378230901780586,TRUE,TRUE,tier_A_both_drugs_patient_scored
docetaxel,nelarabine,docetaxel + nelarabine,-75.5,-70.5,-38,-93,0,4,BR:BT-549;BR:HS 578T;BR:MCF7;BR:MDA-MB-231,0.378230901780586,TRUE,FALSE,tier_B_one_drug_patient_scored
docetaxel,pemetrexed,docetaxel + pemetrexed,-25,-32,-3,-70,0,5,BR:BT-549;BR:HS 578T;BR:MCF7;BR:MDA-MB-231;BR:T-47D,0.378230901780586,TRUE,FALSE,tier_B_one_drug_patient_scored
capecitabine,docetaxel,capecitabine + docetaxel,-68,-66.2,-2,-124,0,5,BR:BT-549;BR:HS 578T;BR:MCF7;BR:MDA-MB-231;BR:T-47D,0.378230901780586,FALSE,TRUE,tier_B_one_drug_patient_scored
docetaxel,exemestane,docetaxel + exemestane,22,25.6,70,-7,0.6,5,BR:BT-549;BR:HS 578T;BR:MCF7;BR:MDA-MB-231;BR:T-47D,0.896802603867509,TRUE,FALSE,tier_B_one_drug_patient_scored
docetaxel,gefitinib,docetaxel + gefitinib,111,173,312,110,1,5,BR:BT-549;BR:HS 578T;BR:MCF7;BR:MDA-MB-231;BR:T-47D,0.992915948688493,TRUE,FALSE,tier_B_one_drug_patient_scored
docetaxel,fulvestrant,docetaxel + fulvestrant,44.5,41.25,71,5,1,4,BR:BT-549;BR:HS 578T;BR:MCF7;BR:MDA-MB-231,0.953762205628949,TRUE,FALSE,tier_B_one_drug_patient_scored
anastrozole,docetaxel,anastrozole + docetaxel,-42,-53.6,-10,-116,0,5,BR:BT-549;BR:HS 578T;BR:MCF7;BR:MDA-MB-231;BR:T-47D,0.378230901780586,FALSE,TRUE,tier_B_one_drug_patient_scored
docetaxel,letrozole,docetaxel + letrozole,-57,-71,-35,-154,0,5,BR:BT-549;BR:HS 578T;BR:MCF7;BR:MDA-MB-231;BR:T-47D,0.378230901780586,TRUE,FALSE,tier_B_one_drug_patient_scored
celecoxib,docetaxel,celecoxib + docetaxel,120,112.8,188,6,1,5,BR:BT-549;BR:HS 578T;BR:MCF7;BR:MDA-MB-231;BR:T-47D,0.994160444189163,FALSE,TRUE,tier_B_one_drug_patient_scored
docetaxel,pazopanib,docetaxel + pazopanib,35,66.5,178,18,1,4,BR:HS 578T;BR:MCF7;BR:MDA-MB-231;BR:T-47D,0.936434999042696,TRUE,FALSE,tier_B_one_drug_patient_scored
docetaxel,imatinib,docetaxel + imatinib,95,99,211,7,1,5,BR:BT-549;BR:HS 578T;BR:MCF7;BR:MDA-MB-231;BR:T-47D,0.988703810070841,TRUE,FALSE,tier_B_one_drug_patient_scored
docetaxel,nilotinib,docetaxel + nilotinib,61,22.4,113,-135,0.6,5,BR:BT-549;BR:HS 578T;BR:MCF7;BR:MDA-MB-231;BR:T-47D,0.973769864062799,TRUE,FALSE,tier_B_one_drug_patient_scored
docetaxel,lenalidomide,docetaxel + lenalidomide,3,-10.4,17,-67,0.6,5,BR:BT-549;BR:HS 578T;BR:MCF7;BR:MDA-MB-231;BR:T-47D,0.775895079456251,TRUE,FALSE,tier_B_one_drug_patient_scored
docetaxel,raloxifene,docetaxel + raloxifene,11,26.8,127,-55,0.6,5,BR:BT-549;BR:HS 578T;BR:MCF7;BR:MDA-MB-231;BR:T-47D,0.841853340991767,TRUE,FALSE,tier_B_one_drug_patient_scored
abiraterone,docetaxel,abiraterone + docetaxel,105,93.4,170,41,1,5,BR:BT-549;BR:HS 578T;BR:MCF7;BR:MDA-MB-231;BR:T-47D,0.99186291403408,FALSE,TRUE,tier_B_one_drug_patient_scored
docetaxel,vemurafenib,docetaxel + vemurafenib,47,56.8,136,-1,0.8,5,BR:BT-549;BR:HS 578T;BR:MCF7;BR:MDA-MB-231;BR:T-47D,0.956538387899674,TRUE,FALSE,tier_B_one_drug_patient_scored
docetaxel,vismodegib,docetaxel + vismodegib,70,102.8,205,52,1,5,BR:BT-549;BR:HS 578T;BR:MCF7;BR:MDA-MB-231;BR:T-47D,0.979705150296764,TRUE,FALSE,tier_B_one_drug_patient_scored
crizotinib,docetaxel,crizotinib + docetaxel,-1,-20.8,33,-94,0.4,5,BR:BT-549;BR:HS 578T;BR:MCF7;BR:MDA-MB-231;BR:T-47D,0.378230901780586,FALSE,TRUE,tier_B_one_drug_patient_scored
axitinib,docetaxel,axitinib + docetaxel,-7,3,56,-48,0.4,5,BR:BT-549;BR:HS 578T;BR:MCF7;BR:MDA-MB-231;BR:T-47D,0.378230901780586,FALSE,TRUE,tier_B_one_drug_patient_scored
docetaxel,vandetanib,docetaxel + vandetanib,9,22.8,68,-12,0.6,5,BR:BT-549;BR:HS 578T;BR:MCF7;BR:MDA-MB-231;BR:T-47D,0.827685238368754,TRUE,FALSE,tier_B_one_drug_patient_scored
cabazitaxel,docetaxel,cabazitaxel + docetaxel,7,7.2,90,-60,0.6,5,BR:BT-549;BR:HS 578T;BR:MCF7;BR:MDA-MB-231;BR:T-47D,0.810453762205629,FALSE,TRUE,tier_B_one_drug_patient_scored
docetaxel,ruxolitinib,docetaxel + ruxolitinib,5,3.6,42,-35,0.6,5,BR:BT-549;BR:HS 578T;BR:MCF7;BR:MDA-MB-231;BR:T-47D,0.793030825196247,TRUE,FALSE,tier_B_one_drug_patient_scored
6 thioguanine,7 ethyl 10 hydroxycamptothecin,6 thioguanine + 7 ethyl 10 hydroxycamptothecin,-45,-46.2,-9,-69,0,5,BR:BT-549;BR:HS 578T;BR:MCF7;BR:MDA-MB-231;BR:T-47D,0.378230901780586,FALSE,FALSE,not_patient_scored
7 ethyl 10 hydroxycamptothecin,actinomycin d,7 ethyl 10 hydroxycamptothecin + actinomycin d,-14,-20,31,-59,0.2,5,BR:BT-549;BR:HS 578T;BR:MCF7;BR:MDA-MB-231;BR:T-47D,0.378230901780586,FALSE,FALSE,not_patient_scored
7 ethyl 10 hydroxycamptothecin,chlorambucil,7 ethyl 10 hydroxycamptothecin + chlorambucil,-33,-34,10,-71,0.2,5,BR:BT-549;BR:HS 578T;BR:MCF7;BR:MDA-MB-231;BR:T-47D,0.378230901780586,FALSE,FALSE,not_patient_scored
7 ethyl 10 hydroxycamptothecin,thiotepa,7 ethyl 10 hydroxycamptothecin + thiotepa,14,27.4,81,-3,0.6,5,BR:BT-549;BR:HS 578T;BR:MCF7;BR:MDA-MB-231;BR:T-47D,0.858989086731763,FALSE,FALSE,not_patient_scored
7 ethyl 10 hydroxycamptothecin,melphalan,7 ethyl 10 hydroxycamptothecin + melphalan,-24,-19.2,4,-39,0.2,5,BR:BT-549;BR:HS 578T;BR:MCF7;BR:MDA-MB-231;BR:T-47D,0.378230901780586,FALSE,FALSE,not_patient_scored
7 ethyl 10 hydroxycamptothecin,altretamine,7 ethyl 10 hydroxycamptothecin + altretamine,-34,-30.8,-5,-54,0,5,BR:BT-549;BR:HS 578T;BR:MCF7;BR:MDA-MB-231;BR:T-47D,0.378230901780586,FALSE,FALSE,not_patient_scored
5-fluorouracil,7 ethyl 10 hydroxycamptothecin,5-fluorouracil + 7 ethyl 10 hydroxycamptothecin,-15,-9,16,-26,0.4,5,BR:BT-549;BR:HS 578T;BR:MCF7;BR:MDA-MB-231;BR:T-47D,0.378230901780586,TRUE,FALSE,tier_B_one_drug_patient_scored
7 ethyl 10 hydroxycamptothecin,floxuridine,7 ethyl 10 hydroxycamptothecin + floxuridine,-63,-66.4,9,-153,0.2,5,BR:BT-549;BR:HS 578T;BR:MCF7;BR:MDA-MB-231;BR:T-47D,0.378230901780586,FALSE,FALSE,not_patient_scored
7 ethyl 10 hydroxycamptothecin,uracil mustard,7 ethyl 10 hydroxycamptothecin + uracil mustard,-33,-37.8,-8,-69,0,5,BR:BT-549;BR:HS 578T;BR:MCF7;BR:MDA-MB-231;BR:T-47D,0.378230901780586,FALSE,FALSE,not_patient_scored
7 ethyl 10 hydroxycamptothecin,dacarbazine,7 ethyl 10 hydroxycamptothecin + dacarbazine,-16,-7.8,31,-26,0.2,5,BR:BT-549;BR:HS 578T;BR:MCF7;BR:MDA-MB-231;BR:T-47D,0.378230901780586,FALSE,FALSE,not_patient_scored
7 ethyl 10 hydroxycamptothecin,cytarabine,7 ethyl 10 hydroxycamptothecin + cytarabine,-20,-28.2,23,-107,0.2,5,BR:BT-549;BR:HS 578T;BR:MCF7;BR:MDA-MB-231;BR:T-47D,0.378230901780586,FALSE,FALSE,not_patient_scored
7 ethyl 10 hydroxycamptothecin,vincristine,7 ethyl 10 hydroxycamptothecin + vincristine,-14,-49.8,28,-208,0.4,5,BR:BT-549;BR:HS 578T;BR:MCF7;BR:MDA-MB-231;BR:T-47D,0.378230901780586,FALSE,FALSE,not_patient_scored
7 ethyl 10 hydroxycamptothecin,megestrol acetate,7 ethyl 10 hydroxycamptothecin + megestrol acetate,-3,-28.2,1,-89,0.2,5,BR:BT-549;BR:HS 578T;BR:MCF7;BR:MDA-MB-231;BR:T-47D,0.378230901780586,FALSE,FALSE,not_patient_scored
7 ethyl 10 hydroxycamptothecin,lomustine,7 ethyl 10 hydroxycamptothecin + lomustine,-11,-10.2,18,-36,0.2,5,BR:BT-549;BR:HS 578T;BR:MCF7;BR:MDA-MB-231;BR:T-47D,0.378230901780586,FALSE,FALSE,not_patient_scored
7 ethyl 10 hydroxycamptothecin,daunorubicin,7 ethyl 10 hydroxycamptothecin + daunorubicin,17,5.4,47,-31,0.6,5,BR:BT-549;BR:HS 578T;BR:MCF7;BR:MDA-MB-231;BR:T-47D,0.874114493586062,FALSE,FALSE,not_patient_scored
7 ethyl 10 hydroxycamptothecin,cladribine,7 ethyl 10 hydroxycamptothecin + cladribine,-4,-11.8,68,-85,0.4,5,BR:BT-549;BR:HS 578T;BR:MCF7;BR:MDA-MB-231;BR:T-47D,0.378230901780586,FALSE,FALSE,not_patient_scored
7 ethyl 10 hydroxycamptothecin,fludarabine,7 ethyl 10 hydroxycamptothecin + fludarabine,-62,-66.75,-41,-102,0,4,BR:BT-549;BR:HS 578T;BR:MCF7;BR:MDA-MB-231,0.378230901780586,FALSE,FALSE,not_patient_scored
7 ethyl 10 hydroxycamptothecin,isotretinoin,7 ethyl 10 hydroxycamptothecin + isotretinoin,-10,-12.8,36,-61,0.2,5,BR:BT-549;BR:HS 578T;BR:MCF7;BR:MDA-MB-231;BR:T-47D,0.378230901780586,FALSE,FALSE,not_patient_scored
7 ethyl 10 hydroxycamptothecin,teniposide,7 ethyl 10 hydroxycamptothecin + teniposide,-12,-22.2,16,-91,0.2,5,BR:BT-549;BR:HS 578T;BR:MCF7;BR:MDA-MB-231;BR:T-47D,0.378230901780586,FALSE,FALSE,not_patient_scored
7 ethyl 10 hydroxycamptothecin,paclitaxel,7 ethyl 10 hydroxycamptothecin + paclitaxel,-67,-64.4,-46,-77,0,5,BR:BT-549;BR:HS 578T;BR:MCF7;BR:MDA-MB-231;BR:T-47D,0.378230901780586,FALSE,TRUE,tier_B_one_drug_patient_scored
7 ethyl 10 hydroxycamptothecin,etoposide,7 ethyl 10 hydroxycamptothecin + etoposide,-3,-6,8,-23,0.2,5,BR:BT-549;BR:HS 578T;BR:MCF7;BR:MDA-MB-231;BR:T-47D,0.378230901780586,FALSE,FALSE,not_patient_scored
7 ethyl 10 hydroxycamptothecin,dexrazoxane,7 ethyl 10 hydroxycamptothecin + dexrazoxane,-19,-18.8,2,-43,0.2,5,BR:BT-549;BR:HS 578T;BR:MCF7;BR:MDA-MB-231;BR:T-47D,0.378230901780586,FALSE,FALSE,not_patient_scored
7 ethyl 10 hydroxycamptothecin,tamoxifen,7 ethyl 10 hydroxycamptothecin + tamoxifen,-14,-33.6,23,-137,0.2,5,BR:BT-549;BR:HS 578T;BR:MCF7;BR:MDA-MB-231;BR:T-47D,0.378230901780586,FALSE,FALSE,not_patient_scored
7 ethyl 10 hydroxycamptothecin,rapamycin,7 ethyl 10 hydroxycamptothecin + rapamycin,-39,-39.2,2,-74,0.2,5,BR:BT-549;BR:HS 578T;BR:MCF7;BR:MDA-MB-231;BR:T-47D,0.378230901780586,FALSE,TRUE,tier_B_one_drug_patient_scored
7 ethyl 10 hydroxycamptothecin,carboplatin,7 ethyl 10 hydroxycamptothecin + carboplatin,-1,-0.4,27,-42,0.4,5,BR:BT-549;BR:HS 578T;BR:MCF7;BR:MDA-MB-231;BR:T-47D,0.378230901780586,FALSE,FALSE,not_patient_scored
7 ethyl 10 hydroxycamptothecin,mitoxantrone,7 ethyl 10 hydroxycamptothecin + mitoxantrone,-35,-41.2,-11,-95,0,5,BR:BT-549;BR:HS 578T;BR:MCF7;BR:MDA-MB-231;BR:T-47D,0.378230901780586,FALSE,FALSE,not_patient_scored
7 ethyl 10 hydroxycamptothecin,temozolomide,7 ethyl 10 hydroxycamptothecin + temozolomide,-79,-109.6,-35,-254,0,5,BR:BT-549;BR:HS 578T;BR:MCF7;BR:MDA-MB-231;BR:T-47D,0.378230901780586,FALSE,FALSE,not_patient_scored
7 ethyl 10 hydroxycamptothecin,clofarabine,7 ethyl 10 hydroxycamptothecin + clofarabine,-57,-40.2,-4,-67,0,5,BR:BT-549;BR:HS 578T;BR:MCF7;BR:MDA-MB-231;BR:T-47D,0.378230901780586,FALSE,FALSE,not_patient_scored
7 ethyl 10 hydroxycamptothecin,vinorelbine,7 ethyl 10 hydroxycamptothecin + vinorelbine,-19,-38.8,-17,-114,0,5,BR:BT-549;BR:HS 578T;BR:MCF7;BR:MDA-MB-231;BR:T-47D,0.378230901780586,FALSE,FALSE,not_patient_scored
7 ethyl 10 hydroxycamptothecin,gemcitabine,7 ethyl 10 hydroxycamptothecin + gemcitabine,-4,6,111,-74,0.4,5,BR:BT-549;BR:HS 578T;BR:MCF7;BR:MDA-MB-231;BR:T-47D,0.378230901780586,FALSE,TRUE,tier_B_one_drug_patient_scored
7 ethyl 10 hydroxycamptothecin,docetaxel,7 ethyl 10 hydroxycamptothecin + docetaxel,-12,-21.8,33,-115,0.4,5,BR:BT-549;BR:HS 578T;BR:MCF7;BR:MDA-MB-231;BR:T-47D,0.378230901780586,FALSE,TRUE,tier_B_one_drug_patient_scored
7 ethyl 10 hydroxycamptothecin,nelarabine,7 ethyl 10 hydroxycamptothecin + nelarabine,-63,-50.4,-12,-77,0,5,BR:BT-549;BR:HS 578T;BR:MCF7;BR:MDA-MB-231;BR:T-47D,0.378230901780586,FALSE,FALSE,not_patient_scored
7 ethyl 10 hydroxycamptothecin,pemetrexed,7 ethyl 10 hydroxycamptothecin + pemetrexed,-23,-24.6,14,-70,0.2,5,BR:BT-549;BR:HS 578T;BR:MCF7;BR:MDA-MB-231;BR:T-47D,0.378230901780586,FALSE,FALSE,not_patient_scored
7 ethyl 10 hydroxycamptothecin,capecitabine,7 ethyl 10 hydroxycamptothecin + capecitabine,-3,-13.8,39,-114,0.4,5,BR:BT-549;BR:HS 578T;BR:MCF7;BR:MDA-MB-231;BR:T-47D,0.378230901780586,FALSE,FALSE,not_patient_scored
7 ethyl 10 hydroxycamptothecin,exemestane,7 ethyl 10 hydroxycamptothecin + exemestane,73,43.6,79,-11,0.8,5,BR:BT-549;BR:HS 578T;BR:MCF7;BR:MDA-MB-231;BR:T-47D,0.981811219605591,FALSE,FALSE,not_patient_scored
7 ethyl 10 hydroxycamptothecin,gefitinib,7 ethyl 10 hydroxycamptothecin + gefitinib,37,37.8,102,1,1,5,BR:BT-549;BR:HS 578T;BR:MCF7;BR:MDA-MB-231;BR:T-47D,0.941317250622248,FALSE,FALSE,not_patient_scored
7 ethyl 10 hydroxycamptothecin,fulvestrant,7 ethyl 10 hydroxycamptothecin + fulvestrant,28,16.9,70,-48,0.6,5,BR:BT-549;BR:HS 578T;BR:MCF7;BR:MDA-MB-231;BR:T-47D,0.91738464484013,FALSE,FALSE,not_patient_scored
7 ethyl 10 hydroxycamptothecin,anastrozole,7 ethyl 10 hydroxycamptothecin + anastrozole,-22.5,-28.5,137,-234,0.4,5,BR:BT-549;BR:HS 578T;BR:MCF7;BR:MDA-MB-231;BR:T-47D,0.378230901780586,FALSE,FALSE,not_patient_scored
7 ethyl 10 hydroxycamptothecin,letrozole,7 ethyl 10 hydroxycamptothecin + letrozole,-67,-87.2,-15,-216,0,5,BR:BT-549;BR:HS 578T;BR:MCF7;BR:MDA-MB-231;BR:T-47D,0.378230901780586,FALSE,FALSE,not_patient_scored
7 ethyl 10 hydroxycamptothecin,celecoxib,7 ethyl 10 hydroxycamptothecin + celecoxib,16,-3.6,61,-133,0.6,5,BR:BT-549;BR:HS 578T;BR:MCF7;BR:MDA-MB-231;BR:T-47D,0.869519433275895,FALSE,FALSE,not_patient_scored
7 ethyl 10 hydroxycamptothecin,pazopanib,7 ethyl 10 hydroxycamptothecin + pazopanib,-31,-19.6,30,-62,0.4,5,BR:BT-549;BR:HS 578T;BR:MCF7;BR:MDA-MB-231;BR:T-47D,0.378230901780586,FALSE,FALSE,not_patient_scored
7 ethyl 10 hydroxycamptothecin,imatinib,7 ethyl 10 hydroxycamptothecin + imatinib,-28,-52,39,-218,0.4,5,BR:BT-549;BR:HS 578T;BR:MCF7;BR:MDA-MB-231;BR:T-47D,0.378230901780586,FALSE,FALSE,not_patient_scored
7 ethyl 10 hydroxycamptothecin,nilotinib,7 ethyl 10 hydroxycamptothecin + nilotinib,-50,-100.8,-34,-221,0,5,BR:BT-549;BR:HS 578T;BR:MCF7;BR:MDA-MB-231;BR:T-47D,0.378230901780586,FALSE,FALSE,not_patient_scored
7 ethyl 10 hydroxycamptothecin,lenalidomide,7 ethyl 10 hydroxycamptothecin + lenalidomide,2,-4.8,22,-53,0.6,5,BR:BT-549;BR:HS 578T;BR:MCF7;BR:MDA-MB-231;BR:T-47D,0.768140915182845,FALSE,FALSE,not_patient_scored
7 ethyl 10 hydroxycamptothecin,raloxifene,7 ethyl 10 hydroxycamptothecin + raloxifene,-27,-28.8,14,-86,0.4,5,BR:BT-549;BR:HS 578T;BR:MCF7;BR:MDA-MB-231;BR:T-47D,0.378230901780586,FALSE,FALSE,not_patient_scored
7 ethyl 10 hydroxycamptothecin,abiraterone,7 ethyl 10 hydroxycamptothecin + abiraterone,11,10,34,-20,0.8,5,BR:BT-549;BR:HS 578T;BR:MCF7;BR:MDA-MB-231;BR:T-47D,0.841853340991767,FALSE,FALSE,not_patient_scored
7 ethyl 10 hydroxycamptothecin,vemurafenib,7 ethyl 10 hydroxycamptothecin + vemurafenib,18,11.8,80,-35,0.6,5,BR:BT-549;BR:HS 578T;BR:MCF7;BR:MDA-MB-231;BR:T-47D,0.878996745165614,FALSE,FALSE,not_patient_scored
7 ethyl 10 hydroxycamptothecin,depsipeptide,7 ethyl 10 hydroxycamptothecin + depsipeptide,-5,-1.4,31,-24,0.4,5,BR:BT-549;BR:HS 578T;BR:MCF7;BR:MDA-MB-231;BR:T-47D,0.378230901780586,FALSE,FALSE,not_patient_scored
7 ethyl 10 hydroxycamptothecin,vismodegib,7 ethyl 10 hydroxycamptothecin + vismodegib,9,11.8,64,-25,0.8,5,BR:BT-549;BR:HS 578T;BR:MCF7;BR:MDA-MB-231;BR:T-47D,0.827685238368754,FALSE,FALSE,not_patient_scored
7 ethyl 10 hydroxycamptothecin,crizotinib,7 ethyl 10 hydroxycamptothecin + crizotinib,7,-6.2,23,-49,0.6,5,BR:BT-549;BR:HS 578T;BR:MCF7;BR:MDA-MB-231;BR:T-47D,0.810453762205629,FALSE,FALSE,not_patient_scored
7 ethyl 10 hydroxycamptothecin,axitinib,7 ethyl 10 hydroxycamptothecin + axitinib,-18,-2.6,59,-36,0.2,5,BR:BT-549;BR:HS 578T;BR:MCF7;BR:MDA-MB-231;BR:T-47D,0.378230901780586,FALSE,FALSE,not_patient_scored
7 ethyl 10 hydroxycamptothecin,vandetanib,7 ethyl 10 hydroxycamptothecin + vandetanib,4,0.2,7,-16,0.6,5,BR:BT-549;BR:HS 578T;BR:MCF7;BR:MDA-MB-231;BR:T-47D,0.783553513306529,FALSE,FALSE,not_patient_scored
7 ethyl 10 hydroxycamptothecin,cabazitaxel,7 ethyl 10 hydroxycamptothecin + cabazitaxel,-19,-38.8,8,-109,0.2,5,BR:BT-549;BR:HS 578T;BR:MCF7;BR:MDA-MB-231;BR:T-47D,0.378230901780586,FALSE,FALSE,not_patient_scored
7 ethyl 10 hydroxycamptothecin,ruxolitinib,7 ethyl 10 hydroxycamptothecin + ruxolitinib,-23,-19,-9,-26,0,5,BR:BT-549;BR:HS 578T;BR:MCF7;BR:MDA-MB-231;BR:T-47D,0.378230901780586,FALSE,FALSE,not_patient_scored
bortezomib,methotrexate,bortezomib + methotrexate,-98,-125.8,-7,-338,0,5,BR:BT-549;BR:HS 578T;BR:MCF7;BR:MDA-MB-231;BR:T-47D,0.378230901780586,FALSE,FALSE,not_patient_scored
bortezomib,busulfan,bortezomib + busulfan,-38,-27.2,-6,-43,0,5,BR:BT-549;BR:HS 578T;BR:MCF7;BR:MDA-MB-231;BR:T-47D,0.378230901780586,FALSE,FALSE,not_patient_scored
6 thioguanine,bortezomib,6 thioguanine + bortezomib,-29,-22.2,10,-33,0.2,5,BR:BT-549;BR:HS 578T;BR:MCF7;BR:MDA-MB-231;BR:T-47D,0.378230901780586,FALSE,FALSE,not_patient_scored
6 mercaptopurine,bortezomib,6 mercaptopurine + bortezomib,-57,-74.4,-29,-180,0,5,BR:BT-549;BR:HS 578T;BR:MCF7;BR:MDA-MB-231;BR:T-47D,0.378230901780586,FALSE,FALSE,not_patient_scored
bortezomib,nitrogen mustard,bortezomib + nitrogen mustard,-54,-51.5,-13,-85,0,4,BR:BT-549;BR:HS 578T;BR:MCF7;BR:MDA-MB-231,0.378230901780586,FALSE,FALSE,not_patient_scored
allopurinol,bortezomib,allopurinol + bortezomib,-39,-32.2,4,-48,0.2,5,BR:BT-549;BR:HS 578T;BR:MCF7;BR:MDA-MB-231;BR:T-47D,0.378230901780586,FALSE,FALSE,not_patient_scored
actinomycin d,bortezomib,actinomycin d + bortezomib,-22.5,-22.5,41,-86,0.5,2,BR:MCF7;BR:T-47D,0.378230901780586,FALSE,FALSE,not_patient_scored
bortezomib,chlorambucil,bortezomib + chlorambucil,-25,-30.4,-14,-46,0,5,BR:BT-549;BR:HS 578T;BR:MCF7;BR:MDA-MB-231;BR:T-47D,0.378230901780586,FALSE,FALSE,not_patient_scored
bortezomib,thiotepa,bortezomib + thiotepa,-19,-18.75,11,-48,0.25,4,BR:BT-549;BR:HS 578T;BR:MCF7;BR:MDA-MB-231,0.378230901780586,FALSE,FALSE,not_patient_scored
bortezomib,melphalan,bortezomib + melphalan,-21,-24.8,-3,-65,0,5,BR:BT-549;BR:HS 578T;BR:MCF7;BR:MDA-MB-231;BR:T-47D,0.378230901780586,FALSE,FALSE,not_patient_scored
bortezomib,triethylenemelamine,bortezomib + triethylenemelamine,-33.5,-29.5,17,-68,0.25,4,BR:BT-549;BR:HS 578T;BR:MCF7;BR:MDA-MB-231,0.378230901780586,FALSE,FALSE,not_patient_scored
altretamine,bortezomib,altretamine + bortezomib,-67,-63,-40,-75,0,5,BR:BT-549;BR:HS 578T;BR:MCF7;BR:MDA-MB-231;BR:T-47D,0.378230901780586,FALSE,FALSE,not_patient_scored
acrichine,bortezomib,acrichine + bortezomib,-32,-14,48,-54,0.4,5,BR:BT-549;BR:HS 578T;BR:MCF7;BR:MDA-MB-231;BR:T-47D,0.378230901780586,FALSE,FALSE,not_patient_scored
aminolevulinic acid,bortezomib,aminolevulinic acid + bortezomib,-27,-24.3333333333333,-13,-33,0,3,BR:HS 578T;BR:MCF7;BR:MDA-MB-231,0.378230901780586,FALSE,FALSE,not_patient_scored
5-fluorouracil,bortezomib,5-fluorouracil + bortezomib,12,14.8,62,-24,0.8,5,BR:BT-549;BR:HS 578T;BR:MCF7;BR:MDA-MB-231;BR:T-47D,0.847118514263833,TRUE,FALSE,tier_B_one_drug_patient_scored
bortezomib,mithramycin,bortezomib + mithramycin,36,28,69,-21,0.666666666666667,3,BR:BT-549;BR:MCF7;BR:MDA-MB-231,0.938828259620908,FALSE,FALSE,not_patient_scored
bortezomib,pipobroman,bortezomib + pipobroman,-30.5,-30.75,-1,-61,0,4,BR:BT-549;BR:HS 578T;BR:MCF7;BR:MDA-MB-231,0.378230901780586,FALSE,FALSE,not_patient_scored
bortezomib,cyclophosphamide,bortezomib + cyclophosphamide,-118,-113.8,-86,-158,0,5,BR:BT-549;BR:HS 578T;BR:MCF7;BR:MDA-MB-231;BR:T-47D,0.378230901780586,FALSE,FALSE,not_patient_scored
bortezomib,mitomycin,bortezomib + mitomycin,-64,-59,-8,-105,0,5,BR:BT-549;BR:HS 578T;BR:MCF7;BR:MDA-MB-231;BR:T-47D,0.378230901780586,FALSE,FALSE,not_patient_scored
bortezomib,floxuridine,bortezomib + floxuridine,-46.5,-45.75,-38,-52,0,4,BR:BT-549;BR:HS 578T;BR:MCF7;BR:MDA-MB-231,0.378230901780586,FALSE,FALSE,not_patient_scored
bortezomib,hydroxyurea,bortezomib + hydroxyurea,-28,-38,-25,-61,0,3,BR:HS 578T;BR:MCF7;BR:MDA-MB-231,0.378230901780586,FALSE,FALSE,not_patient_scored
bortezomib,uracil mustard,bortezomib + uracil mustard,-28,-32.6,-5,-75,0,5,BR:BT-549;BR:HS 578T;BR:MCF7;BR:MDA-MB-231;BR:T-47D,0.378230901780586,FALSE,FALSE,not_patient_scored
bortezomib,mitotane,bortezomib + mitotane,-48,-56.3333333333333,-42,-79,0,3,BR:HS 578T;BR:MCF7;BR:MDA-MB-231,0.378230901780586,FALSE,FALSE,not_patient_scored
bortezomib,dacarbazine,bortezomib + dacarbazine,-33,-33.2,4,-62,0.2,5,BR:BT-549;BR:HS 578T;BR:MCF7;BR:MDA-MB-231;BR:T-47D,0.378230901780586,FALSE,FALSE,not_patient_scored
bortezomib,methoxsalen,bortezomib + methoxsalen,-88,-97.6666666666667,-82,-123,0,3,BR:BT-549;BR:MCF7;BR:T-47D,0.378230901780586,FALSE,FALSE,not_patient_scored
bortezomib,vinblastine,bortezomib + vinblastine,-121,-89.8,5,-150,0.2,5,BR:BT-549;BR:HS 578T;BR:MCF7;BR:MDA-MB-231;BR:T-47D,0.378230901780586,FALSE,FALSE,not_patient_scored
bortezomib,cytarabine,bortezomib + cytarabine,-38,-44,-19,-90,0,5,BR:BT-549;BR:HS 578T;BR:MCF7;BR:MDA-MB-231;BR:T-47D,0.378230901780586,FALSE,FALSE,not_patient_scored
bortezomib,thalidomide,bortezomib + thalidomide,-89,-85,-30,-136,0,3,BR:BT-549;BR:MCF7;BR:T-47D,0.378230901780586,FALSE,FALSE,not_patient_scored
bortezomib,vincristine,bortezomib + vincristine,-141,-148.8,-120,-182,0,5,BR:BT-549;BR:HS 578T;BR:MCF7;BR:MDA-MB-231;BR:T-47D,0.378230901780586,FALSE,FALSE,not_patient_scored
bortezomib,megestrol acetate,bortezomib + megestrol acetate,-24,-43.4,7,-140,0.2,5,BR:BT-549;BR:HS 578T;BR:MCF7;BR:MDA-MB-231;BR:T-47D,0.378230901780586,FALSE,FALSE,not_patient_scored
bortezomib,lomustine,bortezomib + lomustine,-12,-11.6,37,-53,0.2,5,BR:BT-549;BR:HS 578T;BR:MCF7;BR:MDA-MB-231;BR:T-47D,0.378230901780586,FALSE,FALSE,not_patient_scored
bortezomib,daunorubicin,bortezomib + daunorubicin,1,-2.6,4,-15,0.6,5,BR:BT-549;BR:HS 578T;BR:MCF7;BR:MDA-MB-231;BR:T-47D,0.759908098793797,FALSE,FALSE,not_patient_scored
bortezomib,streptozocin,bortezomib + streptozocin,-55,-55,-55,-55,0,2,BR:BT-549;BR:MCF7,0.378230901780586,FALSE,FALSE,not_patient_scored
azacitidine,bortezomib,azacitidine + bortezomib,-98,-99,-74,-126,0,4,BR:BT-549;BR:HS 578T;BR:MCF7;BR:MDA-MB-231,0.378230901780586,FALSE,FALSE,not_patient_scored
bortezomib,cladribine,bortezomib + cladribine,-89,-110.6,-44,-247,0,5,BR:BT-549;BR:HS 578T;BR:MCF7;BR:MDA-MB-231;BR:T-47D,0.378230901780586,FALSE,FALSE,not_patient_scored
bortezomib,ifosfamide,bortezomib + ifosfamide,-39,-39,-39,-39,0,1,BR:MCF7,0.378230901780586,FALSE,FALSE,not_patient_scored
bortezomib,fludarabine,bortezomib + fludarabine,-81,-72.4,14,-126,0.2,5,BR:BT-549;BR:HS 578T;BR:MCF7;BR:MDA-MB-231;BR:T-47D,0.378230901780586,FALSE,FALSE,not_patient_scored
bortezomib,isotretinoin,bortezomib + isotretinoin,-68,-48.8,16,-125,0.4,5,BR:BT-549;BR:HS 578T;BR:MCF7;BR:MDA-MB-231;BR:T-47D,0.378230901780586,FALSE,FALSE,not_patient_scored
bortezomib,teniposide,bortezomib + teniposide,-24,-23.6,-1,-40,0,5,BR:BT-549;BR:HS 578T;BR:MCF7;BR:MDA-MB-231;BR:T-47D,0.378230901780586,FALSE,FALSE,not_patient_scored
bortezomib,doxorubicin,bortezomib + doxorubicin,-27,-21.4,7,-32,0.2,5,BR:BT-549;BR:HS 578T;BR:MCF7;BR:MDA-MB-231;BR:T-47D,0.378230901780586,FALSE,TRUE,tier_B_one_drug_patient_scored
bleomycin,bortezomib,bleomycin + bortezomib,43,40.5,104,-28,0.75,4,BR:BT-549;BR:HS 578T;BR:MCF7;BR:MDA-MB-231,0.951081753781352,FALSE,FALSE,not_patient_scored
bortezomib,paclitaxel,bortezomib + paclitaxel,36,30,188,-100,0.6,5,BR:BT-549;BR:HS 578T;BR:MCF7;BR:MDA-MB-231;BR:T-47D,0.938828259620908,FALSE,TRUE,tier_B_one_drug_patient_scored
bortezomib,decitabine,bortezomib + decitabine,-14,-14,-6,-22,0,2,BR:BT-549;BR:MCF7,0.378230901780586,FALSE,FALSE,not_patient_scored
bendamustine,bortezomib,bendamustine + bortezomib,101,79.8,103,46,1,5,BR:BT-549;BR:HS 578T;BR:MCF7;BR:MDA-MB-231;BR:T-47D,0.990714148956538,FALSE,FALSE,not_patient_scored
bortezomib,etoposide,bortezomib + etoposide,-3,-8.6,4,-26,0.4,5,BR:BT-549;BR:HS 578T;BR:MCF7;BR:MDA-MB-231;BR:T-47D,0.378230901780586,FALSE,FALSE,not_patient_scored
bortezomib,dexrazoxane,bortezomib + dexrazoxane,-26,-32.2,30,-84,0.4,5,BR:BT-549;BR:HS 578T;BR:MCF7;BR:MDA-MB-231;BR:T-47D,0.378230901780586,FALSE,FALSE,not_patient_scored
bortezomib,tamoxifen,bortezomib + tamoxifen,125.5,99.25,146,0,0.75,4,BR:BT-549;BR:HS 578T;BR:MCF7;BR:MDA-MB-231,0.994926287574191,FALSE,FALSE,not_patient_scored
bortezomib,pentostatin,bortezomib + pentostatin,-26,-32.6666666666667,-10,-62,0,3,BR:BT-549;BR:MCF7;BR:MDA-MB-231,0.378230901780586,FALSE,FALSE,not_patient_scored
bortezomib,rapamycin,bortezomib + rapamycin,1,26.4,103,-26,0.6,5,BR:BT-549;BR:HS 578T;BR:MCF7;BR:MDA-MB-231;BR:T-47D,0.759908098793797,FALSE,TRUE,tier_B_one_drug_patient_scored
bortezomib,carboplatin,bortezomib + carboplatin,0,2.6,27,-22,0.4,5,BR:BT-549;BR:HS 578T;BR:MCF7;BR:MDA-MB-231;BR:T-47D,0.378230901780586,FALSE,FALSE,not_patient_scored
bortezomib,valrubicin,bortezomib + valrubicin,55,68.4,178,-14,0.6,5,BR:BT-549;BR:HS 578T;BR:MCF7;BR:MDA-MB-231;BR:T-47D,0.968313229944476,FALSE,FALSE,not_patient_scored
bortezomib,oxaliplatin,bortezomib + oxaliplatin,-52,-52,-25,-79,0,2,BR:BT-549;BR:MCF7,0.378230901780586,FALSE,FALSE,not_patient_scored
bortezomib,mitoxantrone,bortezomib + mitoxantrone,-24,-24.8,1,-40,0.2,5,BR:BT-549;BR:HS 578T;BR:MCF7;BR:MDA-MB-231;BR:T-47D,0.378230901780586,FALSE,FALSE,not_patient_scored
amifostine,bortezomib,amifostine + bortezomib,-58,-58,-57,-59,0,2,BR:BT-549;BR:MCF7,0.378230901780586,FALSE,FALSE,not_patient_scored
bortezomib,temozolomide,bortezomib + temozolomide,-84.5,-90,-65,-126,0,4,BR:BT-549;BR:HS 578T;BR:MCF7;BR:MDA-MB-231,0.378230901780586,FALSE,FALSE,not_patient_scored
bortezomib,imiquimod,bortezomib + imiquimod,-94,-100,-27,-193,0,5,BR:BT-549;BR:HS 578T;BR:MCF7;BR:MDA-MB-231;BR:T-47D,0.378230901780586,FALSE,FALSE,not_patient_scored
bortezomib,carmustine,bortezomib + carmustine,-80,-84.2,-10,-166,0,5,BR:BT-549;BR:HS 578T;BR:MCF7;BR:MDA-MB-231;BR:T-47D,0.378230901780586,FALSE,FALSE,not_patient_scored
bortezomib,clofarabine,bortezomib + clofarabine,58,107.2,326,-27,0.8,5,BR:BT-549;BR:HS 578T;BR:MCF7;BR:MDA-MB-231;BR:T-47D,0.971280873061459,FALSE,FALSE,not_patient_scored
bortezomib,vinorelbine,bortezomib + vinorelbine,6,5.4,49,-24,0.6,5,BR:BT-549;BR:HS 578T;BR:MCF7;BR:MDA-MB-231;BR:T-47D,0.802508137085966,FALSE,FALSE,not_patient_scored
bortezomib,topotecan,bortezomib + topotecan,-37,-57,-15,-112,0,5,BR:BT-549;BR:HS 578T;BR:MCF7;BR:MDA-MB-231;BR:T-47D,0.378230901780586,FALSE,FALSE,not_patient_scored
bortezomib,gemcitabine,bortezomib + gemcitabine,-76,-99.8,-61,-202,0,5,BR:BT-549;BR:HS 578T;BR:MCF7;BR:MDA-MB-231;BR:T-47D,0.378230901780586,FALSE,TRUE,tier_B_one_drug_patient_scored
bortezomib,docetaxel,bortezomib + docetaxel,-111,-139.25,-80,-255,0,4,BR:HS 578T;BR:MCF7;BR:MDA-MB-231;BR:T-47D,0.378230901780586,FALSE,TRUE,tier_B_one_drug_patient_scored
7 ethyl 10 hydroxycamptothecin,bortezomib,7 ethyl 10 hydroxycamptothecin + bortezomib,-10,2.4,149,-84,0.2,5,BR:BT-549;BR:HS 578T;BR:MCF7;BR:MDA-MB-231;BR:T-47D,0.378230901780586,FALSE,FALSE,not_patient_scored
bortezomib,nelarabine,bortezomib + nelarabine,-87,-108,-69,-168,0,3,BR:HS 578T;BR:MCF7;BR:MDA-MB-231,0.378230901780586,FALSE,FALSE,not_patient_scored
bortezomib,pemetrexed,bortezomib + pemetrexed,-27,-20,0,-41,0,5,BR:BT-549;BR:HS 578T;BR:MCF7;BR:MDA-MB-231;BR:T-47D,0.378230901780586,FALSE,FALSE,not_patient_scored
bortezomib,vorinostat,bortezomib + vorinostat,-40,-37.2,-2,-78,0,5,BR:BT-549;BR:HS 578T;BR:MCF7;BR:MDA-MB-231;BR:T-47D,0.378230901780586,FALSE,FALSE,not_patient_scored
bortezomib,capecitabine,bortezomib + capecitabine,-58.5,-60.5,-48,-77,0,4,BR:BT-549;BR:HS 578T;BR:MCF7;BR:MDA-MB-231,0.378230901780586,FALSE,FALSE,not_patient_scored
bortezomib,exemestane,bortezomib + exemestane,22,14,28,-26,0.8,5,BR:BT-549;BR:HS 578T;BR:MCF7;BR:MDA-MB-231;BR:T-47D,0.896802603867509,FALSE,FALSE,not_patient_scored
bortezomib,gefitinib,bortezomib + gefitinib,-15,-6.2,51,-30,0.2,5,BR:BT-549;BR:HS 578T;BR:MCF7;BR:MDA-MB-231;BR:T-47D,0.378230901780586,FALSE,FALSE,not_patient_scored
bortezomib,erlotinib,bortezomib + erlotinib,302,258,662,-52,0.8,5,BR:BT-549;BR:HS 578T;BR:MCF7;BR:MDA-MB-231;BR:T-47D,0.999712808730615,FALSE,FALSE,not_patient_scored
anastrozole,bortezomib,anastrozole + bortezomib,-57,-40,41,-74,0.2,5,BR:BT-549;BR:HS 578T;BR:MCF7;BR:MDA-MB-231;BR:T-47D,0.378230901780586,FALSE,FALSE,not_patient_scored
bortezomib,letrozole,bortezomib + letrozole,-54,-47.6,-5,-77,0,5,BR:BT-549;BR:HS 578T;BR:MCF7;BR:MDA-MB-231;BR:T-47D,0.378230901780586,FALSE,FALSE,not_patient_scored
bortezomib,celecoxib,bortezomib + celecoxib,-53,-53.6,-27,-79,0,5,BR:BT-549;BR:HS 578T;BR:MCF7;BR:MDA-MB-231;BR:T-47D,0.378230901780586,FALSE,FALSE,not_patient_scored
bortezomib,zoledronate,bortezomib + zoledronate,-30,-38.4,-15,-79,0,5,BR:BT-549;BR:HS 578T;BR:MCF7;BR:MDA-MB-231;BR:T-47D,0.378230901780586,FALSE,FALSE,not_patient_scored
bortezomib,dasatinib,bortezomib + dasatinib,-43,-41.6,-13,-77,0,5,BR:BT-549;BR:HS 578T;BR:MCF7;BR:MDA-MB-231;BR:T-47D,0.378230901780586,FALSE,FALSE,not_patient_scored
bortezomib,everolimus,bortezomib + everolimus,-32,-31.6,4,-71,0.2,5,BR:BT-549;BR:HS 578T;BR:MCF7;BR:MDA-MB-231;BR:T-47D,0.378230901780586,FALSE,FALSE,not_patient_scored
bortezomib,pazopanib,bortezomib + pazopanib,-28,-14,15,-35,0.4,5,BR:BT-549;BR:HS 578T;BR:MCF7;BR:MDA-MB-231;BR:T-47D,0.378230901780586,FALSE,FALSE,not_patient_scored
bortezomib,imatinib,bortezomib + imatinib,-25,-36.8,4,-114,0.2,5,BR:BT-549;BR:HS 578T;BR:MCF7;BR:MDA-MB-231;BR:T-47D,0.378230901780586,FALSE,FALSE,not_patient_scored
bortezomib,lapatinib,bortezomib + lapatinib,-13,-33,-10,-98,0,5,BR:BT-549;BR:HS 578T;BR:MCF7;BR:MDA-MB-231;BR:T-47D,0.378230901780586,FALSE,TRUE,tier_B_one_drug_patient_scored
bortezomib,nilotinib,bortezomib + nilotinib,-58,-67.6,-46,-104,0,5,BR:BT-549;BR:HS 578T;BR:MCF7;BR:MDA-MB-231;BR:T-47D,0.378230901780586,FALSE,FALSE,not_patient_scored
bortezomib,sorafenib,bortezomib + sorafenib,-100.5,-99.5,-46,-151,0,4,BR:BT-549;BR:HS 578T;BR:MCF7;BR:MDA-MB-231,0.378230901780586,FALSE,FALSE,not_patient_scored
bortezomib,lenalidomide,bortezomib + lenalidomide,-24,-12.6,44,-56,0.2,5,BR:BT-549;BR:HS 578T;BR:MCF7;BR:MDA-MB-231;BR:T-47D,0.378230901780586,FALSE,FALSE,not_patient_scored
bortezomib,ixabepilone,bortezomib + ixabepilone,18,107.8,418,13,1,5,BR:BT-549;BR:HS 578T;BR:MCF7;BR:MDA-MB-231;BR:T-47D,0.878996745165614,FALSE,FALSE,not_patient_scored
bortezomib,raloxifene,bortezomib + raloxifene,-1,-12.4,38,-102,0.4,5,BR:BT-549;BR:HS 578T;BR:MCF7;BR:MDA-MB-231;BR:T-47D,0.378230901780586,FALSE,FALSE,not_patient_scored
abiraterone,bortezomib,abiraterone + bortezomib,-16,-6.4,28,-44,0.4,5,BR:BT-549;BR:HS 578T;BR:MCF7;BR:MDA-MB-231;BR:T-47D,0.378230901780586,FALSE,FALSE,not_patient_scored
bortezomib,sunitinib,bortezomib + sunitinib,-84,-77,-35,-124,0,5,BR:BT-549;BR:HS 578T;BR:MCF7;BR:MDA-MB-231;BR:T-47D,0.378230901780586,FALSE,FALSE,not_patient_scored
bortezomib,vemurafenib,bortezomib + vemurafenib,11,-4.6,26,-66,0.6,5,BR:BT-549;BR:HS 578T;BR:MCF7;BR:MDA-MB-231;BR:T-47D,0.841853340991767,FALSE,FALSE,not_patient_scored
bortezomib,depsipeptide,bortezomib + depsipeptide,37,28.25,67,-28,0.75,4,BR:BT-549;BR:HS 578T;BR:MCF7;BR:MDA-MB-231,0.941317250622248,FALSE,FALSE,not_patient_scored
bortezomib,pralatrexate,bortezomib + pralatrexate,-17,-33.4,-5,-71,0,5,BR:BT-549;BR:HS 578T;BR:MCF7;BR:MDA-MB-231;BR:T-47D,0.378230901780586,FALSE,FALSE,not_patient_scored
bortezomib,vismodegib,bortezomib + vismodegib,1,-13.8,24,-73,0.6,5,BR:BT-549;BR:HS 578T;BR:MCF7;BR:MDA-MB-231;BR:T-47D,0.759908098793797,FALSE,FALSE,not_patient_scored
bortezomib,crizotinib,bortezomib + crizotinib,-16,-19.4,8,-44,0.2,5,BR:BT-549;BR:HS 578T;BR:MCF7;BR:MDA-MB-231;BR:T-47D,0.378230901780586,FALSE,FALSE,not_patient_scored
axitinib,bortezomib,axitinib + bortezomib,-36,-26.4,38,-80,0.2,5,BR:BT-549;BR:HS 578T;BR:MCF7;BR:MDA-MB-231;BR:T-47D,0.378230901780586,FALSE,FALSE,not_patient_scored
bortezomib,vandetanib,bortezomib + vandetanib,-1,-8.6,13,-56,0.4,5,BR:BT-549;BR:HS 578T;BR:MCF7;BR:MDA-MB-231;BR:T-47D,0.378230901780586,FALSE,FALSE,not_patient_scored
bortezomib,cabazitaxel,bortezomib + cabazitaxel,65,67.4,141,16,1,5,BR:BT-549;BR:HS 578T;BR:MCF7;BR:MDA-MB-231;BR:T-47D,0.97683323760291,FALSE,FALSE,not_patient_scored
bortezomib,ruxolitinib,bortezomib + ruxolitinib,-9,-9.2,4,-23,0.2,5,BR:BT-549;BR:HS 578T;BR:MCF7;BR:MDA-MB-231;BR:T-47D,0.378230901780586,FALSE,FALSE,not_patient_scored
methotrexate,nelarabine,methotrexate + nelarabine,-7,-25,-1,-70,0,5,BR:BT-549;BR:HS 578T;BR:MCF7;BR:MDA-MB-231;BR:T-47D,0.378230901780586,FALSE,FALSE,not_patient_scored
6 thioguanine,nelarabine,6 thioguanine + nelarabine,-34,-33,17,-78,0.2,5,BR:BT-549;BR:HS 578T;BR:MCF7;BR:MDA-MB-231;BR:T-47D,0.378230901780586,FALSE,FALSE,not_patient_scored
6 mercaptopurine,nelarabine,6 mercaptopurine + nelarabine,-70,-66.6,-21,-119,0,5,BR:BT-549;BR:HS 578T;BR:MCF7;BR:MDA-MB-231;BR:T-47D,0.378230901780586,FALSE,FALSE,not_patient_scored
actinomycin d,nelarabine,actinomycin d + nelarabine,-48,-48.6,-5,-88,0,5,BR:BT-549;BR:HS 578T;BR:MCF7;BR:MDA-MB-231;BR:T-47D,0.378230901780586,FALSE,FALSE,not_patient_scored
chlorambucil,nelarabine,chlorambucil + nelarabine,2,3.6,55,-42,0.6,5,BR:BT-549;BR:HS 578T;BR:MCF7;BR:MDA-MB-231;BR:T-47D,0.768140915182845,FALSE,FALSE,not_patient_scored
nelarabine,thiotepa,nelarabine + thiotepa,-20,-20.8,32,-54,0.2,5,BR:BT-549;BR:HS 578T;BR:MCF7;BR:MDA-MB-231;BR:T-47D,0.378230901780586,FALSE,FALSE,not_patient_scored
melphalan,nelarabine,melphalan + nelarabine,-5,-0.4,54,-42,0.4,5,BR:BT-549;BR:HS 578T;BR:MCF7;BR:MDA-MB-231;BR:T-47D,0.378230901780586,FALSE,FALSE,not_patient_scored
altretamine,nelarabine,altretamine + nelarabine,-108,-130.4,-73,-236,0,5,BR:BT-549;BR:HS 578T;BR:MCF7;BR:MDA-MB-231;BR:T-47D,0.378230901780586,FALSE,FALSE,not_patient_scored
5-fluorouracil,nelarabine,5-fluorouracil + nelarabine,18,4.4,25,-52,0.8,5,BR:BT-549;BR:HS 578T;BR:MCF7;BR:MDA-MB-231;BR:T-47D,0.878996745165614,TRUE,FALSE,tier_B_one_drug_patient_scored
mithramycin,nelarabine,mithramycin + nelarabine,-26.5,-28.75,-21,-41,0,4,BR:BT-549;BR:HS 578T;BR:MCF7;BR:MDA-MB-231,0.378230901780586,FALSE,FALSE,not_patient_scored
floxuridine,nelarabine,floxuridine + nelarabine,-36,-49,11,-99,0.2,5,BR:BT-549;BR:HS 578T;BR:MCF7;BR:MDA-MB-231;BR:T-47D,0.378230901780586,FALSE,FALSE,not_patient_scored
hydroxyurea,nelarabine,hydroxyurea + nelarabine,-40,-45,8,-112,0.4,5,BR:BT-549;BR:HS 578T;BR:MCF7;BR:MDA-MB-231;BR:T-47D,0.378230901780586,FALSE,FALSE,not_patient_scored
nelarabine,uracil mustard,nelarabine + uracil mustard,99,81,110,16,1,5,BR:BT-549;BR:HS 578T;BR:MCF7;BR:MDA-MB-231;BR:T-47D,0.990044035994639,FALSE,FALSE,not_patient_scored
dacarbazine,nelarabine,dacarbazine + nelarabine,-10,-24.8,14,-65,0.2,5,BR:BT-549;BR:HS 578T;BR:MCF7;BR:MDA-MB-231;BR:T-47D,0.378230901780586,FALSE,FALSE,not_patient_scored
cytarabine,nelarabine,cytarabine + nelarabine,8,3.4,55,-30,0.6,5,BR:BT-549;BR:HS 578T;BR:MCF7;BR:MDA-MB-231;BR:T-47D,0.818973769864063,FALSE,FALSE,not_patient_scored
nelarabine,vincristine,nelarabine + vincristine,-31,-25.8,35,-99,0.4,5,BR:BT-549;BR:HS 578T;BR:MCF7;BR:MDA-MB-231;BR:T-47D,0.378230901780586,FALSE,FALSE,not_patient_scored
megestrol acetate,nelarabine,megestrol acetate + nelarabine,-32,-36,60,-136,0.333333333333333,3,BR:BT-549;BR:MCF7;BR:T-47D,0.378230901780586,FALSE,FALSE,not_patient_scored
lomustine,nelarabine,lomustine + nelarabine,36,43.6,135,-14,0.6,5,BR:BT-549;BR:HS 578T;BR:MCF7;BR:MDA-MB-231;BR:T-47D,0.938828259620908,FALSE,FALSE,not_patient_scored
daunorubicin,nelarabine,daunorubicin + nelarabine,30,25,83,-56,0.6,5,BR:BT-549;BR:HS 578T;BR:MCF7;BR:MDA-MB-231;BR:T-47D,0.923607122343481,FALSE,FALSE,not_patient_scored
cladribine,nelarabine,cladribine + nelarabine,-37,-21.8,38,-56,0.2,5,BR:BT-549;BR:HS 578T;BR:MCF7;BR:MDA-MB-231;BR:T-47D,0.378230901780586,FALSE,FALSE,not_patient_scored
fludarabine,nelarabine,fludarabine + nelarabine,-43,-45.2,-31,-62,0,5,BR:BT-549;BR:HS 578T;BR:MCF7;BR:MDA-MB-231;BR:T-47D,0.378230901780586,FALSE,FALSE,not_patient_scored
isotretinoin,nelarabine,isotretinoin + nelarabine,-65,-75.8,-18,-156,0,5,BR:BT-549;BR:HS 578T;BR:MCF7;BR:MDA-MB-231;BR:T-47D,0.378230901780586,FALSE,FALSE,not_patient_scored
nelarabine,teniposide,nelarabine + teniposide,48,55.6,89,37,1,5,BR:BT-549;BR:HS 578T;BR:MCF7;BR:MDA-MB-231;BR:T-47D,0.958452996362244,FALSE,FALSE,not_patient_scored
bendamustine,nelarabine,bendamustine + nelarabine,-25,-25.8,-5,-44,0,5,BR:BT-549;BR:HS 578T;BR:MCF7;BR:MDA-MB-231;BR:T-47D,0.378230901780586,FALSE,FALSE,not_patient_scored
etoposide,nelarabine,etoposide + nelarabine,6,7.4,61,-35,0.6,5,BR:BT-549;BR:HS 578T;BR:MCF7;BR:MDA-MB-231;BR:T-47D,0.802508137085966,FALSE,FALSE,not_patient_scored
dexrazoxane,nelarabine,dexrazoxane + nelarabine,47,33,103,-43,0.6,5,BR:BT-549;BR:HS 578T;BR:MCF7;BR:MDA-MB-231;BR:T-47D,0.956538387899674,FALSE,FALSE,not_patient_scored
nelarabine,tamoxifen,nelarabine + tamoxifen,-58,-44.6,7,-105,0.4,5,BR:BT-549;BR:HS 578T;BR:MCF7;BR:MDA-MB-231;BR:T-47D,0.378230901780586,FALSE,FALSE,not_patient_scored
carboplatin,nelarabine,carboplatin + nelarabine,-72,-59,-9,-106,0,5,BR:BT-549;BR:HS 578T;BR:MCF7;BR:MDA-MB-231;BR:T-47D,0.378230901780586,FALSE,FALSE,not_patient_scored
mitoxantrone,nelarabine,mitoxantrone + nelarabine,74,58,115,-10,0.8,5,BR:BT-549;BR:HS 578T;BR:MCF7;BR:MDA-MB-231;BR:T-47D,0.982289871721233,FALSE,FALSE,not_patient_scored
nelarabine,temozolomide,nelarabine + temozolomide,-111,-90,-42,-126,0,5,BR:BT-549;BR:HS 578T;BR:MCF7;BR:MDA-MB-231;BR:T-47D,0.378230901780586,FALSE,FALSE,not_patient_scored
nelarabine,vinorelbine,nelarabine + vinorelbine,12,17.6,59,-9,0.6,5,BR:BT-549;BR:HS 578T;BR:MCF7;BR:MDA-MB-231;BR:T-47D,0.847118514263833,FALSE,FALSE,not_patient_scored
nelarabine,pemetrexed,nelarabine + pemetrexed,-22,-23.4,26,-82,0.2,5,BR:BT-549;BR:HS 578T;BR:MCF7;BR:MDA-MB-231;BR:T-47D,0.378230901780586,FALSE,FALSE,not_patient_scored
exemestane,nelarabine,exemestane + nelarabine,74,62.8,132,-7,0.8,5,BR:BT-549;BR:HS 578T;BR:MCF7;BR:MDA-MB-231;BR:T-47D,0.982289871721233,FALSE,FALSE,not_patient_scored
gefitinib,nelarabine,gefitinib + nelarabine,13,0.6,38,-55,0.6,5,BR:BT-549;BR:HS 578T;BR:MCF7;BR:MDA-MB-231;BR:T-47D,0.852766609228413,FALSE,FALSE,not_patient_scored
fulvestrant,nelarabine,fulvestrant + nelarabine,-5.5,-18.7,43,-102,0.3,5,BR:BT-549;BR:HS 578T;BR:MCF7;BR:MDA-MB-231;BR:T-47D,0.378230901780586,FALSE,FALSE,not_patient_scored
anastrozole,nelarabine,anastrozole + nelarabine,-40.5,-55.6,61,-223,0.2,5,BR:BT-549;BR:HS 578T;BR:MCF7;BR:MDA-MB-231;BR:T-47D,0.378230901780586,FALSE,FALSE,not_patient_scored
letrozole,nelarabine,letrozole + nelarabine,-88,-83.2,-25,-126,0,5,BR:BT-549;BR:HS 578T;BR:MCF7;BR:MDA-MB-231;BR:T-47D,0.378230901780586,FALSE,FALSE,not_patient_scored
celecoxib,nelarabine,celecoxib + nelarabine,-28,-8.6,83,-45,0.2,5,BR:BT-549;BR:HS 578T;BR:MCF7;BR:MDA-MB-231;BR:T-47D,0.378230901780586,FALSE,FALSE,not_patient_scored
nelarabine,pazopanib,nelarabine + pazopanib,-40,-52,14,-141,0.2,5,BR:BT-549;BR:HS 578T;BR:MCF7;BR:MDA-MB-231;BR:T-47D,0.378230901780586,FALSE,FALSE,not_patient_scored
imatinib,nelarabine,imatinib + nelarabine,-118,-122.6,-77,-183,0,5,BR:BT-549;BR:HS 578T;BR:MCF7;BR:MDA-MB-231;BR:T-47D,0.378230901780586,FALSE,FALSE,not_patient_scored
nelarabine,nilotinib,nelarabine + nilotinib,-109,-126,-74,-209,0,5,BR:BT-549;BR:HS 578T;BR:MCF7;BR:MDA-MB-231;BR:T-47D,0.378230901780586,FALSE,FALSE,not_patient_scored
lenalidomide,nelarabine,lenalidomide + nelarabine,-53,-53.2,32,-115,0.2,5,BR:BT-549;BR:HS 578T;BR:MCF7;BR:MDA-MB-231;BR:T-47D,0.378230901780586,FALSE,FALSE,not_patient_scored
nelarabine,raloxifene,nelarabine + raloxifene,-43,-29,68,-121,0.4,5,BR:BT-549;BR:HS 578T;BR:MCF7;BR:MDA-MB-231;BR:T-47D,0.378230901780586,FALSE,FALSE,not_patient_scored
abiraterone,nelarabine,abiraterone + nelarabine,-52,-38,11,-68,0.2,5,BR:BT-549;BR:HS 578T;BR:MCF7;BR:MDA-MB-231;BR:T-47D,0.378230901780586,FALSE,FALSE,not_patient_scored
nelarabine,vemurafenib,nelarabine + vemurafenib,-9,-18.4,27,-85,0.2,5,BR:BT-549;BR:HS 578T;BR:MCF7;BR:MDA-MB-231;BR:T-47D,0.378230901780586,FALSE,FALSE,not_patient_scored
nelarabine,vismodegib,nelarabine + vismodegib,-18,-23.2,10,-71,0.2,5,BR:BT-549;BR:HS 578T;BR:MCF7;BR:MDA-MB-231;BR:T-47D,0.378230901780586,FALSE,FALSE,not_patient_scored
crizotinib,nelarabine,crizotinib + nelarabine,-24,-40.6,-11,-127,0,5,BR:BT-549;BR:HS 578T;BR:MCF7;BR:MDA-MB-231;BR:T-47D,0.378230901780586,FALSE,FALSE,not_patient_scored
axitinib,nelarabine,axitinib + nelarabine,-42,-47.8,-22,-81,0,5,BR:BT-549;BR:HS 578T;BR:MCF7;BR:MDA-MB-231;BR:T-47D,0.378230901780586,FALSE,FALSE,not_patient_scored
nelarabine,vandetanib,nelarabine + vandetanib,-2,-17.2,24,-98,0.2,5,BR:BT-549;BR:HS 578T;BR:MCF7;BR:MDA-MB-231;BR:T-47D,0.378230901780586,FALSE,FALSE,not_patient_scored
cabazitaxel,nelarabine,cabazitaxel + nelarabine,-23,-26.4,19,-74,0.2,5,BR:BT-549;BR:HS 578T;BR:MCF7;BR:MDA-MB-231;BR:T-47D,0.378230901780586,FALSE,FALSE,not_patient_scored
nelarabine,ruxolitinib,nelarabine + ruxolitinib,-34,-47.2,-15,-90,0,5,BR:BT-549;BR:HS 578T;BR:MCF7;BR:MDA-MB-231;BR:T-47D,0.378230901780586,FALSE,FALSE,not_patient_scored
pemetrexed,triethylenemelamine,pemetrexed + triethylenemelamine,-28.5,-28.25,1,-57,0.25,4,BR:BT-549;BR:MCF7;BR:MDA-MB-231;BR:T-47D,0.378230901780586,FALSE,FALSE,not_patient_scored
doxorubicin,pemetrexed,doxorubicin + pemetrexed,-19,-22,2,-55,0.2,5,BR:BT-549;BR:HS 578T;BR:MCF7;BR:MDA-MB-231;BR:T-47D,0.378230901780586,TRUE,FALSE,tier_B_one_drug_patient_scored
exemestane,pemetrexed,exemestane + pemetrexed,-25,-24.6,12,-58,0.4,5,BR:BT-549;BR:HS 578T;BR:MCF7;BR:MDA-MB-231;BR:T-47D,0.378230901780586,FALSE,FALSE,not_patient_scored
gefitinib,pemetrexed,gefitinib + pemetrexed,-12,-18.4,17,-58,0.4,5,BR:BT-549;BR:HS 578T;BR:MCF7;BR:MDA-MB-231;BR:T-47D,0.378230901780586,FALSE,FALSE,not_patient_scored
pazopanib,pemetrexed,pazopanib + pemetrexed,-21,-14.8,20,-40,0.2,5,BR:BT-549;BR:HS 578T;BR:MCF7;BR:MDA-MB-231;BR:T-47D,0.378230901780586,FALSE,FALSE,not_patient_scored
lenalidomide,pemetrexed,lenalidomide + pemetrexed,-8,-2.2,27,-18,0.2,5,BR:BT-549;BR:HS 578T;BR:MCF7;BR:MDA-MB-231;BR:T-47D,0.378230901780586,FALSE,FALSE,not_patient_scored
pemetrexed,raloxifene,pemetrexed + raloxifene,-9,-13.4,-4,-30,0,5,BR:BT-549;BR:HS 578T;BR:MCF7;BR:MDA-MB-231;BR:T-47D,0.378230901780586,FALSE,FALSE,not_patient_scored
abiraterone,pemetrexed,abiraterone + pemetrexed,-6,-13.6,18,-63,0.4,5,BR:BT-549;BR:HS 578T;BR:MCF7;BR:MDA-MB-231;BR:T-47D,0.378230901780586,FALSE,FALSE,not_patient_scored
pemetrexed,vemurafenib,pemetrexed + vemurafenib,6,-3.8,41,-58,0.6,5,BR:BT-549;BR:HS 578T;BR:MCF7;BR:MDA-MB-231;BR:T-47D,0.802508137085966,FALSE,FALSE,not_patient_scored
pemetrexed,vismodegib,pemetrexed + vismodegib,-9,10.2,55,-13,0.4,5,BR:BT-549;BR:HS 578T;BR:MCF7;BR:MDA-MB-231;BR:T-47D,0.378230901780586,FALSE,FALSE,not_patient_scored
crizotinib,pemetrexed,crizotinib + pemetrexed,5,-3.8,9,-52,0.7,5,BR:BT-549;BR:HS 578T;BR:MCF7;BR:MDA-MB-231;BR:T-47D,0.793030825196247,FALSE,FALSE,not_patient_scored
axitinib,pemetrexed,axitinib + pemetrexed,-43,-27,57,-95,0.4,5,BR:BT-549;BR:HS 578T;BR:MCF7;BR:MDA-MB-231;BR:T-47D,0.378230901780586,FALSE,FALSE,not_patient_scored
pemetrexed,vandetanib,pemetrexed + vandetanib,8,4.8,27,-29,0.8,5,BR:BT-549;BR:HS 578T;BR:MCF7;BR:MDA-MB-231;BR:T-47D,0.818973769864063,FALSE,FALSE,not_patient_scored
cabazitaxel,pemetrexed,cabazitaxel + pemetrexed,0,4.8,62,-58,0.4,5,BR:BT-549;BR:HS 578T;BR:MCF7;BR:MDA-MB-231;BR:T-47D,0.378230901780586,FALSE,FALSE,not_patient_scored
pemetrexed,ruxolitinib,pemetrexed + ruxolitinib,-43,-30.2,4,-47,0.2,5,BR:BT-549;BR:HS 578T;BR:MCF7;BR:MDA-MB-231;BR:T-47D,0.378230901780586,FALSE,FALSE,not_patient_scored
6 thioguanine,vorinostat,6 thioguanine + vorinostat,-48,-38.6,0,-60,0,5,BR:BT-549;BR:HS 578T;BR:MCF7;BR:MDA-MB-231;BR:T-47D,0.378230901780586,FALSE,FALSE,not_patient_scored
actinomycin d,vorinostat,actinomycin d + vorinostat,-20,-35.4,2,-113,0.2,5,BR:BT-549;BR:HS 578T;BR:MCF7;BR:MDA-MB-231;BR:T-47D,0.378230901780586,FALSE,FALSE,not_patient_scored
chlorambucil,vorinostat,chlorambucil + vorinostat,15,-1,47,-73,0.6,5,BR:BT-549;BR:HS 578T;BR:MCF7;BR:MDA-MB-231;BR:T-47D,0.864541451273215,FALSE,FALSE,not_patient_scored
thiotepa,vorinostat,thiotepa + vorinostat,21,39.8,164,-21,0.6,5,BR:BT-549;BR:HS 578T;BR:MCF7;BR:MDA-MB-231;BR:T-47D,0.892111813134214,FALSE,FALSE,not_patient_scored
melphalan,vorinostat,melphalan + vorinostat,22,-1.6,53,-88,0.6,5,BR:BT-549;BR:HS 578T;BR:MCF7;BR:MDA-MB-231;BR:T-47D,0.896802603867509,FALSE,FALSE,not_patient_scored
altretamine,vorinostat,altretamine + vorinostat,-57,-64,3,-137,0.2,5,BR:BT-549;BR:HS 578T;BR:MCF7;BR:MDA-MB-231;BR:T-47D,0.378230901780586,FALSE,FALSE,not_patient_scored
5-fluorouracil,vorinostat,5-fluorouracil + vorinostat,-18,-16.2,18,-43,0.2,5,BR:BT-549;BR:HS 578T;BR:MCF7;BR:MDA-MB-231;BR:T-47D,0.378230901780586,TRUE,FALSE,tier_B_one_drug_patient_scored
floxuridine,vorinostat,floxuridine + vorinostat,-33,-53.8,14,-161,0.2,5,BR:BT-549;BR:HS 578T;BR:MCF7;BR:MDA-MB-231;BR:T-47D,0.378230901780586,FALSE,FALSE,not_patient_scored
uracil mustard,vorinostat,uracil mustard + vorinostat,41,62.4,156,8,1,5,BR:BT-549;BR:HS 578T;BR:MCF7;BR:MDA-MB-231;BR:T-47D,0.947635458548727,FALSE,FALSE,not_patient_scored
dacarbazine,vorinostat,dacarbazine + vorinostat,-14,-30.8,-7,-93,0,5,BR:BT-549;BR:HS 578T;BR:MCF7;BR:MDA-MB-231;BR:T-47D,0.378230901780586,FALSE,FALSE,not_patient_scored
cytarabine,vorinostat,cytarabine + vorinostat,0,-3.2,110,-83,0.4,5,BR:BT-549;BR:HS 578T;BR:MCF7;BR:MDA-MB-231;BR:T-47D,0.378230901780586,FALSE,FALSE,not_patient_scored
vincristine,vorinostat,vincristine + vorinostat,-29,-29.8,47,-116,0.2,5,BR:BT-549;BR:HS 578T;BR:MCF7;BR:MDA-MB-231;BR:T-47D,0.378230901780586,FALSE,FALSE,not_patient_scored
megestrol acetate,vorinostat,megestrol acetate + vorinostat,-95,-71.4,34,-142,0.2,5,BR:BT-549;BR:HS 578T;BR:MCF7;BR:MDA-MB-231;BR:T-47D,0.378230901780586,FALSE,FALSE,not_patient_scored
lomustine,vorinostat,lomustine + vorinostat,65,62,106,27,1,5,BR:BT-549;BR:HS 578T;BR:MCF7;BR:MDA-MB-231;BR:T-47D,0.97683323760291,FALSE,FALSE,not_patient_scored
daunorubicin,vorinostat,daunorubicin + vorinostat,49,51.8,119,-37,0.8,5,BR:BT-549;BR:HS 578T;BR:MCF7;BR:MDA-MB-231;BR:T-47D,0.959697491862914,FALSE,FALSE,not_patient_scored
azacitidine,vorinostat,azacitidine + vorinostat,-55,-30,80,-73,0.2,5,BR:BT-549;BR:HS 578T;BR:MCF7;BR:MDA-MB-231;BR:T-47D,0.378230901780586,FALSE,FALSE,not_patient_scored
cladribine,vorinostat,cladribine + vorinostat,-5,-3.6,84,-85,0.4,5,BR:BT-549;BR:HS 578T;BR:MCF7;BR:MDA-MB-231;BR:T-47D,0.378230901780586,FALSE,FALSE,not_patient_scored
fludarabine,vorinostat,fludarabine + vorinostat,-47,-27.8,74,-69,0.2,5,BR:BT-549;BR:HS 578T;BR:MCF7;BR:MDA-MB-231;BR:T-47D,0.378230901780586,FALSE,FALSE,not_patient_scored
isotretinoin,vorinostat,isotretinoin + vorinostat,-29,-42,66,-219,0.4,5,BR:BT-549;BR:HS 578T;BR:MCF7;BR:MDA-MB-231;BR:T-47D,0.378230901780586,FALSE,FALSE,not_patient_scored
teniposide,vorinostat,teniposide + vorinostat,61,57.8,87,15,1,5,BR:BT-549;BR:HS 578T;BR:MCF7;BR:MDA-MB-231;BR:T-47D,0.973769864062799,FALSE,FALSE,not_patient_scored
paclitaxel,vorinostat,paclitaxel + vorinostat,-111,-110,-8,-215,0,5,BR:BT-549;BR:HS 578T;BR:MCF7;BR:MDA-MB-231;BR:T-47D,0.378230901780586,TRUE,FALSE,tier_B_one_drug_patient_scored
etoposide,vorinostat,etoposide + vorinostat,25,22.2,64,-14,0.6,5,BR:BT-549;BR:HS 578T;BR:MCF7;BR:MDA-MB-231;BR:T-47D,0.908673176335439,FALSE,FALSE,not_patient_scored
dexrazoxane,vorinostat,dexrazoxane + vorinostat,30,28.6,61,-28,0.8,5,BR:BT-549;BR:HS 578T;BR:MCF7;BR:MDA-MB-231;BR:T-47D,0.923607122343481,FALSE,FALSE,not_patient_scored
tamoxifen,vorinostat,tamoxifen + vorinostat,-4,-6.8,24,-58,0.4,5,BR:BT-549;BR:HS 578T;BR:MCF7;BR:MDA-MB-231;BR:T-47D,0.378230901780586,FALSE,FALSE,not_patient_scored
rapamycin,vorinostat,rapamycin + vorinostat,-61,-39.6,11,-72,0.2,5,BR:BT-549;BR:HS 578T;BR:MCF7;BR:MDA-MB-231;BR:T-47D,0.378230901780586,TRUE,FALSE,tier_B_one_drug_patient_scored
carboplatin,vorinostat,carboplatin + vorinostat,5,-19.6,33,-153,0.6,5,BR:BT-549;BR:HS 578T;BR:MCF7;BR:MDA-MB-231;BR:T-47D,0.793030825196247,FALSE,FALSE,not_patient_scored
valrubicin,vorinostat,valrubicin + vorinostat,234,213,358,26,1,4,BR:BT-549;BR:HS 578T;BR:MCF7;BR:T-47D,0.99875550449933,FALSE,FALSE,not_patient_scored
mitoxantrone,vorinostat,mitoxantrone + vorinostat,66,61.2,123,0,0.8,5,BR:BT-549;BR:HS 578T;BR:MCF7;BR:MDA-MB-231;BR:T-47D,0.977694811411066,FALSE,FALSE,not_patient_scored
temozolomide,vorinostat,temozolomide + vorinostat,-27,-59.2,2,-187,0.2,5,BR:BT-549;BR:HS 578T;BR:MCF7;BR:MDA-MB-231;BR:T-47D,0.378230901780586,FALSE,FALSE,not_patient_scored
clofarabine,vorinostat,clofarabine + vorinostat,-8,-0.8,70,-71,0.4,5,BR:BT-549;BR:HS 578T;BR:MCF7;BR:MDA-MB-231;BR:T-47D,0.378230901780586,FALSE,FALSE,not_patient_scored
vinorelbine,vorinostat,vinorelbine + vorinostat,1,8.4,64,-24,0.6,5,BR:BT-549;BR:HS 578T;BR:MCF7;BR:MDA-MB-231;BR:T-47D,0.759908098793797,FALSE,FALSE,not_patient_scored
gemcitabine,vorinostat,gemcitabine + vorinostat,0,2.8,165,-164,0.4,5,BR:BT-549;BR:HS 578T;BR:MCF7;BR:MDA-MB-231;BR:T-47D,0.378230901780586,TRUE,FALSE,tier_B_one_drug_patient_scored
docetaxel,vorinostat,docetaxel + vorinostat,-25,-24,46,-111,0.2,5,BR:BT-549;BR:HS 578T;BR:MCF7;BR:MDA-MB-231;BR:T-47D,0.378230901780586,TRUE,FALSE,tier_B_one_drug_patient_scored
7 ethyl 10 hydroxycamptothecin,vorinostat,7 ethyl 10 hydroxycamptothecin + vorinostat,-2,18,170,-45,0.4,5,BR:BT-549;BR:HS 578T;BR:MCF7;BR:MDA-MB-231;BR:T-47D,0.378230901780586,FALSE,FALSE,not_patient_scored
nelarabine,vorinostat,nelarabine + vorinostat,-100,-88,0,-183,0,5,BR:BT-549;BR:HS 578T;BR:MCF7;BR:MDA-MB-231;BR:T-47D,0.378230901780586,FALSE,FALSE,not_patient_scored
pemetrexed,vorinostat,pemetrexed + vorinostat,-8,-15.4,1,-54,0.2,5,BR:BT-549;BR:HS 578T;BR:MCF7;BR:MDA-MB-231;BR:T-47D,0.378230901780586,FALSE,FALSE,not_patient_scored
capecitabine,vorinostat,capecitabine + vorinostat,-33,-48,11,-138,0.2,5,BR:BT-549;BR:HS 578T;BR:MCF7;BR:MDA-MB-231;BR:T-47D,0.378230901780586,FALSE,FALSE,not_patient_scored
exemestane,vorinostat,exemestane + vorinostat,53,65,124,2,1,5,BR:BT-549;BR:HS 578T;BR:MCF7;BR:MDA-MB-231;BR:T-47D,0.965824238943136,FALSE,FALSE,not_patient_scored
gefitinib,vorinostat,gefitinib + vorinostat,24,18.2,41,0,0.8,5,BR:BT-549;BR:HS 578T;BR:MCF7;BR:MDA-MB-231;BR:T-47D,0.904843959410301,FALSE,FALSE,not_patient_scored
anastrozole,vorinostat,anastrozole + vorinostat,-38.5,-65.1,31,-293,0.1,5,BR:BT-549;BR:HS 578T;BR:MCF7;BR:MDA-MB-231;BR:T-47D,0.378230901780586,FALSE,FALSE,not_patient_scored
letrozole,vorinostat,letrozole + vorinostat,-51,-93.4,-49,-165,0,5,BR:BT-549;BR:HS 578T;BR:MCF7;BR:MDA-MB-231;BR:T-47D,0.378230901780586,FALSE,FALSE,not_patient_scored
celecoxib,vorinostat,celecoxib + vorinostat,-15,-18.8,24,-66,0.2,5,BR:BT-549;BR:HS 578T;BR:MCF7;BR:MDA-MB-231;BR:T-47D,0.378230901780586,FALSE,FALSE,not_patient_scored
pazopanib,vorinostat,pazopanib + vorinostat,-29,-31.4,-21,-47,0,5,BR:BT-549;BR:HS 578T;BR:MCF7;BR:MDA-MB-231;BR:T-47D,0.378230901780586,FALSE,FALSE,not_patient_scored
imatinib,vorinostat,imatinib + vorinostat,-88,-85.75,-20,-147,0,4,BR:BT-549;BR:HS 578T;BR:MCF7;BR:T-47D,0.378230901780586,FALSE,FALSE,not_patient_scored
nilotinib,vorinostat,nilotinib + vorinostat,-105,-91.8,-9,-178,0,5,BR:BT-549;BR:HS 578T;BR:MCF7;BR:MDA-MB-231;BR:T-47D,0.378230901780586,FALSE,FALSE,not_patient_scored
lenalidomide,vorinostat,lenalidomide + vorinostat,4,-20.8,22,-74,0.6,5,BR:BT-549;BR:HS 578T;BR:MCF7;BR:MDA-MB-231;BR:T-47D,0.783553513306529,FALSE,FALSE,not_patient_scored
raloxifene,vorinostat,raloxifene + vorinostat,-23,-14,69,-71,0.2,5,BR:BT-549;BR:HS 578T;BR:MCF7;BR:MDA-MB-231;BR:T-47D,0.378230901780586,FALSE,FALSE,not_patient_scored
abiraterone,vorinostat,abiraterone + vorinostat,-40,-38.6,-2,-63,0,5,BR:BT-549;BR:HS 578T;BR:MCF7;BR:MDA-MB-231;BR:T-47D,0.378230901780586,FALSE,FALSE,not_patient_scored
vemurafenib,vorinostat,vemurafenib + vorinostat,-28,-28,10,-79,0.2,5,BR:BT-549;BR:HS 578T;BR:MCF7;BR:MDA-MB-231;BR:T-47D,0.378230901780586,FALSE,FALSE,not_patient_scored
depsipeptide,vorinostat,depsipeptide + vorinostat,10,19.8,72,-16,0.6,5,BR:BT-549;BR:HS 578T;BR:MCF7;BR:MDA-MB-231;BR:T-47D,0.835343672219031,FALSE,FALSE,not_patient_scored
vismodegib,vorinostat,vismodegib + vorinostat,3,-4.2,21,-44,0.6,5,BR:BT-549;BR:HS 578T;BR:MCF7;BR:MDA-MB-231;BR:T-47D,0.775895079456251,FALSE,FALSE,not_patient_scored
crizotinib,vorinostat,crizotinib + vorinostat,-37,-25,24,-59,0.4,5,BR:BT-549;BR:HS 578T;BR:MCF7;BR:MDA-MB-231;BR:T-47D,0.378230901780586,FALSE,FALSE,not_patient_scored
axitinib,vorinostat,axitinib + vorinostat,5,-17.2,32,-97,0.6,5,BR:BT-549;BR:HS 578T;BR:MCF7;BR:MDA-MB-231;BR:T-47D,0.793030825196247,FALSE,FALSE,not_patient_scored
vandetanib,vorinostat,vandetanib + vorinostat,-39,-24.2,22,-78,0.4,5,BR:BT-549;BR:HS 578T;BR:MCF7;BR:MDA-MB-231;BR:T-47D,0.378230901780586,FALSE,FALSE,not_patient_scored
cabazitaxel,vorinostat,cabazitaxel + vorinostat,-8,8.2,84,-55,0.4,5,BR:BT-549;BR:HS 578T;BR:MCF7;BR:MDA-MB-231;BR:T-47D,0.378230901780586,FALSE,FALSE,not_patient_scored
ruxolitinib,vorinostat,ruxolitinib + vorinostat,-44,-53.8,-16,-104,0,5,BR:BT-549;BR:HS 578T;BR:MCF7;BR:MDA-MB-231;BR:T-47D,0.378230901780586,FALSE,FALSE,not_patient_scored
estramustine,methotrexate,estramustine + methotrexate,-100.5,-97.75,-45,-145,0,4,BR:BT-549;BR:MCF7;BR:MDA-MB-231;BR:T-47D,0.378230901780586,FALSE,FALSE,not_patient_scored
busulfan,estramustine,busulfan + estramustine,-37,-48,7,-113,0.2,5,BR:BT-549;BR:HS 578T;BR:MCF7;BR:MDA-MB-231;BR:T-47D,0.378230901780586,FALSE,FALSE,not_patient_scored
6 thioguanine,estramustine,6 thioguanine + estramustine,-103,-96.8,-45,-144,0,5,BR:BT-549;BR:HS 578T;BR:MCF7;BR:MDA-MB-231;BR:T-47D,0.378230901780586,FALSE,FALSE,not_patient_scored
6 mercaptopurine,estramustine,6 mercaptopurine + estramustine,-49.5,-69.75,-48,-132,0,4,BR:BT-549;BR:HS 578T;BR:MCF7;BR:T-47D,0.378230901780586,FALSE,FALSE,not_patient_scored
estramustine,nitrogen mustard,estramustine + nitrogen mustard,-145,-136.2,-65,-183,0,5,BR:BT-549;BR:HS 578T;BR:MCF7;BR:MDA-MB-231;BR:T-47D,0.378230901780586,FALSE,FALSE,not_patient_scored
allopurinol,estramustine,allopurinol + estramustine,-22,-28.4,20,-89,0.4,5,BR:BT-549;BR:HS 578T;BR:MCF7;BR:MDA-MB-231;BR:T-47D,0.378230901780586,FALSE,FALSE,not_patient_scored
actinomycin d,estramustine,actinomycin d + estramustine,388,323.4,466,4,1,5,BR:BT-549;BR:HS 578T;BR:MCF7;BR:MDA-MB-231;BR:T-47D,0.999904269576871,FALSE,FALSE,not_patient_scored
chlorambucil,estramustine,chlorambucil + estramustine,-69,-74.2,-15,-117,0,5,BR:BT-549;BR:HS 578T;BR:MCF7;BR:MDA-MB-231;BR:T-47D,0.378230901780586,FALSE,FALSE,not_patient_scored
estramustine,thiotepa,estramustine + thiotepa,-56,-45.2,7,-84,0.2,5,BR:BT-549;BR:HS 578T;BR:MCF7;BR:MDA-MB-231;BR:T-47D,0.378230901780586,FALSE,FALSE,not_patient_scored
estramustine,melphalan,estramustine + melphalan,-57,-60.6,-13,-115,0,5,BR:BT-549;BR:HS 578T;BR:MCF7;BR:MDA-MB-231;BR:T-47D,0.378230901780586,FALSE,FALSE,not_patient_scored
estramustine,triethylenemelamine,estramustine + triethylenemelamine,-50,-72.4,-37,-129,0,5,BR:BT-549;BR:HS 578T;BR:MCF7;BR:MDA-MB-231;BR:T-47D,0.378230901780586,FALSE,FALSE,not_patient_scored
altretamine,estramustine,altretamine + estramustine,-89.5,-98,-41,-172,0,4,BR:BT-549;BR:MCF7;BR:MDA-MB-231;BR:T-47D,0.378230901780586,FALSE,FALSE,not_patient_scored
aminolevulinic acid,estramustine,aminolevulinic acid + estramustine,-80,-87,0,-174,0,5,BR:BT-549;BR:HS 578T;BR:MCF7;BR:MDA-MB-231;BR:T-47D,0.378230901780586,FALSE,FALSE,not_patient_scored
5-fluorouracil,estramustine,5-fluorouracil + estramustine,7,3.2,19,-13,0.6,5,BR:BT-549;BR:HS 578T;BR:MCF7;BR:MDA-MB-231;BR:T-47D,0.810453762205629,TRUE,FALSE,tier_B_one_drug_patient_scored
estramustine,pipobroman,estramustine + pipobroman,-79,-87.4,-24,-204,0,5,BR:BT-549;BR:HS 578T;BR:MCF7;BR:MDA-MB-231;BR:T-47D,0.378230901780586,FALSE,FALSE,not_patient_scored
cyclophosphamide,estramustine,cyclophosphamide + estramustine,-41,-32,19,-68,0.2,5,BR:BT-549;BR:HS 578T;BR:MCF7;BR:MDA-MB-231;BR:T-47D,0.378230901780586,FALSE,FALSE,not_patient_scored
estramustine,mitomycin,estramustine + mitomycin,-53,-40.2,4,-70,0.2,5,BR:BT-549;BR:HS 578T;BR:MCF7;BR:MDA-MB-231;BR:T-47D,0.378230901780586,FALSE,FALSE,not_patient_scored
estramustine,floxuridine,estramustine + floxuridine,-76.5,-72.25,-53,-83,0,4,BR:BT-549;BR:MCF7;BR:MDA-MB-231;BR:T-47D,0.378230901780586,FALSE,FALSE,not_patient_scored
estramustine,hydroxyurea,estramustine + hydroxyurea,-101,-89.2,-35,-123,0,5,BR:BT-549;BR:HS 578T;BR:MCF7;BR:MDA-MB-231;BR:T-47D,0.378230901780586,FALSE,FALSE,not_patient_scored
estramustine,uracil mustard,estramustine + uracil mustard,-84,-90.4,-65,-138,0,5,BR:BT-549;BR:HS 578T;BR:MCF7;BR:MDA-MB-231;BR:T-47D,0.378230901780586,FALSE,FALSE,not_patient_scored
estramustine,mitotane,estramustine + mitotane,-83,-57,30,-106,0.2,5,BR:BT-549;BR:HS 578T;BR:MCF7;BR:MDA-MB-231;BR:T-47D,0.378230901780586,FALSE,FALSE,not_patient_scored
dacarbazine,estramustine,dacarbazine + estramustine,-48,-47,-8,-93,0,5,BR:BT-549;BR:HS 578T;BR:MCF7;BR:MDA-MB-231;BR:T-47D,0.378230901780586,FALSE,FALSE,not_patient_scored
estramustine,methoxsalen,estramustine + methoxsalen,-79,-56.8,30,-139,0.2,5,BR:BT-549;BR:HS 578T;BR:MCF7;BR:MDA-MB-231;BR:T-47D,0.378230901780586,FALSE,FALSE,not_patient_scored
estramustine,vinblastine,estramustine + vinblastine,-68,-54.4,38,-144,0.4,5,BR:BT-549;BR:HS 578T;BR:MCF7;BR:MDA-MB-231;BR:T-47D,0.378230901780586,FALSE,FALSE,not_patient_scored
cytarabine,estramustine,cytarabine + estramustine,-57,-69.6,-44,-107,0,5,BR:BT-549;BR:HS 578T;BR:MCF7;BR:MDA-MB-231;BR:T-47D,0.378230901780586,FALSE,FALSE,not_patient_scored
estramustine,thalidomide,estramustine + thalidomide,-30,-61.2,-4,-136,0,5,BR:BT-549;BR:HS 578T;BR:MCF7;BR:MDA-MB-231;BR:T-47D,0.378230901780586,FALSE,FALSE,not_patient_scored
estramustine,vincristine,estramustine + vincristine,8,-38.4,20,-188,0.6,5,BR:BT-549;BR:HS 578T;BR:MCF7;BR:MDA-MB-231;BR:T-47D,0.818973769864063,FALSE,FALSE,not_patient_scored
estramustine,megestrol acetate,estramustine + megestrol acetate,-54,-98.2,-28,-246,0,5,BR:BT-549;BR:HS 578T;BR:MCF7;BR:MDA-MB-231;BR:T-47D,0.378230901780586,FALSE,FALSE,not_patient_scored
estramustine,procarbazine,estramustine + procarbazine,-7,-23.8,15,-95,0.4,5,BR:BT-549;BR:HS 578T;BR:MCF7;BR:MDA-MB-231;BR:T-47D,0.378230901780586,FALSE,FALSE,not_patient_scored
estramustine,lomustine,estramustine + lomustine,-127,-100,-16,-177,0,5,BR:BT-549;BR:HS 578T;BR:MCF7;BR:MDA-MB-231;BR:T-47D,0.378230901780586,FALSE,FALSE,not_patient_scored
daunorubicin,estramustine,daunorubicin + estramustine,-2,-13.2,24,-91,0.4,5,BR:BT-549;BR:HS 578T;BR:MCF7;BR:MDA-MB-231;BR:T-47D,0.378230901780586,FALSE,FALSE,not_patient_scored
estramustine,streptozocin,estramustine + streptozocin,-15,-26.8,-6,-67,0,5,BR:BT-549;BR:HS 578T;BR:MCF7;BR:MDA-MB-231;BR:T-47D,0.378230901780586,FALSE,FALSE,not_patient_scored
azacitidine,estramustine,azacitidine + estramustine,-43,-48.8,3,-114,0.2,5,BR:BT-549;BR:HS 578T;BR:MCF7;BR:MDA-MB-231;BR:T-47D,0.378230901780586,FALSE,FALSE,not_patient_scored
cladribine,estramustine,cladribine + estramustine,-67,-65.6,-13,-122,0,5,BR:BT-549;BR:HS 578T;BR:MCF7;BR:MDA-MB-231;BR:T-47D,0.378230901780586,FALSE,FALSE,not_patient_scored
estramustine,ifosfamide,estramustine + ifosfamide,-51,-59.8,-29,-118,0,5,BR:BT-549;BR:HS 578T;BR:MCF7;BR:MDA-MB-231;BR:T-47D,0.378230901780586,FALSE,FALSE,not_patient_scored
estramustine,fludarabine,estramustine + fludarabine,-90,-99.4,-62,-162,0,5,BR:BT-549;BR:HS 578T;BR:MCF7;BR:MDA-MB-231;BR:T-47D,0.378230901780586,FALSE,FALSE,not_patient_scored
estramustine,isotretinoin,estramustine + isotretinoin,-16,-30.4,2,-75,0.2,5,BR:BT-549;BR:HS 578T;BR:MCF7;BR:MDA-MB-231;BR:T-47D,0.378230901780586,FALSE,FALSE,not_patient_scored
estramustine,teniposide,estramustine + teniposide,44,37.2,80,-17,0.8,5,BR:BT-549;BR:HS 578T;BR:MCF7;BR:MDA-MB-231;BR:T-47D,0.952709170974536,FALSE,FALSE,not_patient_scored
doxorubicin,estramustine,doxorubicin + estramustine,-80,-89.6,31,-192,0.2,5,BR:BT-549;BR:HS 578T;BR:MCF7;BR:MDA-MB-231;BR:T-47D,0.378230901780586,TRUE,FALSE,tier_B_one_drug_patient_scored
bleomycin,estramustine,bleomycin + estramustine,-38,-31.4,-7,-51,0,5,BR:BT-549;BR:HS 578T;BR:MCF7;BR:MDA-MB-231;BR:T-47D,0.378230901780586,FALSE,FALSE,not_patient_scored
estramustine,paclitaxel,estramustine + paclitaxel,194,234.4,409,134,1,5,BR:BT-549;BR:HS 578T;BR:MCF7;BR:MDA-MB-231;BR:T-47D,0.997798200268045,FALSE,TRUE,tier_B_one_drug_patient_scored
decitabine,estramustine,decitabine + estramustine,-48,-33.6,35,-97,0.4,5,BR:BT-549;BR:HS 578T;BR:MCF7;BR:MDA-MB-231;BR:T-47D,0.378230901780586,FALSE,FALSE,not_patient_scored
bendamustine,estramustine,bendamustine + estramustine,-79,-85,-21,-154,0,5,BR:BT-549;BR:HS 578T;BR:MCF7;BR:MDA-MB-231;BR:T-47D,0.378230901780586,FALSE,FALSE,not_patient_scored
estramustine,etoposide,estramustine + etoposide,-30,-19.4,32,-85,0.4,5,BR:BT-549;BR:HS 578T;BR:MCF7;BR:MDA-MB-231;BR:T-47D,0.378230901780586,FALSE,FALSE,not_patient_scored
dexrazoxane,estramustine,dexrazoxane + estramustine,19,-3.8,36,-62,0.6,5,BR:BT-549;BR:HS 578T;BR:MCF7;BR:MDA-MB-231;BR:T-47D,0.883974727168294,FALSE,FALSE,not_patient_scored
estramustine,pentostatin,estramustine + pentostatin,-27,-38.4,-9,-102,0,5,BR:BT-549;BR:HS 578T;BR:MCF7;BR:MDA-MB-231;BR:T-47D,0.378230901780586,FALSE,FALSE,not_patient_scored
estramustine,rapamycin,estramustine + rapamycin,105,117.2,187,54,1,5,BR:BT-549;BR:HS 578T;BR:MCF7;BR:MDA-MB-231;BR:T-47D,0.99186291403408,FALSE,TRUE,tier_B_one_drug_patient_scored
carboplatin,estramustine,carboplatin + estramustine,-26,-37.4,26,-132,0.2,5,BR:BT-549;BR:HS 578T;BR:MCF7;BR:MDA-MB-231;BR:T-47D,0.378230901780586,FALSE,FALSE,not_patient_scored
estramustine,valrubicin,estramustine + valrubicin,-93.5,-77.5,16,-139,0.25,4,BR:BT-549;BR:MCF7;BR:MDA-MB-231;BR:T-47D,0.378230901780586,FALSE,FALSE,not_patient_scored
estramustine,oxaliplatin,estramustine + oxaliplatin,-23,-45.8,-11,-102,0,5,BR:BT-549;BR:HS 578T;BR:MCF7;BR:MDA-MB-231;BR:T-47D,0.378230901780586,FALSE,FALSE,not_patient_scored
estramustine,mitoxantrone,estramustine + mitoxantrone,-3,-25.8,36,-100,0.2,5,BR:BT-549;BR:HS 578T;BR:MCF7;BR:MDA-MB-231;BR:T-47D,0.378230901780586,FALSE,FALSE,not_patient_scored
amifostine,estramustine,amifostine + estramustine,-60,-66.8,-15,-121,0,5,BR:BT-549;BR:HS 578T;BR:MCF7;BR:MDA-MB-231;BR:T-47D,0.378230901780586,FALSE,FALSE,not_patient_scored
estramustine,temozolomide,estramustine + temozolomide,-91,-83.4,-31,-138,0,5,BR:BT-549;BR:HS 578T;BR:MCF7;BR:MDA-MB-231;BR:T-47D,0.378230901780586,FALSE,FALSE,not_patient_scored
estramustine,imiquimod,estramustine + imiquimod,-45,-60.4,-29,-133,0,5,BR:BT-549;BR:HS 578T;BR:MCF7;BR:MDA-MB-231;BR:T-47D,0.378230901780586,FALSE,FALSE,not_patient_scored
carmustine,estramustine,carmustine + estramustine,-78,-81.6,-47,-120,0,5,BR:BT-549;BR:HS 578T;BR:MCF7;BR:MDA-MB-231;BR:T-47D,0.378230901780586,FALSE,FALSE,not_patient_scored
clofarabine,estramustine,clofarabine + estramustine,-54,-76.8,-24,-135,0,5,BR:BT-549;BR:HS 578T;BR:MCF7;BR:MDA-MB-231;BR:T-47D,0.378230901780586,FALSE,FALSE,not_patient_scored
estramustine,vinorelbine,estramustine + vinorelbine,44,20.8,145,-84,0.6,5,BR:BT-549;BR:HS 578T;BR:MCF7;BR:MDA-MB-231;BR:T-47D,0.952709170974536,FALSE,FALSE,not_patient_scored
estramustine,topotecan,estramustine + topotecan,-61,-89.6,-41,-187,0,5,BR:BT-549;BR:HS 578T;BR:MCF7;BR:MDA-MB-231;BR:T-47D,0.378230901780586,FALSE,FALSE,not_patient_scored
estramustine,gemcitabine,estramustine + gemcitabine,-85,-68.8,10,-162,0.2,5,BR:BT-549;BR:HS 578T;BR:MCF7;BR:MDA-MB-231;BR:T-47D,0.378230901780586,FALSE,TRUE,tier_B_one_drug_patient_scored
docetaxel,estramustine,docetaxel + estramustine,297,306.8,633,6,1,5,BR:BT-549;BR:HS 578T;BR:MCF7;BR:MDA-MB-231;BR:T-47D,0.999521347884358,TRUE,FALSE,tier_B_one_drug_patient_scored
7 ethyl 10 hydroxycamptothecin,estramustine,7 ethyl 10 hydroxycamptothecin + estramustine,-53,-51.6,-10,-100,0,5,BR:BT-549;BR:HS 578T;BR:MCF7;BR:MDA-MB-231;BR:T-47D,0.378230901780586,FALSE,FALSE,not_patient_scored
estramustine,nelarabine,estramustine + nelarabine,-107,-115.8,-33,-260,0,5,BR:BT-549;BR:HS 578T;BR:MCF7;BR:MDA-MB-231;BR:T-47D,0.378230901780586,FALSE,FALSE,not_patient_scored
estramustine,pemetrexed,estramustine + pemetrexed,-34,-40.2,-11,-66,0,5,BR:BT-549;BR:HS 578T;BR:MCF7;BR:MDA-MB-231;BR:T-47D,0.378230901780586,FALSE,FALSE,not_patient_scored
estramustine,vorinostat,estramustine + vorinostat,-102,-79.6,-21,-121,0,5,BR:BT-549;BR:HS 578T;BR:MCF7;BR:MDA-MB-231;BR:T-47D,0.378230901780586,FALSE,FALSE,not_patient_scored
estramustine,exemestane,estramustine + exemestane,-338,-335.8,-315,-352,0,5,BR:BT-549;BR:HS 578T;BR:MCF7;BR:MDA-MB-231;BR:T-47D,0.378230901780586,FALSE,FALSE,not_patient_scored
estramustine,gefitinib,estramustine + gefitinib,-117,-113,-38,-174,0,5,BR:BT-549;BR:HS 578T;BR:MCF7;BR:MDA-MB-231;BR:T-47D,0.378230901780586,FALSE,FALSE,not_patient_scored
anastrozole,estramustine,anastrozole + estramustine,-58,-69,-12,-139,0,5,BR:BT-549;BR:HS 578T;BR:MCF7;BR:MDA-MB-231;BR:T-47D,0.378230901780586,FALSE,FALSE,not_patient_scored
estramustine,letrozole,estramustine + letrozole,-39,-46.4,30,-149,0.2,5,BR:BT-549;BR:HS 578T;BR:MCF7;BR:MDA-MB-231;BR:T-47D,0.378230901780586,FALSE,FALSE,not_patient_scored
celecoxib,estramustine,celecoxib + estramustine,-37,-52.2,-12,-126,0,5,BR:BT-549;BR:HS 578T;BR:MCF7;BR:MDA-MB-231;BR:T-47D,0.378230901780586,FALSE,FALSE,not_patient_scored
estramustine,zoledronate,estramustine + zoledronate,-81,-81.6,-1,-234,0,5,BR:BT-549;BR:HS 578T;BR:MCF7;BR:MDA-MB-231;BR:T-47D,0.378230901780586,FALSE,FALSE,not_patient_scored
dasatinib,estramustine,dasatinib + estramustine,-15,-48.2,28,-142,0.4,5,BR:BT-549;BR:HS 578T;BR:MCF7;BR:MDA-MB-231;BR:T-47D,0.378230901780586,FALSE,FALSE,not_patient_scored
estramustine,everolimus,estramustine + everolimus,95,78,131,4,1,5,BR:BT-549;BR:HS 578T;BR:MCF7;BR:MDA-MB-231;BR:T-47D,0.988703810070841,FALSE,FALSE,not_patient_scored
estramustine,pazopanib,estramustine + pazopanib,9.5,-16.25,34,-118,0.75,4,BR:BT-549;BR:HS 578T;BR:MCF7;BR:MDA-MB-231,0.831993107409535,FALSE,FALSE,not_patient_scored
estramustine,imatinib,estramustine + imatinib,-83,-107.2,-34,-261,0,5,BR:BT-549;BR:HS 578T;BR:MCF7;BR:MDA-MB-231;BR:T-47D,0.378230901780586,FALSE,FALSE,not_patient_scored
estramustine,lapatinib,estramustine + lapatinib,-73,-79.4,-40,-156,0,5,BR:BT-549;BR:HS 578T;BR:MCF7;BR:MDA-MB-231;BR:T-47D,0.378230901780586,FALSE,TRUE,tier_B_one_drug_patient_scored
estramustine,nilotinib,estramustine + nilotinib,-117.5,-120.75,-58,-190,0,4,BR:HS 578T;BR:MCF7;BR:MDA-MB-231;BR:T-47D,0.378230901780586,FALSE,FALSE,not_patient_scored
estramustine,sorafenib,estramustine + sorafenib,-29,-17.6,60,-105,0.4,5,BR:BT-549;BR:HS 578T;BR:MCF7;BR:MDA-MB-231;BR:T-47D,0.378230901780586,FALSE,FALSE,not_patient_scored
estramustine,lenalidomide,estramustine + lenalidomide,-109,-80.6,8,-176,0.2,5,BR:BT-549;BR:HS 578T;BR:MCF7;BR:MDA-MB-231;BR:T-47D,0.378230901780586,FALSE,FALSE,not_patient_scored
estramustine,ixabepilone,estramustine + ixabepilone,-122.5,-134.25,-62,-230,0,4,BR:BT-549;BR:MCF7;BR:MDA-MB-231;BR:T-47D,0.378230901780586,FALSE,FALSE,not_patient_scored
estramustine,raloxifene,estramustine + raloxifene,-85,-92.8,-55,-159,0,5,BR:BT-549;BR:HS 578T;BR:MCF7;BR:MDA-MB-231;BR:T-47D,0.378230901780586,FALSE,FALSE,not_patient_scored
abiraterone,estramustine,abiraterone + estramustine,-88,-72.6,9,-149,0.2,5,BR:BT-549;BR:HS 578T;BR:MCF7;BR:MDA-MB-231;BR:T-47D,0.378230901780586,FALSE,FALSE,not_patient_scored
estramustine,sunitinib,estramustine + sunitinib,-118,-112.4,-25,-216,0,5,BR:BT-549;BR:HS 578T;BR:MCF7;BR:MDA-MB-231;BR:T-47D,0.378230901780586,FALSE,FALSE,not_patient_scored
depsipeptide,estramustine,depsipeptide + estramustine,-11,-31.5,5,-109,0.25,4,BR:BT-549;BR:HS 578T;BR:MCF7;BR:MDA-MB-231,0.378230901780586,FALSE,FALSE,not_patient_scored
estramustine,pralatrexate,estramustine + pralatrexate,-73,-45.4,66,-163,0.4,5,BR:BT-549;BR:HS 578T;BR:MCF7;BR:MDA-MB-231;BR:T-47D,0.378230901780586,FALSE,FALSE,not_patient_scored
estramustine,vismodegib,estramustine + vismodegib,-35,-52.8,-31,-91,0,5,BR:BT-549;BR:HS 578T;BR:MCF7;BR:MDA-MB-231;BR:T-47D,0.378230901780586,FALSE,FALSE,not_patient_scored
crizotinib,estramustine,crizotinib + estramustine,-82,-88.2,-36,-184,0,5,BR:BT-549;BR:HS 578T;BR:MCF7;BR:MDA-MB-231;BR:T-47D,0.378230901780586,FALSE,FALSE,not_patient_scored
axitinib,estramustine,axitinib + estramustine,-55,-66.2,-45,-111,0,5,BR:BT-549;BR:HS 578T;BR:MCF7;BR:MDA-MB-231;BR:T-47D,0.378230901780586,FALSE,FALSE,not_patient_scored
estramustine,vandetanib,estramustine + vandetanib,-77,-81.4,-36,-167,0,5,BR:BT-549;BR:HS 578T;BR:MCF7;BR:MDA-MB-231;BR:T-47D,0.378230901780586,FALSE,FALSE,not_patient_scored
estramustine,ruxolitinib,estramustine + ruxolitinib,-69,-70.4,-53,-94,0,5,BR:BT-549;BR:HS 578T;BR:MCF7;BR:MDA-MB-231;BR:T-47D,0.378230901780586,FALSE,FALSE,not_patient_scored
capecitabine,methotrexate,capecitabine + methotrexate,-44,-34.8,7,-62,0.2,5,BR:BT-549;BR:HS 578T;BR:MCF7;BR:MDA-MB-231;BR:T-47D,0.378230901780586,FALSE,FALSE,not_patient_scored
6 thioguanine,capecitabine,6 thioguanine + capecitabine,-31,-34,-1,-60,0,5,BR:BT-549;BR:HS 578T;BR:MCF7;BR:MDA-MB-231;BR:T-47D,0.378230901780586,FALSE,FALSE,not_patient_scored
6 mercaptopurine,capecitabine,6 mercaptopurine + capecitabine,-22,-55.2,-6,-129,0,5,BR:BT-549;BR:HS 578T;BR:MCF7;BR:MDA-MB-231;BR:T-47D,0.378230901780586,FALSE,FALSE,not_patient_scored
actinomycin d,capecitabine,actinomycin d + capecitabine,-30,-44.6,-20,-89,0,5,BR:BT-549;BR:HS 578T;BR:MCF7;BR:MDA-MB-231;BR:T-47D,0.378230901780586,FALSE,FALSE,not_patient_scored
capecitabine,chlorambucil,capecitabine + chlorambucil,-2,-8.8,19,-47,0.4,5,BR:BT-549;BR:HS 578T;BR:MCF7;BR:MDA-MB-231;BR:T-47D,0.378230901780586,FALSE,FALSE,not_patient_scored
capecitabine,thiotepa,capecitabine + thiotepa,-43,-39,-16,-55,0,5,BR:BT-549;BR:HS 578T;BR:MCF7;BR:MDA-MB-231;BR:T-47D,0.378230901780586,FALSE,FALSE,not_patient_scored
capecitabine,melphalan,capecitabine + melphalan,-5,1,31,-14,0.2,5,BR:BT-549;BR:HS 578T;BR:MCF7;BR:MDA-MB-231;BR:T-47D,0.378230901780586,FALSE,FALSE,not_patient_scored
altretamine,capecitabine,altretamine + capecitabine,-40,-59.4,-26,-119,0,5,BR:BT-549;BR:HS 578T;BR:MCF7;BR:MDA-MB-231;BR:T-47D,0.378230901780586,FALSE,FALSE,not_patient_scored
5-fluorouracil,capecitabine,5-fluorouracil + capecitabine,2,6.8,20,-2,0.6,5,BR:BT-549;BR:HS 578T;BR:MCF7;BR:MDA-MB-231;BR:T-47D,0.768140915182845,TRUE,FALSE,tier_B_one_drug_patient_scored
capecitabine,mithramycin,capecitabine + mithramycin,-42,-44,-17,-75,0,4,BR:BT-549;BR:HS 578T;BR:MCF7;BR:MDA-MB-231,0.378230901780586,FALSE,FALSE,not_patient_scored
capecitabine,floxuridine,capecitabine + floxuridine,-43,-27.6,41,-61,0.2,5,BR:BT-549;BR:HS 578T;BR:MCF7;BR:MDA-MB-231;BR:T-47D,0.378230901780586,FALSE,FALSE,not_patient_scored
capecitabine,hydroxyurea,capecitabine + hydroxyurea,-45,-57.4,-9,-158,0,5,BR:BT-549;BR:HS 578T;BR:MCF7;BR:MDA-MB-231;BR:T-47D,0.378230901780586,FALSE,FALSE,not_patient_scored
capecitabine,uracil mustard,capecitabine + uracil mustard,41,38.8,42,34,1,5,BR:BT-549;BR:HS 578T;BR:MCF7;BR:MDA-MB-231;BR:T-47D,0.947635458548727,FALSE,FALSE,not_patient_scored
capecitabine,dacarbazine,capecitabine + dacarbazine,-17,-13.8,6,-26,0.2,5,BR:BT-549;BR:HS 578T;BR:MCF7;BR:MDA-MB-231;BR:T-47D,0.378230901780586,FALSE,FALSE,not_patient_scored
capecitabine,vinblastine,capecitabine + vinblastine,-76,-54.8,7,-118,0.2,5,BR:BT-549;BR:HS 578T;BR:MCF7;BR:MDA-MB-231;BR:T-47D,0.378230901780586,FALSE,FALSE,not_patient_scored
capecitabine,cytarabine,capecitabine + cytarabine,-38,-20.8,11,-48,0.4,5,BR:BT-549;BR:HS 578T;BR:MCF7;BR:MDA-MB-231;BR:T-47D,0.378230901780586,FALSE,FALSE,not_patient_scored
capecitabine,vincristine,capecitabine + vincristine,-8,19.2,123,-58,0.4,5,BR:BT-549;BR:HS 578T;BR:MCF7;BR:MDA-MB-231;BR:T-47D,0.378230901780586,FALSE,FALSE,not_patient_scored
capecitabine,megestrol acetate,capecitabine + megestrol acetate,-80,-60.6,30,-128,0.2,5,BR:BT-549;BR:HS 578T;BR:MCF7;BR:MDA-MB-231;BR:T-47D,0.378230901780586,FALSE,FALSE,not_patient_scored
capecitabine,lomustine,capecitabine + lomustine,59,50.8,81,3,1,5,BR:BT-549;BR:HS 578T;BR:MCF7;BR:MDA-MB-231;BR:T-47D,0.972142446869615,FALSE,FALSE,not_patient_scored
capecitabine,daunorubicin,capecitabine + daunorubicin,57,55.8,97,14,1,5,BR:BT-549;BR:HS 578T;BR:MCF7;BR:MDA-MB-231;BR:T-47D,0.970227838407046,FALSE,FALSE,not_patient_scored
capecitabine,cladribine,capecitabine + cladribine,-25,-43,-14,-85,0,5,BR:BT-549;BR:HS 578T;BR:MCF7;BR:MDA-MB-231;BR:T-47D,0.378230901780586,FALSE,FALSE,not_patient_scored
capecitabine,fludarabine,capecitabine + fludarabine,-26,-31.2,-8,-64,0,5,BR:BT-549;BR:HS 578T;BR:MCF7;BR:MDA-MB-231;BR:T-47D,0.378230901780586,FALSE,FALSE,not_patient_scored
capecitabine,isotretinoin,capecitabine + isotretinoin,-22,-27.6,20,-69,0.2,5,BR:BT-549;BR:HS 578T;BR:MCF7;BR:MDA-MB-231;BR:T-47D,0.378230901780586,FALSE,FALSE,not_patient_scored
capecitabine,teniposide,capecitabine + teniposide,47,60.4,98,27,1,5,BR:BT-549;BR:HS 578T;BR:MCF7;BR:MDA-MB-231;BR:T-47D,0.956538387899674,FALSE,FALSE,not_patient_scored
bendamustine,capecitabine,bendamustine + capecitabine,-22,-48.8,17,-134,0.2,5,BR:BT-549;BR:HS 578T;BR:MCF7;BR:MDA-MB-231;BR:T-47D,0.378230901780586,FALSE,FALSE,not_patient_scored
capecitabine,etoposide,capecitabine + etoposide,18,16.4,47,-16,0.8,5,BR:BT-549;BR:HS 578T;BR:MCF7;BR:MDA-MB-231;BR:T-47D,0.878996745165614,FALSE,FALSE,not_patient_scored
capecitabine,dexrazoxane,capecitabine + dexrazoxane,22,18.8,60,-37,0.8,5,BR:BT-549;BR:HS 578T;BR:MCF7;BR:MDA-MB-231;BR:T-47D,0.896802603867509,FALSE,FALSE,not_patient_scored
capecitabine,tamoxifen,capecitabine + tamoxifen,-33,-33.2,14,-87,0.4,5,BR:BT-549;BR:HS 578T;BR:MCF7;BR:MDA-MB-231;BR:T-47D,0.378230901780586,FALSE,FALSE,not_patient_scored
capecitabine,carboplatin,capecitabine + carboplatin,-53,-59.2,-28,-94,0,5,BR:BT-549;BR:HS 578T;BR:MCF7;BR:MDA-MB-231;BR:T-47D,0.378230901780586,FALSE,FALSE,not_patient_scored
capecitabine,valrubicin,capecitabine + valrubicin,-2,-8.4,66,-147,0.4,5,BR:BT-549;BR:HS 578T;BR:MCF7;BR:MDA-MB-231;BR:T-47D,0.378230901780586,FALSE,FALSE,not_patient_scored
capecitabine,mitoxantrone,capecitabine + mitoxantrone,57,60.8,107,25,1,5,BR:BT-549;BR:HS 578T;BR:MCF7;BR:MDA-MB-231;BR:T-47D,0.970227838407046,FALSE,FALSE,not_patient_scored
capecitabine,temozolomide,capecitabine + temozolomide,-107,-110,-28,-189,0,5,BR:BT-549;BR:HS 578T;BR:MCF7;BR:MDA-MB-231;BR:T-47D,0.378230901780586,FALSE,FALSE,not_patient_scored
capecitabine,vinorelbine,capecitabine + vinorelbine,51,43.2,106,2,1,5,BR:BT-549;BR:HS 578T;BR:MCF7;BR:MDA-MB-231;BR:T-47D,0.962952326249282,FALSE,FALSE,not_patient_scored
capecitabine,nelarabine,capecitabine + nelarabine,-83,-105,-42,-201,0,5,BR:BT-549;BR:HS 578T;BR:MCF7;BR:MDA-MB-231;BR:T-47D,0.378230901780586,FALSE,FALSE,not_patient_scored
capecitabine,pemetrexed,capecitabine + pemetrexed,-13,-24.2,-1,-64,0,5,BR:BT-549;BR:HS 578T;BR:MCF7;BR:MDA-MB-231;BR:T-47D,0.378230901780586,FALSE,FALSE,not_patient_scored
capecitabine,exemestane,capecitabine + exemestane,55,51.6,104,1,1,5,BR:BT-549;BR:HS 578T;BR:MCF7;BR:MDA-MB-231;BR:T-47D,0.968313229944476,FALSE,FALSE,not_patient_scored
capecitabine,gefitinib,capecitabine + gefitinib,26,27,62,-15,0.8,5,BR:BT-549;BR:HS 578T;BR:MCF7;BR:MDA-MB-231;BR:T-47D,0.911640819452422,FALSE,FALSE,not_patient_scored
capecitabine,fulvestrant,capecitabine + fulvestrant,-61,-73,50,-205,0.222222222222222,5,BR:BT-549;BR:HS 578T;BR:MCF7;BR:MDA-MB-231;BR:T-47D,0.378230901780586,FALSE,FALSE,not_patient_scored
anastrozole,capecitabine,anastrozole + capecitabine,-70.5,-108.3,-43,-259,0,5,BR:BT-549;BR:HS 578T;BR:MCF7;BR:MDA-MB-231;BR:T-47D,0.378230901780586,FALSE,FALSE,not_patient_scored
capecitabine,letrozole,capecitabine + letrozole,-73,-91.2,-46,-151,0,5,BR:BT-549;BR:HS 578T;BR:MCF7;BR:MDA-MB-231;BR:T-47D,0.378230901780586,FALSE,FALSE,not_patient_scored
capecitabine,celecoxib,capecitabine + celecoxib,-34,-21.4,134,-146,0.2,5,BR:BT-549;BR:HS 578T;BR:MCF7;BR:MDA-MB-231;BR:T-47D,0.378230901780586,FALSE,FALSE,not_patient_scored
capecitabine,pazopanib,capecitabine + pazopanib,-11,-24,25,-73,0.2,5,BR:BT-549;BR:HS 578T;BR:MCF7;BR:MDA-MB-231;BR:T-47D,0.378230901780586,FALSE,FALSE,not_patient_scored
capecitabine,imatinib,capecitabine + imatinib,-103,-116,-44,-190,0,5,BR:BT-549;BR:HS 578T;BR:MCF7;BR:MDA-MB-231;BR:T-47D,0.378230901780586,FALSE,FALSE,not_patient_scored
capecitabine,nilotinib,capecitabine + nilotinib,-142,-143.8,-67,-226,0,5,BR:BT-549;BR:HS 578T;BR:MCF7;BR:MDA-MB-231;BR:T-47D,0.378230901780586,FALSE,FALSE,not_patient_scored
capecitabine,lenalidomide,capecitabine + lenalidomide,-8,-22.4,8,-100,0.2,5,BR:BT-549;BR:HS 578T;BR:MCF7;BR:MDA-MB-231;BR:T-47D,0.378230901780586,FALSE,FALSE,not_patient_scored
capecitabine,raloxifene,capecitabine + raloxifene,-67,-43.8,7,-73,0.2,5,BR:BT-549;BR:HS 578T;BR:MCF7;BR:MDA-MB-231;BR:T-47D,0.378230901780586,FALSE,FALSE,not_patient_scored
abiraterone,capecitabine,abiraterone + capecitabine,-18,-25.8,26,-88,0.2,5,BR:BT-549;BR:HS 578T;BR:MCF7;BR:MDA-MB-231;BR:T-47D,0.378230901780586,FALSE,FALSE,not_patient_scored
capecitabine,vemurafenib,capecitabine + vemurafenib,-30,-19.4,63,-75,0.2,5,BR:BT-549;BR:HS 578T;BR:MCF7;BR:MDA-MB-231;BR:T-47D,0.378230901780586,FALSE,FALSE,not_patient_scored
capecitabine,vismodegib,capecitabine + vismodegib,-25,-12.8,45,-58,0.4,5,BR:BT-549;BR:HS 578T;BR:MCF7;BR:MDA-MB-231;BR:T-47D,0.378230901780586,FALSE,FALSE,not_patient_scored
capecitabine,crizotinib,capecitabine + crizotinib,-6,-19.6,7,-54,0.2,5,BR:BT-549;BR:HS 578T;BR:MCF7;BR:MDA-MB-231;BR:T-47D,0.378230901780586,FALSE,FALSE,not_patient_scored
axitinib,capecitabine,axitinib + capecitabine,-11,-19.4,48,-90,0.2,5,BR:BT-549;BR:HS 578T;BR:MCF7;BR:MDA-MB-231;BR:T-47D,0.378230901780586,FALSE,FALSE,not_patient_scored
capecitabine,vandetanib,capecitabine + vandetanib,4,-10.8,47,-86,0.6,5,BR:BT-549;BR:HS 578T;BR:MCF7;BR:MDA-MB-231;BR:T-47D,0.783553513306529,FALSE,FALSE,not_patient_scored
cabazitaxel,capecitabine,cabazitaxel + capecitabine,51,36.4,74,-6,0.8,5,BR:BT-549;BR:HS 578T;BR:MCF7;BR:MDA-MB-231;BR:T-47D,0.962952326249282,FALSE,FALSE,not_patient_scored
capecitabine,ruxolitinib,capecitabine + ruxolitinib,-46,-40.6,22,-107,0.2,5,BR:BT-549;BR:HS 578T;BR:MCF7;BR:MDA-MB-231;BR:T-47D,0.378230901780586,FALSE,FALSE,not_patient_scored
exemestane,triethylenemelamine,exemestane + triethylenemelamine,-9,8.5,80,-28,0.25,4,BR:BT-549;BR:HS 578T;BR:MCF7;BR:T-47D,0.378230901780586,FALSE,FALSE,not_patient_scored
doxorubicin,exemestane,doxorubicin + exemestane,-39,-42.5,-24,-68,0,4,BR:BT-549;BR:HS 578T;BR:MCF7;BR:T-47D,0.378230901780586,TRUE,FALSE,tier_B_one_drug_patient_scored
exemestane,gefitinib,exemestane + gefitinib,-1,-3.8,38,-32,0.4,5,BR:BT-549;BR:HS 578T;BR:MCF7;BR:MDA-MB-231;BR:T-47D,0.378230901780586,FALSE,FALSE,not_patient_scored
exemestane,pazopanib,exemestane + pazopanib,9,2,34,-28,0.6,5,BR:BT-549;BR:HS 578T;BR:MCF7;BR:MDA-MB-231;BR:T-47D,0.827685238368754,FALSE,FALSE,not_patient_scored
exemestane,lenalidomide,exemestane + lenalidomide,-11,-8.8,37,-41,0.4,5,BR:BT-549;BR:HS 578T;BR:MCF7;BR:MDA-MB-231;BR:T-47D,0.378230901780586,FALSE,FALSE,not_patient_scored
exemestane,raloxifene,exemestane + raloxifene,-28,-20.2,39,-66,0.2,5,BR:BT-549;BR:HS 578T;BR:MCF7;BR:MDA-MB-231;BR:T-47D,0.378230901780586,FALSE,FALSE,not_patient_scored
abiraterone,exemestane,abiraterone + exemestane,-19,-21.4,6,-59,0.2,5,BR:BT-549;BR:HS 578T;BR:MCF7;BR:MDA-MB-231;BR:T-47D,0.378230901780586,FALSE,FALSE,not_patient_scored
exemestane,vemurafenib,exemestane + vemurafenib,-8.5,-10.2,9,-27,0.2,5,BR:BT-549;BR:HS 578T;BR:MCF7;BR:MDA-MB-231;BR:T-47D,0.378230901780586,FALSE,FALSE,not_patient_scored
exemestane,vismodegib,exemestane + vismodegib,12,5.8,36,-19,0.6,5,BR:BT-549;BR:HS 578T;BR:MCF7;BR:MDA-MB-231;BR:T-47D,0.847118514263833,FALSE,FALSE,not_patient_scored
crizotinib,exemestane,crizotinib + exemestane,-4.5,-6.3,41,-40,0.4,5,BR:BT-549;BR:HS 578T;BR:MCF7;BR:MDA-MB-231;BR:T-47D,0.378230901780586,FALSE,FALSE,not_patient_scored
axitinib,exemestane,axitinib + exemestane,-20,-28.2,3,-95,0.2,5,BR:BT-549;BR:HS 578T;BR:MCF7;BR:MDA-MB-231;BR:T-47D,0.378230901780586,FALSE,FALSE,not_patient_scored
exemestane,vandetanib,exemestane + vandetanib,-1,-0.4,23,-39,0.4,5,BR:BT-549;BR:HS 578T;BR:MCF7;BR:MDA-MB-231;BR:T-47D,0.378230901780586,FALSE,FALSE,not_patient_scored
cabazitaxel,exemestane,cabazitaxel + exemestane,19,29.4,55,10,1,5,BR:BT-549;BR:HS 578T;BR:MCF7;BR:MDA-MB-231;BR:T-47D,0.883974727168294,FALSE,FALSE,not_patient_scored
exemestane,ruxolitinib,exemestane + ruxolitinib,-37,-34,-8,-66,0,5,BR:BT-549;BR:HS 578T;BR:MCF7;BR:MDA-MB-231;BR:T-47D,0.378230901780586,FALSE,FALSE,not_patient_scored
gefitinib,triethylenemelamine,gefitinib + triethylenemelamine,35.5,24.5,63,-36,0.75,4,BR:BT-549;BR:HS 578T;BR:MCF7;BR:T-47D,0.937392303273981,FALSE,FALSE,not_patient_scored
doxorubicin,gefitinib,doxorubicin + gefitinib,5,-9.25,26,-73,0.75,4,BR:BT-549;BR:HS 578T;BR:MCF7;BR:T-47D,0.793030825196247,TRUE,FALSE,tier_B_one_drug_patient_scored
gefitinib,pazopanib,gefitinib + pazopanib,67,84.8,167,20,1,5,BR:BT-549;BR:HS 578T;BR:MCF7;BR:MDA-MB-231;BR:T-47D,0.978269193949837,FALSE,FALSE,not_patient_scored
gefitinib,lenalidomide,gefitinib + lenalidomide,-12,-4,45,-28,0.2,5,BR:BT-549;BR:HS 578T;BR:MCF7;BR:MDA-MB-231;BR:T-47D,0.378230901780586,FALSE,FALSE,not_patient_scored
gefitinib,raloxifene,gefitinib + raloxifene,36,10,52,-52,0.6,5,BR:BT-549;BR:HS 578T;BR:MCF7;BR:MDA-MB-231;BR:T-47D,0.938828259620908,FALSE,FALSE,not_patient_scored
abiraterone,gefitinib,abiraterone + gefitinib,30,27.8,57,-23,0.8,5,BR:BT-549;BR:HS 578T;BR:MCF7;BR:MDA-MB-231;BR:T-47D,0.923607122343481,FALSE,FALSE,not_patient_scored
gefitinib,vemurafenib,gefitinib + vemurafenib,14,26.1,72,-20,0.8,5,BR:BT-549;BR:HS 578T;BR:MCF7;BR:MDA-MB-231;BR:T-47D,0.858989086731763,FALSE,FALSE,not_patient_scored
gefitinib,vismodegib,gefitinib + vismodegib,42,41.8,117,-37,0.8,5,BR:BT-549;BR:HS 578T;BR:MCF7;BR:MDA-MB-231;BR:T-47D,0.949645797434425,FALSE,FALSE,not_patient_scored
crizotinib,gefitinib,crizotinib + gefitinib,23.5,23.3,113,-44,0.6,5,BR:BT-549;BR:HS 578T;BR:MCF7;BR:MDA-MB-231;BR:T-47D,0.902833620524603,FALSE,FALSE,not_patient_scored
axitinib,gefitinib,axitinib + gefitinib,35,9,47,-100,0.8,5,BR:BT-549;BR:HS 578T;BR:MCF7;BR:MDA-MB-231;BR:T-47D,0.936434999042696,FALSE,FALSE,not_patient_scored
gefitinib,vandetanib,gefitinib + vandetanib,12,20.4,49,-8,0.8,5,BR:BT-549;BR:HS 578T;BR:MCF7;BR:MDA-MB-231;BR:T-47D,0.847118514263833,FALSE,FALSE,not_patient_scored
cabazitaxel,gefitinib,cabazitaxel + gefitinib,108,93.2,125,39,1,5,BR:BT-549;BR:HS 578T;BR:MCF7;BR:MDA-MB-231;BR:T-47D,0.992533026995979,FALSE,FALSE,not_patient_scored
gefitinib,ruxolitinib,gefitinib + ruxolitinib,-10,9.8,64,-27,0.4,5,BR:BT-549;BR:HS 578T;BR:MCF7;BR:MDA-MB-231;BR:T-47D,0.378230901780586,FALSE,FALSE,not_patient_scored
erlotinib,methotrexate,erlotinib + methotrexate,-39,-48,2,-105,0.2,5,BR:BT-549;BR:HS 578T;BR:MCF7;BR:MDA-MB-231;BR:T-47D,0.378230901780586,FALSE,FALSE,not_patient_scored
busulfan,erlotinib,busulfan + erlotinib,12,10.6,68,-33,0.6,5,BR:BT-549;BR:HS 578T;BR:MCF7;BR:MDA-MB-231;BR:T-47D,0.847118514263833,FALSE,FALSE,not_patient_scored
6 thioguanine,erlotinib,6 thioguanine + erlotinib,-8,-21.2,-5,-59,0,5,BR:BT-549;BR:HS 578T;BR:MCF7;BR:MDA-MB-231;BR:T-47D,0.378230901780586,FALSE,FALSE,not_patient_scored
6 mercaptopurine,erlotinib,6 mercaptopurine + erlotinib,-39,-49.4,-21,-113,0,5,BR:BT-549;BR:HS 578T;BR:MCF7;BR:MDA-MB-231;BR:T-47D,0.378230901780586,FALSE,FALSE,not_patient_scored
erlotinib,nitrogen mustard,erlotinib + nitrogen mustard,-54,-41.6,3,-72,0.2,5,BR:BT-549;BR:HS 578T;BR:MCF7;BR:MDA-MB-231;BR:T-47D,0.378230901780586,FALSE,FALSE,not_patient_scored
allopurinol,erlotinib,allopurinol + erlotinib,-10,-17.2,13,-43,0.2,5,BR:BT-549;BR:HS 578T;BR:MCF7;BR:MDA-MB-231;BR:T-47D,0.378230901780586,FALSE,FALSE,not_patient_scored
actinomycin d,erlotinib,actinomycin d + erlotinib,-36,-46.8,-6,-94,0,5,BR:BT-549;BR:HS 578T;BR:MCF7;BR:MDA-MB-231;BR:T-47D,0.378230901780586,FALSE,FALSE,not_patient_scored
chlorambucil,erlotinib,chlorambucil + erlotinib,20,18,35,4,1,5,BR:BT-549;BR:HS 578T;BR:MCF7;BR:MDA-MB-231;BR:T-47D,0.888091135362818,FALSE,FALSE,not_patient_scored
erlotinib,thiotepa,erlotinib + thiotepa,-44,-47.4,-30,-75,0,5,BR:BT-549;BR:HS 578T;BR:MCF7;BR:MDA-MB-231;BR:T-47D,0.378230901780586,FALSE,FALSE,not_patient_scored
erlotinib,melphalan,erlotinib + melphalan,5,-0.8,43,-44,0.6,5,BR:BT-549;BR:HS 578T;BR:MCF7;BR:MDA-MB-231;BR:T-47D,0.793030825196247,FALSE,FALSE,not_patient_scored
erlotinib,triethylenemelamine,erlotinib + triethylenemelamine,-44,-52.6,-39,-77,0,5,BR:BT-549;BR:HS 578T;BR:MCF7;BR:MDA-MB-231;BR:T-47D,0.378230901780586,FALSE,FALSE,not_patient_scored
altretamine,erlotinib,altretamine + erlotinib,-21,-41.8,36,-144,0.2,5,BR:BT-549;BR:HS 578T;BR:MCF7;BR:MDA-MB-231;BR:T-47D,0.378230901780586,FALSE,FALSE,not_patient_scored
acrichine,erlotinib,acrichine + erlotinib,-19,22.4,140,-77,0.4,5,BR:BT-549;BR:HS 578T;BR:MCF7;BR:MDA-MB-231;BR:T-47D,0.378230901780586,FALSE,FALSE,not_patient_scored
aminolevulinic acid,erlotinib,aminolevulinic acid + erlotinib,-6,-8.4,30,-45,0.4,5,BR:BT-549;BR:HS 578T;BR:MCF7;BR:MDA-MB-231;BR:T-47D,0.378230901780586,FALSE,FALSE,not_patient_scored
5-fluorouracil,erlotinib,5-fluorouracil + erlotinib,-2,-0.8,6,-9,0.4,5,BR:BT-549;BR:HS 578T;BR:MCF7;BR:MDA-MB-231;BR:T-47D,0.378230901780586,TRUE,FALSE,tier_B_one_drug_patient_scored
erlotinib,mithramycin,erlotinib + mithramycin,-24,-27,-10,-55,0,5,BR:BT-549;BR:HS 578T;BR:MCF7;BR:MDA-MB-231;BR:T-47D,0.378230901780586,FALSE,FALSE,not_patient_scored
erlotinib,pipobroman,erlotinib + pipobroman,-27,-23.6,2,-53,0.2,5,BR:BT-549;BR:HS 578T;BR:MCF7;BR:MDA-MB-231;BR:T-47D,0.378230901780586,FALSE,FALSE,not_patient_scored
cyclophosphamide,erlotinib,cyclophosphamide + erlotinib,-32,-46.2,12,-116,0.2,5,BR:BT-549;BR:HS 578T;BR:MCF7;BR:MDA-MB-231;BR:T-47D,0.378230901780586,FALSE,FALSE,not_patient_scored
erlotinib,mitomycin,erlotinib + mitomycin,-8,-24.8,18,-91,0.4,5,BR:BT-549;BR:HS 578T;BR:MCF7;BR:MDA-MB-231;BR:T-47D,0.378230901780586,FALSE,FALSE,not_patient_scored
erlotinib,floxuridine,erlotinib + floxuridine,-44,-35,12,-63,0.2,5,BR:BT-549;BR:HS 578T;BR:MCF7;BR:MDA-MB-231;BR:T-47D,0.378230901780586,FALSE,FALSE,not_patient_scored
erlotinib,hydroxyurea,erlotinib + hydroxyurea,-47,-53.6,6,-112,0.2,5,BR:BT-549;BR:HS 578T;BR:MCF7;BR:MDA-MB-231;BR:T-47D,0.378230901780586,FALSE,FALSE,not_patient_scored
erlotinib,uracil mustard,erlotinib + uracil mustard,30,32.4,55,2,1,5,BR:BT-549;BR:HS 578T;BR:MCF7;BR:MDA-MB-231;BR:T-47D,0.923607122343481,FALSE,FALSE,not_patient_scored
erlotinib,mitotane,erlotinib + mitotane,-65,-57.8,-13,-76,0,5,BR:BT-549;BR:HS 578T;BR:MCF7;BR:MDA-MB-231;BR:T-47D,0.378230901780586,FALSE,FALSE,not_patient_scored
dacarbazine,erlotinib,dacarbazine + erlotinib,-2,4,62,-30,0.4,5,BR:BT-549;BR:HS 578T;BR:MCF7;BR:MDA-MB-231;BR:T-47D,0.378230901780586,FALSE,FALSE,not_patient_scored
erlotinib,methoxsalen,erlotinib + methoxsalen,-26,-34.4,12,-76,0.2,5,BR:BT-549;BR:HS 578T;BR:MCF7;BR:MDA-MB-231;BR:T-47D,0.378230901780586,FALSE,FALSE,not_patient_scored
erlotinib,vinblastine,erlotinib + vinblastine,-63,-65.8,-40,-105,0,5,BR:BT-549;BR:HS 578T;BR:MCF7;BR:MDA-MB-231;BR:T-47D,0.378230901780586,FALSE,FALSE,not_patient_scored
cytarabine,erlotinib,cytarabine + erlotinib,-14,-20,9,-57,0.2,5,BR:BT-549;BR:HS 578T;BR:MCF7;BR:MDA-MB-231;BR:T-47D,0.378230901780586,FALSE,FALSE,not_patient_scored
erlotinib,thalidomide,erlotinib + thalidomide,-22,-13,55,-63,0.2,5,BR:BT-549;BR:HS 578T;BR:MCF7;BR:MDA-MB-231;BR:T-47D,0.378230901780586,FALSE,FALSE,not_patient_scored
erlotinib,vincristine,erlotinib + vincristine,-36,1.2,88,-54,0.4,5,BR:BT-549;BR:HS 578T;BR:MCF7;BR:MDA-MB-231;BR:T-47D,0.378230901780586,FALSE,FALSE,not_patient_scored
erlotinib,megestrol acetate,erlotinib + megestrol acetate,9,-36.8,55,-173,0.6,5,BR:BT-549;BR:HS 578T;BR:MCF7;BR:MDA-MB-231;BR:T-47D,0.827685238368754,FALSE,FALSE,not_patient_scored
erlotinib,procarbazine,erlotinib + procarbazine,21,2.2,38,-76,0.8,5,BR:BT-549;BR:HS 578T;BR:MCF7;BR:MDA-MB-231;BR:T-47D,0.892111813134214,FALSE,FALSE,not_patient_scored
erlotinib,lomustine,erlotinib + lomustine,60,65.6,88,56,1,5,BR:BT-549;BR:HS 578T;BR:MCF7;BR:MDA-MB-231;BR:T-47D,0.973004020677771,FALSE,FALSE,not_patient_scored
daunorubicin,erlotinib,daunorubicin + erlotinib,62,55,116,-25,0.8,5,BR:BT-549;BR:HS 578T;BR:MCF7;BR:MDA-MB-231;BR:T-47D,0.974631437870955,FALSE,FALSE,not_patient_scored
erlotinib,streptozocin,erlotinib + streptozocin,-29,-25.8,6,-60,0.4,5,BR:BT-549;BR:HS 578T;BR:MCF7;BR:MDA-MB-231;BR:T-47D,0.378230901780586,FALSE,FALSE,not_patient_scored
azacitidine,erlotinib,azacitidine + erlotinib,-12,-12.6,3,-32,0.2,5,BR:BT-549;BR:HS 578T;BR:MCF7;BR:MDA-MB-231;BR:T-47D,0.378230901780586,FALSE,FALSE,not_patient_scored
cladribine,erlotinib,cladribine + erlotinib,-18,-21.2,46,-113,0.4,5,BR:BT-549;BR:HS 578T;BR:MCF7;BR:MDA-MB-231;BR:T-47D,0.378230901780586,FALSE,FALSE,not_patient_scored
erlotinib,ifosfamide,erlotinib + ifosfamide,-42,-40.8,-14,-60,0,5,BR:BT-549;BR:HS 578T;BR:MCF7;BR:MDA-MB-231;BR:T-47D,0.378230901780586,FALSE,FALSE,not_patient_scored
erlotinib,fludarabine,erlotinib + fludarabine,-73,-64.4,-9,-118,0,5,BR:BT-549;BR:HS 578T;BR:MCF7;BR:MDA-MB-231;BR:T-47D,0.378230901780586,FALSE,FALSE,not_patient_scored
erlotinib,isotretinoin,erlotinib + isotretinoin,0,-15,12,-73,0.4,5,BR:BT-549;BR:HS 578T;BR:MCF7;BR:MDA-MB-231;BR:T-47D,0.378230901780586,FALSE,FALSE,not_patient_scored
erlotinib,teniposide,erlotinib + teniposide,57,61.4,74,53,1,5,BR:BT-549;BR:HS 578T;BR:MCF7;BR:MDA-MB-231;BR:T-47D,0.970227838407046,FALSE,FALSE,not_patient_scored
doxorubicin,erlotinib,doxorubicin + erlotinib,12,-3.2,31,-45,0.6,5,BR:BT-549;BR:HS 578T;BR:MCF7;BR:MDA-MB-231;BR:T-47D,0.847118514263833,TRUE,FALSE,tier_B_one_drug_patient_scored
bleomycin,erlotinib,bleomycin + erlotinib,-31,-36.2,7,-76,0.2,5,BR:BT-549;BR:HS 578T;BR:MCF7;BR:MDA-MB-231;BR:T-47D,0.378230901780586,FALSE,FALSE,not_patient_scored
erlotinib,paclitaxel,erlotinib + paclitaxel,18,22.6,67,-24,0.8,5,BR:BT-549;BR:HS 578T;BR:MCF7;BR:MDA-MB-231;BR:T-47D,0.878996745165614,FALSE,TRUE,tier_B_one_drug_patient_scored
decitabine,erlotinib,decitabine + erlotinib,6,6.8,49,-50,0.6,5,BR:BT-549;BR:HS 578T;BR:MCF7;BR:MDA-MB-231;BR:T-47D,0.802508137085966,FALSE,FALSE,not_patient_scored
bendamustine,erlotinib,bendamustine + erlotinib,-33,-28.4,15,-69,0.2,5,BR:BT-549;BR:HS 578T;BR:MCF7;BR:MDA-MB-231;BR:T-47D,0.378230901780586,FALSE,FALSE,not_patient_scored
erlotinib,etoposide,erlotinib + etoposide,47,48.8,64,36,1,5,BR:BT-549;BR:HS 578T;BR:MCF7;BR:MDA-MB-231;BR:T-47D,0.956538387899674,FALSE,FALSE,not_patient_scored
dexrazoxane,erlotinib,dexrazoxane + erlotinib,-5,-8.6,22,-46,0.2,5,BR:BT-549;BR:HS 578T;BR:MCF7;BR:MDA-MB-231;BR:T-47D,0.378230901780586,FALSE,FALSE,not_patient_scored
erlotinib,tamoxifen,erlotinib + tamoxifen,-13.5,-16,26,-63,0.5,4,BR:HS 578T;BR:MCF7;BR:MDA-MB-231;BR:T-47D,0.378230901780586,FALSE,FALSE,not_patient_scored
erlotinib,pentostatin,erlotinib + pentostatin,-25,-7.2,60,-34,0.2,5,BR:BT-549;BR:HS 578T;BR:MCF7;BR:MDA-MB-231;BR:T-47D,0.378230901780586,FALSE,FALSE,not_patient_scored
erlotinib,rapamycin,erlotinib + rapamycin,-3,-10.4,36,-56,0.4,5,BR:BT-549;BR:HS 578T;BR:MCF7;BR:MDA-MB-231;BR:T-47D,0.378230901780586,FALSE,TRUE,tier_B_one_drug_patient_scored
carboplatin,erlotinib,carboplatin + erlotinib,-54,-33.8,47,-92,0.2,5,BR:BT-549;BR:HS 578T;BR:MCF7;BR:MDA-MB-231;BR:T-47D,0.378230901780586,FALSE,FALSE,not_patient_scored
erlotinib,valrubicin,erlotinib + valrubicin,-16,-10.25,106,-115,0.5,4,BR:HS 578T;BR:MCF7;BR:MDA-MB-231;BR:T-47D,0.378230901780586,FALSE,FALSE,not_patient_scored
erlotinib,oxaliplatin,erlotinib + oxaliplatin,-18,-23.2,-5,-45,0,5,BR:BT-549;BR:HS 578T;BR:MCF7;BR:MDA-MB-231;BR:T-47D,0.378230901780586,FALSE,FALSE,not_patient_scored
erlotinib,mitoxantrone,erlotinib + mitoxantrone,78,94,141,54,1,5,BR:BT-549;BR:HS 578T;BR:MCF7;BR:MDA-MB-231;BR:T-47D,0.983917288914417,FALSE,FALSE,not_patient_scored
amifostine,erlotinib,amifostine + erlotinib,-37,-32.4,13,-71,0.2,5,BR:BT-549;BR:HS 578T;BR:MCF7;BR:MDA-MB-231;BR:T-47D,0.378230901780586,FALSE,FALSE,not_patient_scored
erlotinib,temozolomide,erlotinib + temozolomide,-44,-36.8,2,-72,0.2,5,BR:BT-549;BR:HS 578T;BR:MCF7;BR:MDA-MB-231;BR:T-47D,0.378230901780586,FALSE,FALSE,not_patient_scored
erlotinib,imiquimod,erlotinib + imiquimod,-22,-26.6,3,-64,0.2,5,BR:BT-549;BR:HS 578T;BR:MCF7;BR:MDA-MB-231;BR:T-47D,0.378230901780586,FALSE,FALSE,not_patient_scored
carmustine,erlotinib,carmustine + erlotinib,-26,-34.8,-3,-63,0,5,BR:BT-549;BR:HS 578T;BR:MCF7;BR:MDA-MB-231;BR:T-47D,0.378230901780586,FALSE,FALSE,not_patient_scored
clofarabine,erlotinib,clofarabine + erlotinib,-31,-25.6,2,-35,0.2,5,BR:BT-549;BR:HS 578T;BR:MCF7;BR:MDA-MB-231;BR:T-47D,0.378230901780586,FALSE,FALSE,not_patient_scored
erlotinib,vinorelbine,erlotinib + vinorelbine,49,63.4,113,34,1,5,BR:BT-549;BR:HS 578T;BR:MCF7;BR:MDA-MB-231;BR:T-47D,0.959697491862914,FALSE,FALSE,not_patient_scored
erlotinib,topotecan,erlotinib + topotecan,5,12.8,58,-48,0.8,5,BR:BT-549;BR:HS 578T;BR:MCF7;BR:MDA-MB-231;BR:T-47D,0.793030825196247,FALSE,FALSE,not_patient_scored
erlotinib,gemcitabine,erlotinib + gemcitabine,-14,-20,2,-43,0.2,5,BR:BT-549;BR:HS 578T;BR:MCF7;BR:MDA-MB-231;BR:T-47D,0.378230901780586,FALSE,TRUE,tier_B_one_drug_patient_scored
docetaxel,erlotinib,docetaxel + erlotinib,1,13.6,100,-44,0.6,5,BR:BT-549;BR:HS 578T;BR:MCF7;BR:MDA-MB-231;BR:T-47D,0.759908098793797,TRUE,FALSE,tier_B_one_drug_patient_scored
7 ethyl 10 hydroxycamptothecin,erlotinib,7 ethyl 10 hydroxycamptothecin + erlotinib,25,21.4,67,-27,0.8,5,BR:BT-549;BR:HS 578T;BR:MCF7;BR:MDA-MB-231;BR:T-47D,0.908673176335439,FALSE,FALSE,not_patient_scored
erlotinib,nelarabine,erlotinib + nelarabine,-47,-48.8,-26,-75,0,5,BR:BT-549;BR:HS 578T;BR:MCF7;BR:MDA-MB-231;BR:T-47D,0.378230901780586,FALSE,FALSE,not_patient_scored
erlotinib,pemetrexed,erlotinib + pemetrexed,-8,-10.4,6,-34,0.4,5,BR:BT-549;BR:HS 578T;BR:MCF7;BR:MDA-MB-231;BR:T-47D,0.378230901780586,FALSE,FALSE,not_patient_scored
erlotinib,vorinostat,erlotinib + vorinostat,-37,-23,29,-63,0.4,5,BR:BT-549;BR:HS 578T;BR:MCF7;BR:MDA-MB-231;BR:T-47D,0.378230901780586,FALSE,FALSE,not_patient_scored
erlotinib,estramustine,erlotinib + estramustine,-229,-223.6,-94,-399,0,5,BR:BT-549;BR:HS 578T;BR:MCF7;BR:MDA-MB-231;BR:T-47D,0.378230901780586,FALSE,FALSE,not_patient_scored
capecitabine,erlotinib,capecitabine + erlotinib,-43,-37.8,-15,-54,0,5,BR:BT-549;BR:HS 578T;BR:MCF7;BR:MDA-MB-231;BR:T-47D,0.378230901780586,FALSE,FALSE,not_patient_scored
erlotinib,exemestane,erlotinib + exemestane,86,71.6,120,-5,0.8,5,BR:BT-549;BR:HS 578T;BR:MCF7;BR:MDA-MB-231;BR:T-47D,0.987267853723914,FALSE,FALSE,not_patient_scored
erlotinib,gefitinib,erlotinib + gefitinib,29,32,48,26,1,5,BR:BT-549;BR:HS 578T;BR:MCF7;BR:MDA-MB-231;BR:T-47D,0.920830940072755,FALSE,FALSE,not_patient_scored
erlotinib,fulvestrant,erlotinib + fulvestrant,-47,-35.8,52,-83,0.2,5,BR:BT-549;BR:HS 578T;BR:MCF7;BR:MDA-MB-231;BR:T-47D,0.378230901780586,FALSE,FALSE,not_patient_scored
anastrozole,erlotinib,anastrozole + erlotinib,-31,-31.6,-11,-53,0,5,BR:BT-549;BR:HS 578T;BR:MCF7;BR:MDA-MB-231;BR:T-47D,0.378230901780586,FALSE,FALSE,not_patient_scored
erlotinib,letrozole,erlotinib + letrozole,-32,-33,3,-73,0.2,5,BR:BT-549;BR:HS 578T;BR:MCF7;BR:MDA-MB-231;BR:T-47D,0.378230901780586,FALSE,FALSE,not_patient_scored
celecoxib,erlotinib,celecoxib + erlotinib,-42,-47,-15,-91,0,5,BR:BT-549;BR:HS 578T;BR:MCF7;BR:MDA-MB-231;BR:T-47D,0.378230901780586,FALSE,FALSE,not_patient_scored
erlotinib,zoledronate,erlotinib + zoledronate,-33,-41,-14,-95,0,5,BR:BT-549;BR:HS 578T;BR:MCF7;BR:MDA-MB-231;BR:T-47D,0.378230901780586,FALSE,FALSE,not_patient_scored
dasatinib,erlotinib,dasatinib + erlotinib,19,14,45,-19,0.8,5,BR:BT-549;BR:HS 578T;BR:MCF7;BR:MDA-MB-231;BR:T-47D,0.883974727168294,FALSE,FALSE,not_patient_scored
erlotinib,everolimus,erlotinib + everolimus,-31,-35,-1,-75,0,5,BR:BT-549;BR:HS 578T;BR:MCF7;BR:MDA-MB-231;BR:T-47D,0.378230901780586,FALSE,FALSE,not_patient_scored
erlotinib,pazopanib,erlotinib + pazopanib,24,29.4,43,19,1,5,BR:BT-549;BR:HS 578T;BR:MCF7;BR:MDA-MB-231;BR:T-47D,0.904843959410301,FALSE,FALSE,not_patient_scored
erlotinib,imatinib,erlotinib + imatinib,-48,-37.8,23,-75,0.2,5,BR:BT-549;BR:HS 578T;BR:MCF7;BR:MDA-MB-231;BR:T-47D,0.378230901780586,FALSE,FALSE,not_patient_scored
erlotinib,lapatinib,erlotinib + lapatinib,-20,-18.8,-3,-31,0,5,BR:BT-549;BR:HS 578T;BR:MCF7;BR:MDA-MB-231;BR:T-47D,0.378230901780586,FALSE,TRUE,tier_B_one_drug_patient_scored
erlotinib,nilotinib,erlotinib + nilotinib,-24,-18,9,-36,0.2,5,BR:BT-549;BR:HS 578T;BR:MCF7;BR:MDA-MB-231;BR:T-47D,0.378230901780586,FALSE,FALSE,not_patient_scored
erlotinib,sorafenib,erlotinib + sorafenib,-32,-26.6,22,-57,0.2,5,BR:BT-549;BR:HS 578T;BR:MCF7;BR:MDA-MB-231;BR:T-47D,0.378230901780586,FALSE,FALSE,not_patient_scored
erlotinib,lenalidomide,erlotinib + lenalidomide,-33,-1.2,72,-51,0.4,5,BR:BT-549;BR:HS 578T;BR:MCF7;BR:MDA-MB-231;BR:T-47D,0.378230901780586,FALSE,FALSE,not_patient_scored
erlotinib,ixabepilone,erlotinib + ixabepilone,36,52.8,133,8,1,5,BR:BT-549;BR:HS 578T;BR:MCF7;BR:MDA-MB-231;BR:T-47D,0.938828259620908,FALSE,FALSE,not_patient_scored
erlotinib,raloxifene,erlotinib + raloxifene,-5,-23.8,-3,-85,0,5,BR:BT-549;BR:HS 578T;BR:MCF7;BR:MDA-MB-231;BR:T-47D,0.378230901780586,FALSE,FALSE,not_patient_scored
abiraterone,erlotinib,abiraterone + erlotinib,14,10.4,42,-26,0.6,5,BR:BT-549;BR:HS 578T;BR:MCF7;BR:MDA-MB-231;BR:T-47D,0.858989086731763,FALSE,FALSE,not_patient_scored
erlotinib,sunitinib,erlotinib + sunitinib,-64,-60.4,-32,-90,0,5,BR:BT-549;BR:HS 578T;BR:MCF7;BR:MDA-MB-231;BR:T-47D,0.378230901780586,FALSE,FALSE,not_patient_scored
erlotinib,vemurafenib,erlotinib + vemurafenib,16,8,27,-37,0.8,5,BR:BT-549;BR:HS 578T;BR:MCF7;BR:MDA-MB-231;BR:T-47D,0.869519433275895,FALSE,FALSE,not_patient_scored
depsipeptide,erlotinib,depsipeptide + erlotinib,34,52,186,-10,0.8,5,BR:BT-549;BR:HS 578T;BR:MCF7;BR:MDA-MB-231;BR:T-47D,0.934711851426383,FALSE,FALSE,not_patient_scored
erlotinib,pralatrexate,erlotinib + pralatrexate,-60,-47.2,-3,-90,0,5,BR:BT-549;BR:HS 578T;BR:MCF7;BR:MDA-MB-231;BR:T-47D,0.378230901780586,FALSE,FALSE,not_patient_scored
erlotinib,vismodegib,erlotinib + vismodegib,32,15.2,42,-29,0.6,5,BR:BT-549;BR:HS 578T;BR:MCF7;BR:MDA-MB-231;BR:T-47D,0.929638139000574,FALSE,FALSE,not_patient_scored
crizotinib,erlotinib,crizotinib + erlotinib,-3,-1.8,56,-49,0.2,5,BR:BT-549;BR:HS 578T;BR:MCF7;BR:MDA-MB-231;BR:T-47D,0.378230901780586,FALSE,FALSE,not_patient_scored
axitinib,erlotinib,axitinib + erlotinib,20,12.8,68,-56,0.8,5,BR:BT-549;BR:HS 578T;BR:MCF7;BR:MDA-MB-231;BR:T-47D,0.888091135362818,FALSE,FALSE,not_patient_scored
erlotinib,vandetanib,erlotinib + vandetanib,8,9.8,19,1,1,5,BR:BT-549;BR:HS 578T;BR:MCF7;BR:MDA-MB-231;BR:T-47D,0.818973769864063,FALSE,FALSE,not_patient_scored
cabazitaxel,erlotinib,cabazitaxel + erlotinib,60,61.6,88,28,1,5,BR:BT-549;BR:HS 578T;BR:MCF7;BR:MDA-MB-231;BR:T-47D,0.973004020677771,FALSE,FALSE,not_patient_scored
erlotinib,ruxolitinib,erlotinib + ruxolitinib,-2,-1,51,-47,0.4,5,BR:BT-549;BR:HS 578T;BR:MCF7;BR:MDA-MB-231;BR:T-47D,0.378230901780586,FALSE,FALSE,not_patient_scored
6 thioguanine,fulvestrant,6 thioguanine + fulvestrant,-33,-34.4,-1,-71,0,5,BR:BT-549;BR:HS 578T;BR:MCF7;BR:MDA-MB-231;BR:T-47D,0.378230901780586,FALSE,FALSE,not_patient_scored
actinomycin d,fulvestrant,actinomycin d + fulvestrant,286,246,416,58,1,5,BR:BT-549;BR:HS 578T;BR:MCF7;BR:MDA-MB-231;BR:T-47D,0.999329887038101,FALSE,FALSE,not_patient_scored
chlorambucil,fulvestrant,chlorambucil + fulvestrant,-39,-26.2,2,-48,0.2,5,BR:BT-549;BR:HS 578T;BR:MCF7;BR:MDA-MB-231;BR:T-47D,0.378230901780586,FALSE,FALSE,not_patient_scored
fulvestrant,thiotepa,fulvestrant + thiotepa,-15,-15.8,8,-38,0.2,5,BR:BT-549;BR:HS 578T;BR:MCF7;BR:MDA-MB-231;BR:T-47D,0.378230901780586,FALSE,FALSE,not_patient_scored
fulvestrant,melphalan,fulvestrant + melphalan,-14,-16,31,-70,0.4,5,BR:BT-549;BR:HS 578T;BR:MCF7;BR:MDA-MB-231;BR:T-47D,0.378230901780586,FALSE,FALSE,not_patient_scored
fulvestrant,triethylenemelamine,fulvestrant + triethylenemelamine,-72,-53.8,12,-107,0.2,5,BR:BT-549;BR:HS 578T;BR:MCF7;BR:MDA-MB-231;BR:T-47D,0.378230901780586,FALSE,FALSE,not_patient_scored
altretamine,fulvestrant,altretamine + fulvestrant,-24,-48.4,1,-112,0.2,5,BR:BT-549;BR:HS 578T;BR:MCF7;BR:MDA-MB-231;BR:T-47D,0.378230901780586,FALSE,FALSE,not_patient_scored
5-fluorouracil,fulvestrant,5-fluorouracil + fulvestrant,9,-6.2,15,-42,0.6,5,BR:BT-549;BR:HS 578T;BR:MCF7;BR:MDA-MB-231;BR:T-47D,0.827685238368754,TRUE,FALSE,tier_B_one_drug_patient_scored
fulvestrant,mithramycin,fulvestrant + mithramycin,-39,-37.4,1,-73,0.2,5,BR:BT-549;BR:HS 578T;BR:MCF7;BR:MDA-MB-231;BR:T-47D,0.378230901780586,FALSE,FALSE,not_patient_scored
floxuridine,fulvestrant,floxuridine + fulvestrant,-32,-32,6,-72,0.2,5,BR:BT-549;BR:HS 578T;BR:MCF7;BR:MDA-MB-231;BR:T-47D,0.378230901780586,FALSE,FALSE,not_patient_scored
fulvestrant,hydroxyurea,fulvestrant + hydroxyurea,-65,-48.2,5,-96,0.2,5,BR:BT-549;BR:HS 578T;BR:MCF7;BR:MDA-MB-231;BR:T-47D,0.378230901780586,FALSE,FALSE,not_patient_scored
fulvestrant,uracil mustard,fulvestrant + uracil mustard,8,4.6,27,-14,0.6,5,BR:BT-549;BR:HS 578T;BR:MCF7;BR:MDA-MB-231;BR:T-47D,0.818973769864063,FALSE,FALSE,not_patient_scored
fulvestrant,mitotane,fulvestrant + mitotane,-50,-31,71,-94,0.2,5,BR:BT-549;BR:HS 578T;BR:MCF7;BR:MDA-MB-231;BR:T-47D,0.378230901780586,FALSE,FALSE,not_patient_scored
dacarbazine,fulvestrant,dacarbazine + fulvestrant,-21,-30.2,12,-62,0.2,5,BR:BT-549;BR:HS 578T;BR:MCF7;BR:MDA-MB-231;BR:T-47D,0.378230901780586,FALSE,FALSE,not_patient_scored
fulvestrant,vinblastine,fulvestrant + vinblastine,-24,-15.6,56,-72,0.4,5,BR:BT-549;BR:HS 578T;BR:MCF7;BR:MDA-MB-231;BR:T-47D,0.378230901780586,FALSE,FALSE,not_patient_scored
cytarabine,fulvestrant,cytarabine + fulvestrant,7,-10.6,31,-92,0.6,5,BR:BT-549;BR:HS 578T;BR:MCF7;BR:MDA-MB-231;BR:T-47D,0.810453762205629,FALSE,FALSE,not_patient_scored
fulvestrant,vincristine,fulvestrant + vincristine,64,74.4,128,23,1,5,BR:BT-549;BR:HS 578T;BR:MCF7;BR:MDA-MB-231;BR:T-47D,0.975780202948497,FALSE,FALSE,not_patient_scored
fulvestrant,megestrol acetate,fulvestrant + megestrol acetate,-112,-112.4,-96,-138,0,5,BR:BT-549;BR:HS 578T;BR:MCF7;BR:MDA-MB-231;BR:T-47D,0.378230901780586,FALSE,FALSE,not_patient_scored
fulvestrant,lomustine,fulvestrant + lomustine,21,32,62,14,1,5,BR:BT-549;BR:HS 578T;BR:MCF7;BR:MDA-MB-231;BR:T-47D,0.892111813134214,FALSE,FALSE,not_patient_scored
daunorubicin,fulvestrant,daunorubicin + fulvestrant,20,37,87,9,1,5,BR:BT-549;BR:HS 578T;BR:MCF7;BR:MDA-MB-231;BR:T-47D,0.888091135362818,FALSE,FALSE,not_patient_scored
azacitidine,fulvestrant,azacitidine + fulvestrant,-3,-6.55555555555556,37,-78,0.444444444444444,5,BR:BT-549;BR:HS 578T;BR:MCF7;BR:MDA-MB-231;BR:T-47D,0.378230901780586,FALSE,FALSE,not_patient_scored
cladribine,fulvestrant,cladribine + fulvestrant,-28,-17.4,8,-35,0.2,5,BR:BT-549;BR:HS 578T;BR:MCF7;BR:MDA-MB-231;BR:T-47D,0.378230901780586,FALSE,FALSE,not_patient_scored
fludarabine,fulvestrant,fludarabine + fulvestrant,-19,-24.4,-7,-50,0,5,BR:BT-549;BR:HS 578T;BR:MCF7;BR:MDA-MB-231;BR:T-47D,0.378230901780586,FALSE,FALSE,not_patient_scored
fulvestrant,isotretinoin,fulvestrant + isotretinoin,15,22.4,97,-23,0.6,5,BR:BT-549;BR:HS 578T;BR:MCF7;BR:MDA-MB-231;BR:T-47D,0.864541451273215,FALSE,FALSE,not_patient_scored
fulvestrant,teniposide,fulvestrant + teniposide,16,16.6,68,-11,0.6,5,BR:BT-549;BR:HS 578T;BR:MCF7;BR:MDA-MB-231;BR:T-47D,0.869519433275895,FALSE,FALSE,not_patient_scored
doxorubicin,fulvestrant,doxorubicin + fulvestrant,-11,-54.2,0,-229,0,5,BR:BT-549;BR:HS 578T;BR:MCF7;BR:MDA-MB-231;BR:T-47D,0.378230901780586,TRUE,FALSE,tier_B_one_drug_patient_scored
bleomycin,fulvestrant,bleomycin + fulvestrant,-213,-168,-24,-300,0,5,BR:BT-549;BR:HS 578T;BR:MCF7;BR:MDA-MB-231;BR:T-47D,0.378230901780586,FALSE,FALSE,not_patient_scored
fulvestrant,paclitaxel,fulvestrant + paclitaxel,-7,-14.4,1,-38,0.2,5,BR:BT-549;BR:HS 578T;BR:MCF7;BR:MDA-MB-231;BR:T-47D,0.378230901780586,FALSE,TRUE,tier_B_one_drug_patient_scored
bendamustine,fulvestrant,bendamustine + fulvestrant,-39,-25,71,-79,0.2,5,BR:BT-549;BR:HS 578T;BR:MCF7;BR:MDA-MB-231;BR:T-47D,0.378230901780586,FALSE,FALSE,not_patient_scored
etoposide,fulvestrant,etoposide + fulvestrant,0,-7.4,27,-58,0.4,5,BR:BT-549;BR:HS 578T;BR:MCF7;BR:MDA-MB-231;BR:T-47D,0.378230901780586,FALSE,FALSE,not_patient_scored
dexrazoxane,fulvestrant,dexrazoxane + fulvestrant,-13,1,51,-29,0.4,5,BR:BT-549;BR:HS 578T;BR:MCF7;BR:MDA-MB-231;BR:T-47D,0.378230901780586,FALSE,FALSE,not_patient_scored
fulvestrant,tamoxifen,fulvestrant + tamoxifen,71,66,118,-3,0.8,5,BR:BT-549;BR:HS 578T;BR:MCF7;BR:MDA-MB-231;BR:T-47D,0.980566724104921,FALSE,FALSE,not_patient_scored
fulvestrant,rapamycin,fulvestrant + rapamycin,-23,-12.4,26,-43,0.4,5,BR:BT-549;BR:HS 578T;BR:MCF7;BR:MDA-MB-231;BR:T-47D,0.378230901780586,FALSE,TRUE,tier_B_one_drug_patient_scored
carboplatin,fulvestrant,carboplatin + fulvestrant,-67,-60.8,-42,-82,0,5,BR:BT-549;BR:HS 578T;BR:MCF7;BR:MDA-MB-231;BR:T-47D,0.378230901780586,FALSE,FALSE,not_patient_scored
fulvestrant,valrubicin,fulvestrant + valrubicin,-86,-87.4,-41,-128,0,5,BR:BT-549;BR:HS 578T;BR:MCF7;BR:MDA-MB-231;BR:T-47D,0.378230901780586,FALSE,FALSE,not_patient_scored
fulvestrant,mitoxantrone,fulvestrant + mitoxantrone,63,51.6,84,21,1,5,BR:BT-549;BR:HS 578T;BR:MCF7;BR:MDA-MB-231;BR:T-47D,0.975110089986598,FALSE,FALSE,not_patient_scored
fulvestrant,temozolomide,fulvestrant + temozolomide,-51,-40.2,-14,-57,0,5,BR:BT-549;BR:HS 578T;BR:MCF7;BR:MDA-MB-231;BR:T-47D,0.378230901780586,FALSE,FALSE,not_patient_scored
fulvestrant,vinorelbine,fulvestrant + vinorelbine,71,59.8,101,11,1,5,BR:BT-549;BR:HS 578T;BR:MCF7;BR:MDA-MB-231;BR:T-47D,0.980566724104921,FALSE,FALSE,not_patient_scored
fulvestrant,gemcitabine,fulvestrant + gemcitabine,-23,-29.7777777777778,10,-67,0.111111111111111,5,BR:BT-549;BR:HS 578T;BR:MCF7;BR:MDA-MB-231;BR:T-47D,0.378230901780586,FALSE,TRUE,tier_B_one_drug_patient_scored
fulvestrant,pemetrexed,fulvestrant + pemetrexed,-27,-28.6,-15,-50,0,5,BR:BT-549;BR:HS 578T;BR:MCF7;BR:MDA-MB-231;BR:T-47D,0.378230901780586,FALSE,FALSE,not_patient_scored
fulvestrant,vorinostat,fulvestrant + vorinostat,-13,-16.6,21,-44,0.2,5,BR:BT-549;BR:HS 578T;BR:MCF7;BR:MDA-MB-231;BR:T-47D,0.378230901780586,FALSE,FALSE,not_patient_scored
exemestane,fulvestrant,exemestane + fulvestrant,62,43,75,-5,0.8,5,BR:BT-549;BR:HS 578T;BR:MCF7;BR:MDA-MB-231;BR:T-47D,0.974631437870955,FALSE,FALSE,not_patient_scored
fulvestrant,gefitinib,fulvestrant + gefitinib,31,11,70,-84,0.8,5,BR:BT-549;BR:HS 578T;BR:MCF7;BR:MDA-MB-231;BR:T-47D,0.926287574191078,FALSE,FALSE,not_patient_scored
fulvestrant,letrozole,fulvestrant + letrozole,-61,-55.6,-18,-106,0,5,BR:BT-549;BR:HS 578T;BR:MCF7;BR:MDA-MB-231;BR:T-47D,0.378230901780586,FALSE,FALSE,not_patient_scored
celecoxib,fulvestrant,celecoxib + fulvestrant,-69,-40.4,51,-73,0.2,5,BR:BT-549;BR:HS 578T;BR:MCF7;BR:MDA-MB-231;BR:T-47D,0.378230901780586,FALSE,FALSE,not_patient_scored
dasatinib,fulvestrant,dasatinib + fulvestrant,4,17.4,109,-58,0.6,5,BR:BT-549;BR:HS 578T;BR:MCF7;BR:MDA-MB-231;BR:T-47D,0.783553513306529,FALSE,FALSE,not_patient_scored
everolimus,fulvestrant,everolimus + fulvestrant,166,157.6,210,90,1,5,BR:BT-549;BR:HS 578T;BR:MCF7;BR:MDA-MB-231;BR:T-47D,0.997223817729274,FALSE,FALSE,not_patient_scored
fulvestrant,pazopanib,fulvestrant + pazopanib,13,-10.8,34,-80,0.6,5,BR:BT-549;BR:HS 578T;BR:MCF7;BR:MDA-MB-231;BR:T-47D,0.852766609228413,FALSE,FALSE,not_patient_scored
fulvestrant,imatinib,fulvestrant + imatinib,-29,-39.4,-4,-97,0,5,BR:BT-549;BR:HS 578T;BR:MCF7;BR:MDA-MB-231;BR:T-47D,0.378230901780586,FALSE,FALSE,not_patient_scored
fulvestrant,lapatinib,fulvestrant + lapatinib,10,24.2,124,-32,0.6,5,BR:BT-549;BR:HS 578T;BR:MCF7;BR:MDA-MB-231;BR:T-47D,0.835343672219031,FALSE,TRUE,tier_B_one_drug_patient_scored
fulvestrant,nilotinib,fulvestrant + nilotinib,-26,-18.2,39,-60,0.4,5,BR:BT-549;BR:HS 578T;BR:MCF7;BR:MDA-MB-231;BR:T-47D,0.378230901780586,FALSE,FALSE,not_patient_scored
fulvestrant,lenalidomide,fulvestrant + lenalidomide,-19,-20.8,24,-73,0.2,5,BR:BT-549;BR:HS 578T;BR:MCF7;BR:MDA-MB-231;BR:T-47D,0.378230901780586,FALSE,FALSE,not_patient_scored
fulvestrant,raloxifene,fulvestrant + raloxifene,-71,-69.4,0,-147,0,5,BR:BT-549;BR:HS 578T;BR:MCF7;BR:MDA-MB-231;BR:T-47D,0.378230901780586,FALSE,FALSE,not_patient_scored
abiraterone,fulvestrant,abiraterone + fulvestrant,-20,-24.8,30,-87,0.2,5,BR:BT-549;BR:HS 578T;BR:MCF7;BR:MDA-MB-231;BR:T-47D,0.378230901780586,FALSE,FALSE,not_patient_scored
fulvestrant,sunitinib,fulvestrant + sunitinib,-52,-30.2,26,-74,0.4,5,BR:BT-549;BR:HS 578T;BR:MCF7;BR:MDA-MB-231;BR:T-47D,0.378230901780586,FALSE,FALSE,not_patient_scored
fulvestrant,vemurafenib,fulvestrant + vemurafenib,18,4.2,52,-79,0.6,5,BR:BT-549;BR:HS 578T;BR:MCF7;BR:MDA-MB-231;BR:T-47D,0.878996745165614,FALSE,FALSE,not_patient_scored
depsipeptide,fulvestrant,depsipeptide + fulvestrant,59,55.8,90,23,1,5,BR:BT-549;BR:HS 578T;BR:MCF7;BR:MDA-MB-231;BR:T-47D,0.972142446869615,FALSE,FALSE,not_patient_scored
fulvestrant,vismodegib,fulvestrant + vismodegib,16,20.6,71,-52,0.8,5,BR:BT-549;BR:HS 578T;BR:MCF7;BR:MDA-MB-231;BR:T-47D,0.869519433275895,FALSE,FALSE,not_patient_scored
crizotinib,fulvestrant,crizotinib + fulvestrant,19,13.2,42,-32,0.8,5,BR:BT-549;BR:HS 578T;BR:MCF7;BR:MDA-MB-231;BR:T-47D,0.883974727168294,FALSE,FALSE,not_patient_scored
axitinib,fulvestrant,axitinib + fulvestrant,-24,-21.2,34,-79,0.2,5,BR:BT-549;BR:HS 578T;BR:MCF7;BR:MDA-MB-231;BR:T-47D,0.378230901780586,FALSE,FALSE,not_patient_scored
fulvestrant,vandetanib,fulvestrant + vandetanib,24,-2.4,61,-114,0.6,5,BR:BT-549;BR:HS 578T;BR:MCF7;BR:MDA-MB-231;BR:T-47D,0.904843959410301,FALSE,FALSE,not_patient_scored
cabazitaxel,fulvestrant,cabazitaxel + fulvestrant,51,71.4,197,4,1,5,BR:BT-549;BR:HS 578T;BR:MCF7;BR:MDA-MB-231;BR:T-47D,0.962952326249282,FALSE,FALSE,not_patient_scored
fulvestrant,ruxolitinib,fulvestrant + ruxolitinib,-42,-36.6,3,-75,0.2,5,BR:BT-549;BR:HS 578T;BR:MCF7;BR:MDA-MB-231;BR:T-47D,0.378230901780586,FALSE,FALSE,not_patient_scored
anastrozole,busulfan,anastrozole + busulfan,-29,-33.8,-4,-65,0,5,BR:BT-549;BR:HS 578T;BR:MCF7;BR:MDA-MB-231;BR:T-47D,0.378230901780586,FALSE,FALSE,not_patient_scored
6 thioguanine,anastrozole,6 thioguanine + anastrozole,-57,-56.4,-12,-87,0,5,BR:BT-549;BR:HS 578T;BR:MCF7;BR:MDA-MB-231;BR:T-47D,0.378230901780586,FALSE,FALSE,not_patient_scored
anastrozole,chlorambucil,anastrozole + chlorambucil,-30,-37.8,-23,-59,0,5,BR:BT-549;BR:HS 578T;BR:MCF7;BR:MDA-MB-231;BR:T-47D,0.378230901780586,FALSE,FALSE,not_patient_scored
anastrozole,thiotepa,anastrozole + thiotepa,-14,-21.8,2,-44,0.2,5,BR:BT-549;BR:HS 578T;BR:MCF7;BR:MDA-MB-231;BR:T-47D,0.378230901780586,FALSE,FALSE,not_patient_scored
anastrozole,melphalan,anastrozole + melphalan,-13,-14.8,11,-48,0.2,5,BR:BT-549;BR:HS 578T;BR:MCF7;BR:MDA-MB-231;BR:T-47D,0.378230901780586,FALSE,FALSE,not_patient_scored
anastrozole,triethylenemelamine,anastrozole + triethylenemelamine,-29,-28,-3,-55,0,5,BR:BT-549;BR:HS 578T;BR:MCF7;BR:MDA-MB-231;BR:T-47D,0.378230901780586,FALSE,FALSE,not_patient_scored
altretamine,anastrozole,altretamine + anastrozole,-51,-72.2,-16,-177,0,5,BR:BT-549;BR:HS 578T;BR:MCF7;BR:MDA-MB-231;BR:T-47D,0.378230901780586,FALSE,FALSE,not_patient_scored
5-fluorouracil,anastrozole,5-fluorouracil + anastrozole,-5,-2,45,-32,0.4,5,BR:BT-549;BR:HS 578T;BR:MCF7;BR:MDA-MB-231;BR:T-47D,0.378230901780586,TRUE,FALSE,tier_B_one_drug_patient_scored
anastrozole,floxuridine,anastrozole + floxuridine,-12,-7.4,25,-41,0.4,5,BR:BT-549;BR:HS 578T;BR:MCF7;BR:MDA-MB-231;BR:T-47D,0.378230901780586,FALSE,FALSE,not_patient_scored
anastrozole,hydroxyurea,anastrozole + hydroxyurea,-45,-37.2,-1,-70,0,5,BR:BT-549;BR:HS 578T;BR:MCF7;BR:MDA-MB-231;BR:T-47D,0.378230901780586,FALSE,FALSE,not_patient_scored
anastrozole,uracil mustard,anastrozole + uracil mustard,-37,-30.8,-14,-47,0,5,BR:BT-549;BR:HS 578T;BR:MCF7;BR:MDA-MB-231;BR:T-47D,0.378230901780586,FALSE,FALSE,not_patient_scored
anastrozole,mitotane,anastrozole + mitotane,-40,-39.6,-17,-60,0,5,BR:BT-549;BR:HS 578T;BR:MCF7;BR:MDA-MB-231;BR:T-47D,0.378230901780586,FALSE,FALSE,not_patient_scored
anastrozole,dacarbazine,anastrozole + dacarbazine,-36,-40,-32,-59,0,5,BR:BT-549;BR:HS 578T;BR:MCF7;BR:MDA-MB-231;BR:T-47D,0.378230901780586,FALSE,FALSE,not_patient_scored
anastrozole,vinblastine,anastrozole + vinblastine,-28,-40.4,-14,-86,0,5,BR:BT-549;BR:HS 578T;BR:MCF7;BR:MDA-MB-231;BR:T-47D,0.378230901780586,FALSE,FALSE,not_patient_scored
anastrozole,cytarabine,anastrozole + cytarabine,-20,-14,32,-55,0.4,5,BR:BT-549;BR:HS 578T;BR:MCF7;BR:MDA-MB-231;BR:T-47D,0.378230901780586,FALSE,FALSE,not_patient_scored
anastrozole,vincristine,anastrozole + vincristine,11,4.2,52,-47,0.6,5,BR:BT-549;BR:HS 578T;BR:MCF7;BR:MDA-MB-231;BR:T-47D,0.841853340991767,FALSE,FALSE,not_patient_scored
anastrozole,megestrol acetate,anastrozole + megestrol acetate,-90,-74.6,-13,-117,0,5,BR:BT-549;BR:HS 578T;BR:MCF7;BR:MDA-MB-231;BR:T-47D,0.378230901780586,FALSE,FALSE,not_patient_scored
anastrozole,lomustine,anastrozole + lomustine,-3,1.8,22,-18,0.4,5,BR:BT-549;BR:HS 578T;BR:MCF7;BR:MDA-MB-231;BR:T-47D,0.378230901780586,FALSE,FALSE,not_patient_scored
anastrozole,daunorubicin,anastrozole + daunorubicin,16,4.2,26,-35,0.6,5,BR:BT-549;BR:HS 578T;BR:MCF7;BR:MDA-MB-231;BR:T-47D,0.869519433275895,FALSE,FALSE,not_patient_scored
anastrozole,cladribine,anastrozole + cladribine,-15,-24.4,1,-75,0.2,5,BR:BT-549;BR:HS 578T;BR:MCF7;BR:MDA-MB-231;BR:T-47D,0.378230901780586,FALSE,FALSE,not_patient_scored
anastrozole,fludarabine,anastrozole + fludarabine,-56,-45.6,26,-95,0.2,5,BR:BT-549;BR:HS 578T;BR:MCF7;BR:MDA-MB-231;BR:T-47D,0.378230901780586,FALSE,FALSE,not_patient_scored
anastrozole,isotretinoin,anastrozole + isotretinoin,-3,-12.8,27,-51,0.4,5,BR:BT-549;BR:HS 578T;BR:MCF7;BR:MDA-MB-231;BR:T-47D,0.378230901780586,FALSE,FALSE,not_patient_scored
anastrozole,teniposide,anastrozole + teniposide,-20,-18.2,4,-42,0.2,5,BR:BT-549;BR:HS 578T;BR:MCF7;BR:MDA-MB-231;BR:T-47D,0.378230901780586,FALSE,FALSE,not_patient_scored
anastrozole,doxorubicin,anastrozole + doxorubicin,-56,-57.2,-9,-104,0,5,BR:BT-549;BR:HS 578T;BR:MCF7;BR:MDA-MB-231;BR:T-47D,0.378230901780586,FALSE,TRUE,tier_B_one_drug_patient_scored
anastrozole,bleomycin,anastrozole + bleomycin,-22,-27.2,-2,-72,0,5,BR:BT-549;BR:HS 578T;BR:MCF7;BR:MDA-MB-231;BR:T-47D,0.378230901780586,FALSE,FALSE,not_patient_scored
anastrozole,paclitaxel,anastrozole + paclitaxel,-43,-22.8,49,-69,0.2,5,BR:BT-549;BR:HS 578T;BR:MCF7;BR:MDA-MB-231;BR:T-47D,0.378230901780586,FALSE,TRUE,tier_B_one_drug_patient_scored
anastrozole,bendamustine,anastrozole + bendamustine,-101,-75.2,2,-122,0.2,5,BR:BT-549;BR:HS 578T;BR:MCF7;BR:MDA-MB-231;BR:T-47D,0.378230901780586,FALSE,FALSE,not_patient_scored
anastrozole,etoposide,anastrozole + etoposide,-1,3.6,29,-14,0.4,5,BR:BT-549;BR:HS 578T;BR:MCF7;BR:MDA-MB-231;BR:T-47D,0.378230901780586,FALSE,FALSE,not_patient_scored
anastrozole,dexrazoxane,anastrozole + dexrazoxane,-8,-17,8,-45,0.2,5,BR:BT-549;BR:HS 578T;BR:MCF7;BR:MDA-MB-231;BR:T-47D,0.378230901780586,FALSE,FALSE,not_patient_scored
anastrozole,tamoxifen,anastrozole + tamoxifen,-8,-2,39,-32,0.4,5,BR:BT-549;BR:HS 578T;BR:MCF7;BR:MDA-MB-231;BR:T-47D,0.378230901780586,FALSE,FALSE,not_patient_scored
anastrozole,carboplatin,anastrozole + carboplatin,-41,-21.4,35,-54,0.4,5,BR:BT-549;BR:HS 578T;BR:MCF7;BR:MDA-MB-231;BR:T-47D,0.378230901780586,FALSE,FALSE,not_patient_scored
anastrozole,valrubicin,anastrozole + valrubicin,47,43.75,160,-79,0.5,4,BR:BT-549;BR:MCF7;BR:MDA-MB-231;BR:T-47D,0.956538387899674,FALSE,FALSE,not_patient_scored
anastrozole,mitoxantrone,anastrozole + mitoxantrone,29,19.4,54,-23,0.8,5,BR:BT-549;BR:HS 578T;BR:MCF7;BR:MDA-MB-231;BR:T-47D,0.920830940072755,FALSE,FALSE,not_patient_scored
anastrozole,temozolomide,anastrozole + temozolomide,-50,-59.8,-23,-103,0,5,BR:BT-549;BR:HS 578T;BR:MCF7;BR:MDA-MB-231;BR:T-47D,0.378230901780586,FALSE,FALSE,not_patient_scored
anastrozole,vinorelbine,anastrozole + vinorelbine,12,14.2,68,-35,0.6,5,BR:BT-549;BR:HS 578T;BR:MCF7;BR:MDA-MB-231;BR:T-47D,0.847118514263833,FALSE,FALSE,not_patient_scored
anastrozole,pemetrexed,anastrozole + pemetrexed,-37,-33.2,-6,-65,0,5,BR:BT-549;BR:HS 578T;BR:MCF7;BR:MDA-MB-231;BR:T-47D,0.378230901780586,FALSE,FALSE,not_patient_scored
anastrozole,exemestane,anastrozole + exemestane,57,37.8,62,-11,0.8,5,BR:BT-549;BR:HS 578T;BR:MCF7;BR:MDA-MB-231;BR:T-47D,0.970227838407046,FALSE,FALSE,not_patient_scored
anastrozole,gefitinib,anastrozole + gefitinib,9,3,28,-51,0.8,5,BR:BT-549;BR:HS 578T;BR:MCF7;BR:MDA-MB-231;BR:T-47D,0.827685238368754,FALSE,FALSE,not_patient_scored
anastrozole,fulvestrant,anastrozole + fulvestrant,-35,-55.8,-21,-107,0,5,BR:BT-549;BR:HS 578T;BR:MCF7;BR:MDA-MB-231;BR:T-47D,0.378230901780586,FALSE,FALSE,not_patient_scored
anastrozole,letrozole,anastrozole + letrozole,-45,-54.2,-9,-116,0,5,BR:BT-549;BR:HS 578T;BR:MCF7;BR:MDA-MB-231;BR:T-47D,0.378230901780586,FALSE,FALSE,not_patient_scored
anastrozole,celecoxib,anastrozole + celecoxib,-71,-74.6,-45,-104,0,5,BR:BT-549;BR:HS 578T;BR:MCF7;BR:MDA-MB-231;BR:T-47D,0.378230901780586,FALSE,FALSE,not_patient_scored
anastrozole,zoledronate,anastrozole + zoledronate,-62,-55.2,8,-112,0.2,5,BR:BT-549;BR:HS 578T;BR:MCF7;BR:MDA-MB-231;BR:T-47D,0.378230901780586,FALSE,FALSE,not_patient_scored
anastrozole,dasatinib,anastrozole + dasatinib,-47,-41.4,-12,-70,0,5,BR:BT-549;BR:HS 578T;BR:MCF7;BR:MDA-MB-231;BR:T-47D,0.378230901780586,FALSE,FALSE,not_patient_scored
anastrozole,everolimus,anastrozole + everolimus,-33,-47.4,2,-96,0.2,5,BR:BT-549;BR:HS 578T;BR:MCF7;BR:MDA-MB-231;BR:T-47D,0.378230901780586,FALSE,FALSE,not_patient_scored
anastrozole,pazopanib,anastrozole + pazopanib,-32,-22,20,-59,0.4,5,BR:BT-549;BR:HS 578T;BR:MCF7;BR:MDA-MB-231;BR:T-47D,0.378230901780586,FALSE,FALSE,not_patient_scored
anastrozole,imatinib,anastrozole + imatinib,-44,-41.2,12,-82,0.2,5,BR:BT-549;BR:HS 578T;BR:MCF7;BR:MDA-MB-231;BR:T-47D,0.378230901780586,FALSE,FALSE,not_patient_scored
anastrozole,lapatinib,anastrozole + lapatinib,-39,-47.8,-23,-77,0,5,BR:BT-549;BR:HS 578T;BR:MCF7;BR:MDA-MB-231;BR:T-47D,0.378230901780586,FALSE,TRUE,tier_B_one_drug_patient_scored
anastrozole,nilotinib,anastrozole + nilotinib,-78.5,-105.9,-30,-251,0,5,BR:BT-549;BR:HS 578T;BR:MCF7;BR:MDA-MB-231;BR:T-47D,0.378230901780586,FALSE,FALSE,not_patient_scored
anastrozole,sorafenib,anastrozole + sorafenib,-89,-81.4,39,-158,0.2,5,BR:BT-549;BR:HS 578T;BR:MCF7;BR:MDA-MB-231;BR:T-47D,0.378230901780586,FALSE,FALSE,not_patient_scored
anastrozole,lenalidomide,anastrozole + lenalidomide,-47,-45.4,10,-99,0.2,5,BR:BT-549;BR:HS 578T;BR:MCF7;BR:MDA-MB-231;BR:T-47D,0.378230901780586,FALSE,FALSE,not_patient_scored
anastrozole,raloxifene,anastrozole + raloxifene,-24,-16.8,69,-67,0.4,5,BR:BT-549;BR:HS 578T;BR:MCF7;BR:MDA-MB-231;BR:T-47D,0.378230901780586,FALSE,FALSE,not_patient_scored
abiraterone,anastrozole,abiraterone + anastrozole,-6,-22,14,-87,0.2,5,BR:BT-549;BR:HS 578T;BR:MCF7;BR:MDA-MB-231;BR:T-47D,0.378230901780586,FALSE,FALSE,not_patient_scored
anastrozole,sunitinib,anastrozole + sunitinib,-41,-39.6,41,-90,0.2,5,BR:BT-549;BR:HS 578T;BR:MCF7;BR:MDA-MB-231;BR:T-47D,0.378230901780586,FALSE,FALSE,not_patient_scored
anastrozole,vemurafenib,anastrozole + vemurafenib,-6,-7,13,-36,0.4,5,BR:BT-549;BR:HS 578T;BR:MCF7;BR:MDA-MB-231;BR:T-47D,0.378230901780586,FALSE,FALSE,not_patient_scored
anastrozole,depsipeptide,anastrozole + depsipeptide,-12.5,-23.6,43,-147,0.2,5,BR:BT-549;BR:HS 578T;BR:MCF7;BR:MDA-MB-231;BR:T-47D,0.378230901780586,FALSE,FALSE,not_patient_scored
anastrozole,vismodegib,anastrozole + vismodegib,13,-4.2,32,-49,0.6,5,BR:BT-549;BR:HS 578T;BR:MCF7;BR:MDA-MB-231;BR:T-47D,0.852766609228413,FALSE,FALSE,not_patient_scored
anastrozole,crizotinib,anastrozole + crizotinib,-18,-6.2,36,-60,0.4,5,BR:BT-549;BR:HS 578T;BR:MCF7;BR:MDA-MB-231;BR:T-47D,0.378230901780586,FALSE,FALSE,not_patient_scored
anastrozole,axitinib,anastrozole + axitinib,-10,-31.4,6,-87,0.2,5,BR:BT-549;BR:HS 578T;BR:MCF7;BR:MDA-MB-231;BR:T-47D,0.378230901780586,FALSE,FALSE,not_patient_scored
anastrozole,vandetanib,anastrozole + vandetanib,-9,-9.4,41,-71,0.4,5,BR:BT-549;BR:HS 578T;BR:MCF7;BR:MDA-MB-231;BR:T-47D,0.378230901780586,FALSE,FALSE,not_patient_scored
anastrozole,cabazitaxel,anastrozole + cabazitaxel,24,13,41,-37,0.75,4,BR:BT-549;BR:MCF7;BR:MDA-MB-231;BR:T-47D,0.904843959410301,FALSE,FALSE,not_patient_scored
anastrozole,ruxolitinib,anastrozole + ruxolitinib,-58,-41.6,17,-74,0.2,5,BR:BT-549;BR:HS 578T;BR:MCF7;BR:MDA-MB-231;BR:T-47D,0.378230901780586,FALSE,FALSE,not_patient_scored
6 thioguanine,letrozole,6 thioguanine + letrozole,-28,-44.2,-7,-115,0,5,BR:BT-549;BR:HS 578T;BR:MCF7;BR:MDA-MB-231;BR:T-47D,0.378230901780586,FALSE,FALSE,not_patient_scored
chlorambucil,letrozole,chlorambucil + letrozole,-41,-49.8,-19,-123,0,5,BR:BT-549;BR:HS 578T;BR:MCF7;BR:MDA-MB-231;BR:T-47D,0.378230901780586,FALSE,FALSE,not_patient_scored
letrozole,melphalan,letrozole + melphalan,5,9.8,35,-11,0.8,5,BR:BT-549;BR:HS 578T;BR:MCF7;BR:MDA-MB-231;BR:T-47D,0.793030825196247,FALSE,FALSE,not_patient_scored
altretamine,letrozole,altretamine + letrozole,-16,-32.4,14,-83,0.2,5,BR:BT-549;BR:HS 578T;BR:MCF7;BR:MDA-MB-231;BR:T-47D,0.378230901780586,FALSE,FALSE,not_patient_scored
5-fluorouracil,letrozole,5-fluorouracil + letrozole,11,1.4,32,-41,0.6,5,BR:BT-549;BR:HS 578T;BR:MCF7;BR:MDA-MB-231;BR:T-47D,0.841853340991767,TRUE,FALSE,tier_B_one_drug_patient_scored
letrozole,uracil mustard,letrozole + uracil mustard,-15,-16,-2,-25,0,5,BR:BT-549;BR:HS 578T;BR:MCF7;BR:MDA-MB-231;BR:T-47D,0.378230901780586,FALSE,FALSE,not_patient_scored
dacarbazine,letrozole,dacarbazine + letrozole,-41,-42,-8,-80,0,5,BR:BT-549;BR:HS 578T;BR:MCF7;BR:MDA-MB-231;BR:T-47D,0.378230901780586,FALSE,FALSE,not_patient_scored
letrozole,megestrol acetate,letrozole + megestrol acetate,-48,-64.8,25,-141,0.2,5,BR:BT-549;BR:HS 578T;BR:MCF7;BR:MDA-MB-231;BR:T-47D,0.378230901780586,FALSE,FALSE,not_patient_scored
letrozole,lomustine,letrozole + lomustine,7,3.8,33,-21,0.6,5,BR:BT-549;BR:HS 578T;BR:MCF7;BR:MDA-MB-231;BR:T-47D,0.810453762205629,FALSE,FALSE,not_patient_scored
daunorubicin,letrozole,daunorubicin + letrozole,0,8.2,41,-22,0.4,5,BR:BT-549;BR:HS 578T;BR:MCF7;BR:MDA-MB-231;BR:T-47D,0.378230901780586,FALSE,FALSE,not_patient_scored
letrozole,teniposide,letrozole + teniposide,-9,-13.6,36,-77,0.4,5,BR:BT-549;BR:HS 578T;BR:MCF7;BR:MDA-MB-231;BR:T-47D,0.378230901780586,FALSE,FALSE,not_patient_scored
etoposide,letrozole,etoposide + letrozole,10,9.4,38,-12,0.6,5,BR:BT-549;BR:HS 578T;BR:MCF7;BR:MDA-MB-231;BR:T-47D,0.835343672219031,FALSE,FALSE,not_patient_scored
dexrazoxane,letrozole,dexrazoxane + letrozole,-21,-23.8,-13,-37,0,5,BR:BT-549;BR:HS 578T;BR:MCF7;BR:MDA-MB-231;BR:T-47D,0.378230901780586,FALSE,FALSE,not_patient_scored
letrozole,mitoxantrone,letrozole + mitoxantrone,30,44.2,100,18,1,5,BR:BT-549;BR:HS 578T;BR:MCF7;BR:MDA-MB-231;BR:T-47D,0.923607122343481,FALSE,FALSE,not_patient_scored
letrozole,vinorelbine,letrozole + vinorelbine,33,22.4,37,2,1,5,BR:BT-549;BR:HS 578T;BR:MCF7;BR:MDA-MB-231;BR:T-47D,0.932701512540685,FALSE,FALSE,not_patient_scored
letrozole,pemetrexed,letrozole + pemetrexed,-32,-27.8,-11,-34,0,5,BR:BT-549;BR:HS 578T;BR:MCF7;BR:MDA-MB-231;BR:T-47D,0.378230901780586,FALSE,FALSE,not_patient_scored
exemestane,letrozole,exemestane + letrozole,81,60.6,99,-2,0.8,5,BR:BT-549;BR:HS 578T;BR:MCF7;BR:MDA-MB-231;BR:T-47D,0.985257514838216,FALSE,FALSE,not_patient_scored
gefitinib,letrozole,gefitinib + letrozole,10,17,58,-22,0.8,5,BR:BT-549;BR:HS 578T;BR:MCF7;BR:MDA-MB-231;BR:T-47D,0.835343672219031,FALSE,FALSE,not_patient_scored
letrozole,pazopanib,letrozole + pazopanib,-11,-17.6,21,-50,0.4,5,BR:BT-549;BR:HS 578T;BR:MCF7;BR:MDA-MB-231;BR:T-47D,0.378230901780586,FALSE,FALSE,not_patient_scored
lenalidomide,letrozole,lenalidomide + letrozole,-24,-30.6,-6,-87,0,5,BR:BT-549;BR:HS 578T;BR:MCF7;BR:MDA-MB-231;BR:T-47D,0.378230901780586,FALSE,FALSE,not_patient_scored
letrozole,raloxifene,letrozole + raloxifene,-9,-8.2,52,-89,0.4,5,BR:BT-549;BR:HS 578T;BR:MCF7;BR:MDA-MB-231;BR:T-47D,0.378230901780586,FALSE,FALSE,not_patient_scored
abiraterone,letrozole,abiraterone + letrozole,2,-9.6,31,-75,0.6,5,BR:BT-549;BR:HS 578T;BR:MCF7;BR:MDA-MB-231;BR:T-47D,0.768140915182845,FALSE,FALSE,not_patient_scored
letrozole,vemurafenib,letrozole + vemurafenib,15,7.8,20,-21,0.8,5,BR:BT-549;BR:HS 578T;BR:MCF7;BR:MDA-MB-231;BR:T-47D,0.864541451273215,FALSE,FALSE,not_patient_scored
letrozole,vismodegib,letrozole + vismodegib,32,16.8,66,-54,0.6,5,BR:BT-549;BR:HS 578T;BR:MCF7;BR:MDA-MB-231;BR:T-47D,0.929638139000574,FALSE,FALSE,not_patient_scored
crizotinib,letrozole,crizotinib + letrozole,24,13.4,58,-25,0.6,5,BR:BT-549;BR:HS 578T;BR:MCF7;BR:MDA-MB-231;BR:T-47D,0.904843959410301,FALSE,FALSE,not_patient_scored
axitinib,letrozole,axitinib + letrozole,-13,-10.6,59,-87,0.4,5,BR:BT-549;BR:HS 578T;BR:MCF7;BR:MDA-MB-231;BR:T-47D,0.378230901780586,FALSE,FALSE,not_patient_scored
letrozole,vandetanib,letrozole + vandetanib,27,1.4,59,-67,0.6,5,BR:BT-549;BR:HS 578T;BR:MCF7;BR:MDA-MB-231;BR:T-47D,0.914225540876891,FALSE,FALSE,not_patient_scored
cabazitaxel,letrozole,cabazitaxel + letrozole,52,35.2,134,-76,0.8,5,BR:BT-549;BR:HS 578T;BR:MCF7;BR:MDA-MB-231;BR:T-47D,0.964675473865594,FALSE,FALSE,not_patient_scored
letrozole,ruxolitinib,letrozole + ruxolitinib,-44,-28.4,37,-76,0.4,5,BR:BT-549;BR:HS 578T;BR:MCF7;BR:MDA-MB-231;BR:T-47D,0.378230901780586,FALSE,FALSE,not_patient_scored
celecoxib,methotrexate,celecoxib + methotrexate,-79,-129.4,-17,-361,0,5,BR:BT-549;BR:HS 578T;BR:MCF7;BR:MDA-MB-231;BR:T-47D,0.378230901780586,FALSE,FALSE,not_patient_scored
6 thioguanine,celecoxib,6 thioguanine + celecoxib,-47,-44.6,1,-112,0.2,5,BR:BT-549;BR:HS 578T;BR:MCF7;BR:MDA-MB-231;BR:T-47D,0.378230901780586,FALSE,FALSE,not_patient_scored
actinomycin d,celecoxib,actinomycin d + celecoxib,108,77.6,118,23,1,5,BR:BT-549;BR:HS 578T;BR:MCF7;BR:MDA-MB-231;BR:T-47D,0.992533026995979,FALSE,FALSE,not_patient_scored
celecoxib,chlorambucil,celecoxib + chlorambucil,-39,-41.2,-16,-74,0,5,BR:BT-549;BR:HS 578T;BR:MCF7;BR:MDA-MB-231;BR:T-47D,0.378230901780586,FALSE,FALSE,not_patient_scored
celecoxib,melphalan,celecoxib + melphalan,-24,-17.2,12,-31,0.2,5,BR:BT-549;BR:HS 578T;BR:MCF7;BR:MDA-MB-231;BR:T-47D,0.378230901780586,FALSE,FALSE,not_patient_scored
altretamine,celecoxib,altretamine + celecoxib,-46,-83,-30,-213,0,5,BR:BT-549;BR:HS 578T;BR:MCF7;BR:MDA-MB-231;BR:T-47D,0.378230901780586,FALSE,FALSE,not_patient_scored
5-fluorouracil,celecoxib,5-fluorouracil + celecoxib,-22,-15.4,4,-24,0.2,5,BR:BT-549;BR:HS 578T;BR:MCF7;BR:MDA-MB-231;BR:T-47D,0.378230901780586,TRUE,FALSE,tier_B_one_drug_patient_scored
celecoxib,uracil mustard,celecoxib + uracil mustard,-56,-51,-27,-69,0,5,BR:BT-549;BR:HS 578T;BR:MCF7;BR:MDA-MB-231;BR:T-47D,0.378230901780586,FALSE,FALSE,not_patient_scored
celecoxib,dacarbazine,celecoxib + dacarbazine,-28,-29.8,-18,-46,0,5,BR:BT-549;BR:HS 578T;BR:MCF7;BR:MDA-MB-231;BR:T-47D,0.378230901780586,FALSE,FALSE,not_patient_scored
celecoxib,megestrol acetate,celecoxib + megestrol acetate,-28,-53.6,46,-145,0.2,5,BR:BT-549;BR:HS 578T;BR:MCF7;BR:MDA-MB-231;BR:T-47D,0.378230901780586,FALSE,FALSE,not_patient_scored
celecoxib,lomustine,celecoxib + lomustine,-23,-27,0,-64,0,5,BR:BT-549;BR:HS 578T;BR:MCF7;BR:MDA-MB-231;BR:T-47D,0.378230901780586,FALSE,FALSE,not_patient_scored
celecoxib,daunorubicin,celecoxib + daunorubicin,64,49.4,82,6,1,5,BR:BT-549;BR:HS 578T;BR:MCF7;BR:MDA-MB-231;BR:T-47D,0.975780202948497,FALSE,FALSE,not_patient_scored
celecoxib,teniposide,celecoxib + teniposide,19,9.2,57,-37,0.6,5,BR:BT-549;BR:HS 578T;BR:MCF7;BR:MDA-MB-231;BR:T-47D,0.883974727168294,FALSE,FALSE,not_patient_scored
celecoxib,etoposide,celecoxib + etoposide,32,13,70,-48,0.6,5,BR:BT-549;BR:HS 578T;BR:MCF7;BR:MDA-MB-231;BR:T-47D,0.929638139000574,FALSE,FALSE,not_patient_scored
celecoxib,dexrazoxane,celecoxib + dexrazoxane,-13,-11.8,17,-27,0.2,5,BR:BT-549;BR:HS 578T;BR:MCF7;BR:MDA-MB-231;BR:T-47D,0.378230901780586,FALSE,FALSE,not_patient_scored
celecoxib,mitoxantrone,celecoxib + mitoxantrone,41,45.8,87,-16,0.8,5,BR:BT-549;BR:HS 578T;BR:MCF7;BR:MDA-MB-231;BR:T-47D,0.947635458548727,FALSE,FALSE,not_patient_scored
celecoxib,vinorelbine,celecoxib + vinorelbine,65,68.6,121,31,1,5,BR:BT-549;BR:HS 578T;BR:MCF7;BR:MDA-MB-231;BR:T-47D,0.97683323760291,FALSE,FALSE,not_patient_scored
celecoxib,pemetrexed,celecoxib + pemetrexed,-35,-32.6,7,-64,0.2,5,BR:BT-549;BR:HS 578T;BR:MCF7;BR:MDA-MB-231;BR:T-47D,0.378230901780586,FALSE,FALSE,not_patient_scored
celecoxib,exemestane,celecoxib + exemestane,47,32.8,88,-20,0.6,5,BR:BT-549;BR:HS 578T;BR:MCF7;BR:MDA-MB-231;BR:T-47D,0.956538387899674,FALSE,FALSE,not_patient_scored
celecoxib,gefitinib,celecoxib + gefitinib,18,16.4,38,-17,0.8,5,BR:BT-549;BR:HS 578T;BR:MCF7;BR:MDA-MB-231;BR:T-47D,0.878996745165614,FALSE,FALSE,not_patient_scored
celecoxib,letrozole,celecoxib + letrozole,-81,-70.4,-4,-100,0,5,BR:BT-549;BR:HS 578T;BR:MCF7;BR:MDA-MB-231;BR:T-47D,0.378230901780586,FALSE,FALSE,not_patient_scored
celecoxib,pazopanib,celecoxib + pazopanib,38,39.4,86,-15,0.8,5,BR:BT-549;BR:HS 578T;BR:MCF7;BR:MDA-MB-231;BR:T-47D,0.943423319931074,FALSE,FALSE,not_patient_scored
celecoxib,lenalidomide,celecoxib + lenalidomide,-25,-23.6,41,-74,0.2,5,BR:BT-549;BR:HS 578T;BR:MCF7;BR:MDA-MB-231;BR:T-47D,0.378230901780586,FALSE,FALSE,not_patient_scored
celecoxib,raloxifene,celecoxib + raloxifene,-3,-12.8,41,-84,0.4,5,BR:BT-549;BR:HS 578T;BR:MCF7;BR:MDA-MB-231;BR:T-47D,0.378230901780586,FALSE,FALSE,not_patient_scored
abiraterone,celecoxib,abiraterone + celecoxib,-6,-7.8,56,-88,0.4,5,BR:BT-549;BR:HS 578T;BR:MCF7;BR:MDA-MB-231;BR:T-47D,0.378230901780586,FALSE,FALSE,not_patient_scored
celecoxib,vemurafenib,celecoxib + vemurafenib,-5,2.4,50,-44,0.4,5,BR:BT-549;BR:HS 578T;BR:MCF7;BR:MDA-MB-231;BR:T-47D,0.378230901780586,FALSE,FALSE,not_patient_scored
celecoxib,vismodegib,celecoxib + vismodegib,70,47,89,-10,0.8,5,BR:BT-549;BR:HS 578T;BR:MCF7;BR:MDA-MB-231;BR:T-47D,0.979705150296764,FALSE,FALSE,not_patient_scored
celecoxib,crizotinib,celecoxib + crizotinib,28,34.6,91,-19,0.8,5,BR:BT-549;BR:HS 578T;BR:MCF7;BR:MDA-MB-231;BR:T-47D,0.91738464484013,FALSE,FALSE,not_patient_scored
axitinib,celecoxib,axitinib + celecoxib,-28,-16.8,64,-96,0.4,5,BR:BT-549;BR:HS 578T;BR:MCF7;BR:MDA-MB-231;BR:T-47D,0.378230901780586,FALSE,FALSE,not_patient_scored
celecoxib,vandetanib,celecoxib + vandetanib,-8,5.8,58,-60,0.4,5,BR:BT-549;BR:HS 578T;BR:MCF7;BR:MDA-MB-231;BR:T-47D,0.378230901780586,FALSE,FALSE,not_patient_scored
cabazitaxel,celecoxib,cabazitaxel + celecoxib,146,143.8,234,33,1,5,BR:BT-549;BR:HS 578T;BR:MCF7;BR:MDA-MB-231;BR:T-47D,0.996649435190504,FALSE,FALSE,not_patient_scored
celecoxib,ruxolitinib,celecoxib + ruxolitinib,-22,-16.6,40,-83,0.4,5,BR:BT-549;BR:HS 578T;BR:MCF7;BR:MDA-MB-231;BR:T-47D,0.378230901780586,FALSE,FALSE,not_patient_scored
6 thioguanine,zoledronate,6 thioguanine + zoledronate,-30,-45.4,-11,-121,0,5,BR:BT-549;BR:HS 578T;BR:MCF7;BR:MDA-MB-231;BR:T-47D,0.378230901780586,FALSE,FALSE,not_patient_scored
actinomycin d,zoledronate,actinomycin d + zoledronate,-20,-21.8,32,-71,0.2,5,BR:BT-549;BR:HS 578T;BR:MCF7;BR:MDA-MB-231;BR:T-47D,0.378230901780586,FALSE,FALSE,not_patient_scored
chlorambucil,zoledronate,chlorambucil + zoledronate,-125,-125,-105,-144,0,5,BR:BT-549;BR:HS 578T;BR:MCF7;BR:MDA-MB-231;BR:T-47D,0.378230901780586,FALSE,FALSE,not_patient_scored
thiotepa,zoledronate,thiotepa + zoledronate,-22,-17.2,43,-48,0.2,5,BR:BT-549;BR:HS 578T;BR:MCF7;BR:MDA-MB-231;BR:T-47D,0.378230901780586,FALSE,FALSE,not_patient_scored
melphalan,zoledronate,melphalan + zoledronate,-109,-108.6,-59,-149,0,5,BR:BT-549;BR:HS 578T;BR:MCF7;BR:MDA-MB-231;BR:T-47D,0.378230901780586,FALSE,FALSE,not_patient_scored
altretamine,zoledronate,altretamine + zoledronate,-55,-51.2,-9,-104,0,5,BR:BT-549;BR:HS 578T;BR:MCF7;BR:MDA-MB-231;BR:T-47D,0.378230901780586,FALSE,FALSE,not_patient_scored
aminolevulinic acid,zoledronate,aminolevulinic acid + zoledronate,-25,-19.8,9,-38,0.2,5,BR:BT-549;BR:HS 578T;BR:MCF7;BR:MDA-MB-231;BR:T-47D,0.378230901780586,FALSE,FALSE,not_patient_scored
5-fluorouracil,zoledronate,5-fluorouracil + zoledronate,10,16.4,40,-6,0.8,5,BR:BT-549;BR:HS 578T;BR:MCF7;BR:MDA-MB-231;BR:T-47D,0.835343672219031,TRUE,FALSE,tier_B_one_drug_patient_scored
floxuridine,zoledronate,floxuridine + zoledronate,-7,-15,21,-68,0.2,5,BR:BT-549;BR:HS 578T;BR:MCF7;BR:MDA-MB-231;BR:T-47D,0.378230901780586,FALSE,FALSE,not_patient_scored
uracil mustard,zoledronate,uracil mustard + zoledronate,-209,-206.8,-130,-263,0,5,BR:BT-549;BR:HS 578T;BR:MCF7;BR:MDA-MB-231;BR:T-47D,0.378230901780586,FALSE,FALSE,not_patient_scored
mitotane,zoledronate,mitotane + zoledronate,-18,-25.8,11,-69,0.2,5,BR:BT-549;BR:HS 578T;BR:MCF7;BR:MDA-MB-231;BR:T-47D,0.378230901780586,FALSE,FALSE,not_patient_scored
dacarbazine,zoledronate,dacarbazine + zoledronate,-2,-11.4,16,-62,0.2,5,BR:BT-549;BR:HS 578T;BR:MCF7;BR:MDA-MB-231;BR:T-47D,0.378230901780586,FALSE,FALSE,not_patient_scored
vinblastine,zoledronate,vinblastine + zoledronate,-22,-26,-2,-54,0,5,BR:BT-549;BR:HS 578T;BR:MCF7;BR:MDA-MB-231;BR:T-47D,0.378230901780586,FALSE,FALSE,not_patient_scored
cytarabine,zoledronate,cytarabine + zoledronate,-24,-19.6,24,-62,0.2,5,BR:BT-549;BR:HS 578T;BR:MCF7;BR:MDA-MB-231;BR:T-47D,0.378230901780586,FALSE,FALSE,not_patient_scored
vincristine,zoledronate,vincristine + zoledronate,-22,-33,-10,-87,0,5,BR:BT-549;BR:HS 578T;BR:MCF7;BR:MDA-MB-231;BR:T-47D,0.378230901780586,FALSE,FALSE,not_patient_scored
megestrol acetate,zoledronate,megestrol acetate + zoledronate,-57,-66,-14,-113,0,5,BR:BT-549;BR:HS 578T;BR:MCF7;BR:MDA-MB-231;BR:T-47D,0.378230901780586,FALSE,FALSE,not_patient_scored
lomustine,zoledronate,lomustine + zoledronate,-179,-153.6,-81,-193,0,5,BR:BT-549;BR:HS 578T;BR:MCF7;BR:MDA-MB-231;BR:T-47D,0.378230901780586,FALSE,FALSE,not_patient_scored
daunorubicin,zoledronate,daunorubicin + zoledronate,-139,-146,-114,-180,0,5,BR:BT-549;BR:HS 578T;BR:MCF7;BR:MDA-MB-231;BR:T-47D,0.378230901780586,FALSE,FALSE,not_patient_scored
azacitidine,zoledronate,azacitidine + zoledronate,-35,-34.6,-15,-61,0,5,BR:BT-549;BR:HS 578T;BR:MCF7;BR:MDA-MB-231;BR:T-47D,0.378230901780586,FALSE,FALSE,not_patient_scored
cladribine,zoledronate,cladribine + zoledronate,-17,-11.8,38,-42,0.2,5,BR:BT-549;BR:HS 578T;BR:MCF7;BR:MDA-MB-231;BR:T-47D,0.378230901780586,FALSE,FALSE,not_patient_scored
fludarabine,zoledronate,fludarabine + zoledronate,-41,-33.8,1,-63,0.2,5,BR:BT-549;BR:HS 578T;BR:MCF7;BR:MDA-MB-231;BR:T-47D,0.378230901780586,FALSE,FALSE,not_patient_scored
isotretinoin,zoledronate,isotretinoin + zoledronate,-14,2.8,77,-53,0.4,5,BR:BT-549;BR:HS 578T;BR:MCF7;BR:MDA-MB-231;BR:T-47D,0.378230901780586,FALSE,FALSE,not_patient_scored
teniposide,zoledronate,teniposide + zoledronate,-270,-276.4,-220,-340,0,5,BR:BT-549;BR:HS 578T;BR:MCF7;BR:MDA-MB-231;BR:T-47D,0.378230901780586,FALSE,FALSE,not_patient_scored
paclitaxel,zoledronate,paclitaxel + zoledronate,-12,-23.2,30,-102,0.4,5,BR:BT-549;BR:HS 578T;BR:MCF7;BR:MDA-MB-231;BR:T-47D,0.378230901780586,TRUE,FALSE,tier_B_one_drug_patient_scored
etoposide,zoledronate,etoposide + zoledronate,-234,-242.4,-198,-296,0,5,BR:BT-549;BR:HS 578T;BR:MCF7;BR:MDA-MB-231;BR:T-47D,0.378230901780586,FALSE,FALSE,not_patient_scored
dexrazoxane,zoledronate,dexrazoxane + zoledronate,-30,-33.4,-19,-61,0,5,BR:BT-549;BR:HS 578T;BR:MCF7;BR:MDA-MB-231;BR:T-47D,0.378230901780586,FALSE,FALSE,not_patient_scored
tamoxifen,zoledronate,tamoxifen + zoledronate,-41,-23.4,33,-65,0.4,5,BR:BT-549;BR:HS 578T;BR:MCF7;BR:MDA-MB-231;BR:T-47D,0.378230901780586,FALSE,FALSE,not_patient_scored
rapamycin,zoledronate,rapamycin + zoledronate,1,6.8,84,-60,0.6,5,BR:BT-549;BR:HS 578T;BR:MCF7;BR:MDA-MB-231;BR:T-47D,0.759908098793797,TRUE,FALSE,tier_B_one_drug_patient_scored
carboplatin,zoledronate,carboplatin + zoledronate,-17,-23,-4,-50,0,5,BR:BT-549;BR:HS 578T;BR:MCF7;BR:MDA-MB-231;BR:T-47D,0.378230901780586,FALSE,FALSE,not_patient_scored
valrubicin,zoledronate,valrubicin + zoledronate,-23,-8.5,76,-64,0.25,4,BR:HS 578T;BR:MCF7;BR:MDA-MB-231;BR:T-47D,0.378230901780586,FALSE,FALSE,not_patient_scored
mitoxantrone,zoledronate,mitoxantrone + zoledronate,-285,-305,-247,-394,0,5,BR:BT-549;BR:HS 578T;BR:MCF7;BR:MDA-MB-231;BR:T-47D,0.378230901780586,FALSE,FALSE,not_patient_scored
temozolomide,zoledronate,temozolomide + zoledronate,-32,-37.8,4,-71,0.2,5,BR:BT-549;BR:HS 578T;BR:MCF7;BR:MDA-MB-231;BR:T-47D,0.378230901780586,FALSE,FALSE,not_patient_scored
clofarabine,zoledronate,clofarabine + zoledronate,-36,-34,15,-95,0.2,5,BR:BT-549;BR:HS 578T;BR:MCF7;BR:MDA-MB-231;BR:T-47D,0.378230901780586,FALSE,FALSE,not_patient_scored
vinorelbine,zoledronate,vinorelbine + zoledronate,-171,-161.4,-79,-262,0,5,BR:BT-549;BR:HS 578T;BR:MCF7;BR:MDA-MB-231;BR:T-47D,0.378230901780586,FALSE,FALSE,not_patient_scored
gemcitabine,zoledronate,gemcitabine + zoledronate,4,0,24,-27,0.6,5,BR:BT-549;BR:HS 578T;BR:MCF7;BR:MDA-MB-231;BR:T-47D,0.783553513306529,TRUE,FALSE,tier_B_one_drug_patient_scored
docetaxel,zoledronate,docetaxel + zoledronate,3,6.6,49,-14,0.6,5,BR:BT-549;BR:HS 578T;BR:MCF7;BR:MDA-MB-231;BR:T-47D,0.775895079456251,TRUE,FALSE,tier_B_one_drug_patient_scored
7 ethyl 10 hydroxycamptothecin,zoledronate,7 ethyl 10 hydroxycamptothecin + zoledronate,-5,-10.6,15,-46,0.2,5,BR:BT-549;BR:HS 578T;BR:MCF7;BR:MDA-MB-231;BR:T-47D,0.378230901780586,FALSE,FALSE,not_patient_scored
nelarabine,zoledronate,nelarabine + zoledronate,-42,-37,56,-146,0.2,5,BR:BT-549;BR:HS 578T;BR:MCF7;BR:MDA-MB-231;BR:T-47D,0.378230901780586,FALSE,FALSE,not_patient_scored
pemetrexed,zoledronate,pemetrexed + zoledronate,-26,-30.6,-13,-56,0,5,BR:BT-549;BR:HS 578T;BR:MCF7;BR:MDA-MB-231;BR:T-47D,0.378230901780586,FALSE,FALSE,not_patient_scored
vorinostat,zoledronate,vorinostat + zoledronate,-3,-1.8,33,-47,0.4,5,BR:BT-549;BR:HS 578T;BR:MCF7;BR:MDA-MB-231;BR:T-47D,0.378230901780586,FALSE,FALSE,not_patient_scored
capecitabine,zoledronate,capecitabine + zoledronate,-7,-29.6,5,-104,0.2,5,BR:BT-549;BR:HS 578T;BR:MCF7;BR:MDA-MB-231;BR:T-47D,0.378230901780586,FALSE,FALSE,not_patient_scored
exemestane,zoledronate,exemestane + zoledronate,-277,-289.8,-249,-364,0,5,BR:BT-549;BR:HS 578T;BR:MCF7;BR:MDA-MB-231;BR:T-47D,0.378230901780586,FALSE,FALSE,not_patient_scored
gefitinib,zoledronate,gefitinib + zoledronate,-56,-47.8,1,-104,0.2,5,BR:BT-549;BR:HS 578T;BR:MCF7;BR:MDA-MB-231;BR:T-47D,0.378230901780586,FALSE,FALSE,not_patient_scored
fulvestrant,zoledronate,fulvestrant + zoledronate,-47,-50.2,-27,-92,0,5,BR:BT-549;BR:HS 578T;BR:MCF7;BR:MDA-MB-231;BR:T-47D,0.378230901780586,FALSE,FALSE,not_patient_scored
celecoxib,zoledronate,celecoxib + zoledronate,-47,-50.8,-11,-101,0,5,BR:BT-549;BR:HS 578T;BR:MCF7;BR:MDA-MB-231;BR:T-47D,0.378230901780586,FALSE,FALSE,not_patient_scored
dasatinib,zoledronate,dasatinib + zoledronate,-18,-4.8,35,-45,0.4,5,BR:BT-549;BR:HS 578T;BR:MCF7;BR:MDA-MB-231;BR:T-47D,0.378230901780586,FALSE,FALSE,not_patient_scored
everolimus,zoledronate,everolimus + zoledronate,-28,-21.4,11,-34,0.2,5,BR:BT-549;BR:HS 578T;BR:MCF7;BR:MDA-MB-231;BR:T-47D,0.378230901780586,FALSE,FALSE,not_patient_scored
pazopanib,zoledronate,pazopanib + zoledronate,14,22,120,-32,0.6,5,BR:BT-549;BR:HS 578T;BR:MCF7;BR:MDA-MB-231;BR:T-47D,0.858989086731763,FALSE,FALSE,not_patient_scored
imatinib,zoledronate,imatinib + zoledronate,-30,-40.2,-25,-74,0,5,BR:BT-549;BR:HS 578T;BR:MCF7;BR:MDA-MB-231;BR:T-47D,0.378230901780586,FALSE,FALSE,not_patient_scored
lapatinib,zoledronate,lapatinib + zoledronate,-39,-34,-17,-50,0,5,BR:BT-549;BR:HS 578T;BR:MCF7;BR:MDA-MB-231;BR:T-47D,0.378230901780586,TRUE,FALSE,tier_B_one_drug_patient_scored
nilotinib,zoledronate,nilotinib + zoledronate,-30,-32,-9,-61,0,5,BR:BT-549;BR:HS 578T;BR:MCF7;BR:MDA-MB-231;BR:T-47D,0.378230901780586,FALSE,FALSE,not_patient_scored
sorafenib,zoledronate,sorafenib + zoledronate,-42,-36.6,-18,-49,0,5,BR:BT-549;BR:HS 578T;BR:MCF7;BR:MDA-MB-231;BR:T-47D,0.378230901780586,FALSE,FALSE,not_patient_scored
lenalidomide,zoledronate,lenalidomide + zoledronate,-37,-22.4,32,-56,0.2,5,BR:BT-549;BR:HS 578T;BR:MCF7;BR:MDA-MB-231;BR:T-47D,0.378230901780586,FALSE,FALSE,not_patient_scored
raloxifene,zoledronate,raloxifene + zoledronate,28,20.4,55,-49,0.8,5,BR:BT-549;BR:HS 578T;BR:MCF7;BR:MDA-MB-231;BR:T-47D,0.91738464484013,FALSE,FALSE,not_patient_scored
abiraterone,zoledronate,abiraterone + zoledronate,-12,-11.8,65,-89,0.4,5,BR:BT-549;BR:HS 578T;BR:MCF7;BR:MDA-MB-231;BR:T-47D,0.378230901780586,FALSE,FALSE,not_patient_scored
sunitinib,zoledronate,sunitinib + zoledronate,-10,-31.4,1,-103,0.4,5,BR:BT-549;BR:HS 578T;BR:MCF7;BR:MDA-MB-231;BR:T-47D,0.378230901780586,FALSE,FALSE,not_patient_scored
vemurafenib,zoledronate,vemurafenib + zoledronate,-2.5,6.25,50,-20,0.25,4,BR:HS 578T;BR:MCF7;BR:MDA-MB-231;BR:T-47D,0.378230901780586,FALSE,FALSE,not_patient_scored
depsipeptide,zoledronate,depsipeptide + zoledronate,23,34.6,111,-2,0.8,5,BR:BT-549;BR:HS 578T;BR:MCF7;BR:MDA-MB-231;BR:T-47D,0.901014742485162,FALSE,FALSE,not_patient_scored
vismodegib,zoledronate,vismodegib + zoledronate,40,32.6,80,-27,0.8,5,BR:BT-549;BR:HS 578T;BR:MCF7;BR:MDA-MB-231;BR:T-47D,0.945529389239901,FALSE,FALSE,not_patient_scored
crizotinib,zoledronate,crizotinib + zoledronate,52,53.4,100,22,1,5,BR:BT-549;BR:HS 578T;BR:MCF7;BR:MDA-MB-231;BR:T-47D,0.964675473865594,FALSE,FALSE,not_patient_scored
axitinib,zoledronate,axitinib + zoledronate,12,-2.6,77,-80,0.6,5,BR:BT-549;BR:HS 578T;BR:MCF7;BR:MDA-MB-231;BR:T-47D,0.847118514263833,FALSE,FALSE,not_patient_scored
vandetanib,zoledronate,vandetanib + zoledronate,38,24.8,49,-30,0.8,5,BR:BT-549;BR:HS 578T;BR:MCF7;BR:MDA-MB-231;BR:T-47D,0.943423319931074,FALSE,FALSE,not_patient_scored
cabazitaxel,zoledronate,cabazitaxel + zoledronate,-96,-84.2,71,-249,0.4,5,BR:BT-549;BR:HS 578T;BR:MCF7;BR:MDA-MB-231;BR:T-47D,0.378230901780586,FALSE,FALSE,not_patient_scored
ruxolitinib,zoledronate,ruxolitinib + zoledronate,7,-3,18,-43,0.6,5,BR:BT-549;BR:HS 578T;BR:MCF7;BR:MDA-MB-231;BR:T-47D,0.810453762205629,FALSE,FALSE,not_patient_scored
6 thioguanine,dasatinib,6 thioguanine + dasatinib,-18,-9.8,41,-35,0.2,5,BR:BT-549;BR:HS 578T;BR:MCF7;BR:MDA-MB-231;BR:T-47D,0.378230901780586,FALSE,FALSE,not_patient_scored
actinomycin d,dasatinib,actinomycin d + dasatinib,-17,-32,10,-111,0.2,5,BR:BT-549;BR:HS 578T;BR:MCF7;BR:MDA-MB-231;BR:T-47D,0.378230901780586,FALSE,FALSE,not_patient_scored
chlorambucil,dasatinib,chlorambucil + dasatinib,30,35,67,0,0.8,5,BR:BT-549;BR:HS 578T;BR:MCF7;BR:MDA-MB-231;BR:T-47D,0.923607122343481,FALSE,FALSE,not_patient_scored
dasatinib,thiotepa,dasatinib + thiotepa,-25,-13,39,-46,0.4,5,BR:BT-549;BR:HS 578T;BR:MCF7;BR:MDA-MB-231;BR:T-47D,0.378230901780586,FALSE,FALSE,not_patient_scored
dasatinib,melphalan,dasatinib + melphalan,-15,-1.6,55,-21,0.2,5,BR:BT-549;BR:HS 578T;BR:MCF7;BR:MDA-MB-231;BR:T-47D,0.378230901780586,FALSE,FALSE,not_patient_scored
altretamine,dasatinib,altretamine + dasatinib,-56,-29.4,49,-66,0.2,5,BR:BT-549;BR:HS 578T;BR:MCF7;BR:MDA-MB-231;BR:T-47D,0.378230901780586,FALSE,FALSE,not_patient_scored
5-fluorouracil,dasatinib,5-fluorouracil + dasatinib,7,16.6,48,-16,0.8,5,BR:BT-549;BR:HS 578T;BR:MCF7;BR:MDA-MB-231;BR:T-47D,0.810453762205629,TRUE,FALSE,tier_B_one_drug_patient_scored
dasatinib,floxuridine,dasatinib + floxuridine,-11,-14,32,-48,0.2,5,BR:BT-549;BR:HS 578T;BR:MCF7;BR:MDA-MB-231;BR:T-47D,0.378230901780586,FALSE,FALSE,not_patient_scored
dasatinib,uracil mustard,dasatinib + uracil mustard,42,57.8,97,26,1,5,BR:BT-549;BR:HS 578T;BR:MCF7;BR:MDA-MB-231;BR:T-47D,0.949645797434425,FALSE,FALSE,not_patient_scored
dacarbazine,dasatinib,dacarbazine + dasatinib,-23,-14.8,24,-41,0.2,5,BR:BT-549;BR:HS 578T;BR:MCF7;BR:MDA-MB-231;BR:T-47D,0.378230901780586,FALSE,FALSE,not_patient_scored
cytarabine,dasatinib,cytarabine + dasatinib,0,-0.2,27,-34,0.4,5,BR:BT-549;BR:HS 578T;BR:MCF7;BR:MDA-MB-231;BR:T-47D,0.378230901780586,FALSE,FALSE,not_patient_scored
dasatinib,vincristine,dasatinib + vincristine,15,6.6,55,-50,0.6,5,BR:BT-549;BR:HS 578T;BR:MCF7;BR:MDA-MB-231;BR:T-47D,0.864541451273215,FALSE,FALSE,not_patient_scored
dasatinib,megestrol acetate,dasatinib + megestrol acetate,-8,-21.4,51,-129,0.4,5,BR:BT-549;BR:HS 578T;BR:MCF7;BR:MDA-MB-231;BR:T-47D,0.378230901780586,FALSE,FALSE,not_patient_scored
dasatinib,lomustine,dasatinib + lomustine,48,44.2,76,-17,0.8,5,BR:BT-549;BR:HS 578T;BR:MCF7;BR:MDA-MB-231;BR:T-47D,0.958452996362244,FALSE,FALSE,not_patient_scored
dasatinib,daunorubicin,dasatinib + daunorubicin,65,59,87,17,1,5,BR:BT-549;BR:HS 578T;BR:MCF7;BR:MDA-MB-231;BR:T-47D,0.97683323760291,FALSE,FALSE,not_patient_scored
azacitidine,dasatinib,azacitidine + dasatinib,-34,-28.2,-1,-52,0,5,BR:BT-549;BR:HS 578T;BR:MCF7;BR:MDA-MB-231;BR:T-47D,0.378230901780586,FALSE,FALSE,not_patient_scored
cladribine,dasatinib,cladribine + dasatinib,5,1.8,12,-11,0.6,5,BR:BT-549;BR:HS 578T;BR:MCF7;BR:MDA-MB-231;BR:T-47D,0.793030825196247,FALSE,FALSE,not_patient_scored
dasatinib,fludarabine,dasatinib + fludarabine,-40,-42.8,-24,-61,0,5,BR:BT-549;BR:HS 578T;BR:MCF7;BR:MDA-MB-231;BR:T-47D,0.378230901780586,FALSE,FALSE,not_patient_scored
dasatinib,isotretinoin,dasatinib + isotretinoin,-17,-13.6,35,-65,0.4,5,BR:BT-549;BR:HS 578T;BR:MCF7;BR:MDA-MB-231;BR:T-47D,0.378230901780586,FALSE,FALSE,not_patient_scored
dasatinib,teniposide,dasatinib + teniposide,51,50.8,63,28,1,5,BR:BT-549;BR:HS 578T;BR:MCF7;BR:MDA-MB-231;BR:T-47D,0.962952326249282,FALSE,FALSE,not_patient_scored
dasatinib,paclitaxel,dasatinib + paclitaxel,-8,-19.8,36,-84,0.4,5,BR:BT-549;BR:HS 578T;BR:MCF7;BR:MDA-MB-231;BR:T-47D,0.378230901780586,FALSE,TRUE,tier_B_one_drug_patient_scored
dasatinib,etoposide,dasatinib + etoposide,27,26.8,34,19,1,5,BR:BT-549;BR:HS 578T;BR:MCF7;BR:MDA-MB-231;BR:T-47D,0.914225540876891,FALSE,FALSE,not_patient_scored
dasatinib,dexrazoxane,dasatinib + dexrazoxane,2,6.6,24,-11,0.6,5,BR:BT-549;BR:HS 578T;BR:MCF7;BR:MDA-MB-231;BR:T-47D,0.768140915182845,FALSE,FALSE,not_patient_scored
dasatinib,tamoxifen,dasatinib + tamoxifen,-8,21.6,133,-26,0.4,5,BR:BT-549;BR:HS 578T;BR:MCF7;BR:MDA-MB-231;BR:T-47D,0.378230901780586,FALSE,FALSE,not_patient_scored
dasatinib,rapamycin,dasatinib + rapamycin,3.5,-21.25,15,-107,0.5,4,BR:BT-549;BR:MCF7;BR:MDA-MB-231;BR:T-47D,0.779245644265748,FALSE,TRUE,tier_B_one_drug_patient_scored
carboplatin,dasatinib,carboplatin + dasatinib,-31,-33.6,-9,-61,0,5,BR:BT-549;BR:HS 578T;BR:MCF7;BR:MDA-MB-231;BR:T-47D,0.378230901780586,FALSE,FALSE,not_patient_scored
dasatinib,mitoxantrone,dasatinib + mitoxantrone,41,50.2,97,27,1,5,BR:BT-549;BR:HS 578T;BR:MCF7;BR:MDA-MB-231;BR:T-47D,0.947635458548727,FALSE,FALSE,not_patient_scored
dasatinib,temozolomide,dasatinib + temozolomide,-39,-49.4,-31,-82,0,5,BR:BT-549;BR:HS 578T;BR:MCF7;BR:MDA-MB-231;BR:T-47D,0.378230901780586,FALSE,FALSE,not_patient_scored
clofarabine,dasatinib,clofarabine + dasatinib,-29,-29,28,-78,0.2,5,BR:BT-549;BR:HS 578T;BR:MCF7;BR:MDA-MB-231;BR:T-47D,0.378230901780586,FALSE,FALSE,not_patient_scored
dasatinib,vinorelbine,dasatinib + vinorelbine,12,6.4,24,-18,0.6,5,BR:BT-549;BR:HS 578T;BR:MCF7;BR:MDA-MB-231;BR:T-47D,0.847118514263833,FALSE,FALSE,not_patient_scored
dasatinib,gemcitabine,dasatinib + gemcitabine,-59,-56.2,-20,-90,0,5,BR:BT-549;BR:HS 578T;BR:MCF7;BR:MDA-MB-231;BR:T-47D,0.378230901780586,FALSE,TRUE,tier_B_one_drug_patient_scored
dasatinib,docetaxel,dasatinib + docetaxel,-9,0.4,50,-31,0.4,5,BR:BT-549;BR:HS 578T;BR:MCF7;BR:MDA-MB-231;BR:T-47D,0.378230901780586,FALSE,TRUE,tier_B_one_drug_patient_scored
7 ethyl 10 hydroxycamptothecin,dasatinib,7 ethyl 10 hydroxycamptothecin + dasatinib,-39,-43.6,14,-80,0.2,5,BR:BT-549;BR:HS 578T;BR:MCF7;BR:MDA-MB-231;BR:T-47D,0.378230901780586,FALSE,FALSE,not_patient_scored
dasatinib,nelarabine,dasatinib + nelarabine,-68,-60,-14,-116,0,5,BR:BT-549;BR:HS 578T;BR:MCF7;BR:MDA-MB-231;BR:T-47D,0.378230901780586,FALSE,FALSE,not_patient_scored
dasatinib,pemetrexed,dasatinib + pemetrexed,-17,-12.2,19,-44,0.4,5,BR:BT-549;BR:HS 578T;BR:MCF7;BR:MDA-MB-231;BR:T-47D,0.378230901780586,FALSE,FALSE,not_patient_scored
dasatinib,vorinostat,dasatinib + vorinostat,-22,-28.8,32,-93,0.2,5,BR:BT-549;BR:HS 578T;BR:MCF7;BR:MDA-MB-231;BR:T-47D,0.378230901780586,FALSE,FALSE,not_patient_scored
capecitabine,dasatinib,capecitabine + dasatinib,-55,-50,12,-95,0.2,5,BR:BT-549;BR:HS 578T;BR:MCF7;BR:MDA-MB-231;BR:T-47D,0.378230901780586,FALSE,FALSE,not_patient_scored
dasatinib,exemestane,dasatinib + exemestane,7,-9.6,28,-81,0.6,5,BR:BT-549;BR:HS 578T;BR:MCF7;BR:MDA-MB-231;BR:T-47D,0.810453762205629,FALSE,FALSE,not_patient_scored
dasatinib,gefitinib,dasatinib + gefitinib,59,34.2,87,-27,0.6,5,BR:BT-549;BR:HS 578T;BR:MCF7;BR:MDA-MB-231;BR:T-47D,0.972142446869615,FALSE,FALSE,not_patient_scored
dasatinib,letrozole,dasatinib + letrozole,-55,-74.2,-24,-132,0,5,BR:BT-549;BR:HS 578T;BR:MCF7;BR:MDA-MB-231;BR:T-47D,0.378230901780586,FALSE,FALSE,not_patient_scored
celecoxib,dasatinib,celecoxib + dasatinib,15,27.6,80,-31,0.6,5,BR:BT-549;BR:HS 578T;BR:MCF7;BR:MDA-MB-231;BR:T-47D,0.864541451273215,FALSE,FALSE,not_patient_scored
dasatinib,pazopanib,dasatinib + pazopanib,2,5.2,39,-25,0.6,5,BR:BT-549;BR:HS 578T;BR:MCF7;BR:MDA-MB-231;BR:T-47D,0.768140915182845,FALSE,FALSE,not_patient_scored
dasatinib,imatinib,dasatinib + imatinib,-45,-12.4,147,-63,0.2,5,BR:BT-549;BR:HS 578T;BR:MCF7;BR:MDA-MB-231;BR:T-47D,0.378230901780586,FALSE,FALSE,not_patient_scored
dasatinib,nilotinib,dasatinib + nilotinib,-48,-81.2,-1,-164,0,5,BR:BT-549;BR:HS 578T;BR:MCF7;BR:MDA-MB-231;BR:T-47D,0.378230901780586,FALSE,FALSE,not_patient_scored
dasatinib,lenalidomide,dasatinib + lenalidomide,-2,-17,20,-59,0.4,5,BR:BT-549;BR:HS 578T;BR:MCF7;BR:MDA-MB-231;BR:T-47D,0.378230901780586,FALSE,FALSE,not_patient_scored
dasatinib,raloxifene,dasatinib + raloxifene,-35,-24.8,46,-87,0.4,5,BR:BT-549;BR:HS 578T;BR:MCF7;BR:MDA-MB-231;BR:T-47D,0.378230901780586,FALSE,FALSE,not_patient_scored
abiraterone,dasatinib,abiraterone + dasatinib,10,11.8,59,-37,0.8,5,BR:BT-549;BR:HS 578T;BR:MCF7;BR:MDA-MB-231;BR:T-47D,0.835343672219031,FALSE,FALSE,not_patient_scored
dasatinib,vemurafenib,dasatinib + vemurafenib,-18,-10.4,27,-30,0.2,5,BR:BT-549;BR:HS 578T;BR:MCF7;BR:MDA-MB-231;BR:T-47D,0.378230901780586,FALSE,FALSE,not_patient_scored
dasatinib,depsipeptide,dasatinib + depsipeptide,-68,-48.6,24,-94,0.2,5,BR:BT-549;BR:HS 578T;BR:MCF7;BR:MDA-MB-231;BR:T-47D,0.378230901780586,FALSE,FALSE,not_patient_scored
dasatinib,vismodegib,dasatinib + vismodegib,-4,-5.2,42,-60,0.4,5,BR:BT-549;BR:HS 578T;BR:MCF7;BR:MDA-MB-231;BR:T-47D,0.378230901780586,FALSE,FALSE,not_patient_scored
crizotinib,dasatinib,crizotinib + dasatinib,-5,-13.8,4,-56,0.4,5,BR:BT-549;BR:HS 578T;BR:MCF7;BR:MDA-MB-231;BR:T-47D,0.378230901780586,FALSE,FALSE,not_patient_scored
axitinib,dasatinib,axitinib + dasatinib,-8,-4.8,30,-34,0.4,5,BR:BT-549;BR:HS 578T;BR:MCF7;BR:MDA-MB-231;BR:T-47D,0.378230901780586,FALSE,FALSE,not_patient_scored
dasatinib,vandetanib,dasatinib + vandetanib,-17,-4.6,41,-30,0.4,5,BR:BT-549;BR:HS 578T;BR:MCF7;BR:MDA-MB-231;BR:T-47D,0.378230901780586,FALSE,FALSE,not_patient_scored
cabazitaxel,dasatinib,cabazitaxel + dasatinib,-12,-12,13,-47,0.4,5,BR:BT-549;BR:HS 578T;BR:MCF7;BR:MDA-MB-231;BR:T-47D,0.378230901780586,FALSE,FALSE,not_patient_scored
dasatinib,ruxolitinib,dasatinib + ruxolitinib,17,17.6,49,-14,0.8,5,BR:BT-549;BR:HS 578T;BR:MCF7;BR:MDA-MB-231;BR:T-47D,0.874114493586062,FALSE,FALSE,not_patient_scored
6 thioguanine,everolimus,6 thioguanine + everolimus,-21,-23.2,4,-44,0.2,5,BR:BT-549;BR:HS 578T;BR:MCF7;BR:MDA-MB-231;BR:T-47D,0.378230901780586,FALSE,FALSE,not_patient_scored
actinomycin d,everolimus,actinomycin d + everolimus,-11,-4.6,34,-36,0.4,5,BR:BT-549;BR:HS 578T;BR:MCF7;BR:MDA-MB-231;BR:T-47D,0.378230901780586,FALSE,FALSE,not_patient_scored
chlorambucil,everolimus,chlorambucil + everolimus,9,3,16,-32,0.8,5,BR:BT-549;BR:HS 578T;BR:MCF7;BR:MDA-MB-231;BR:T-47D,0.827685238368754,FALSE,FALSE,not_patient_scored
everolimus,thiotepa,everolimus + thiotepa,-17,-23.8,-4,-62,0,5,BR:BT-549;BR:HS 578T;BR:MCF7;BR:MDA-MB-231;BR:T-47D,0.378230901780586,FALSE,FALSE,not_patient_scored
everolimus,melphalan,everolimus + melphalan,-16,-13.6,36,-45,0.2,5,BR:BT-549;BR:HS 578T;BR:MCF7;BR:MDA-MB-231;BR:T-47D,0.378230901780586,FALSE,FALSE,not_patient_scored
altretamine,everolimus,altretamine + everolimus,-22,-33.2,-6,-64,0,5,BR:BT-549;BR:HS 578T;BR:MCF7;BR:MDA-MB-231;BR:T-47D,0.378230901780586,FALSE,FALSE,not_patient_scored
5-fluorouracil,everolimus,5-fluorouracil + everolimus,5,6.2,24,-13,0.6,5,BR:BT-549;BR:HS 578T;BR:MCF7;BR:MDA-MB-231;BR:T-47D,0.793030825196247,TRUE,FALSE,tier_B_one_drug_patient_scored
everolimus,floxuridine,everolimus + floxuridine,-2,-12.2,50,-97,0.4,5,BR:BT-549;BR:HS 578T;BR:MCF7;BR:MDA-MB-231;BR:T-47D,0.378230901780586,FALSE,FALSE,not_patient_scored
everolimus,uracil mustard,everolimus + uracil mustard,12,26.4,66,-2,0.8,5,BR:BT-549;BR:HS 578T;BR:MCF7;BR:MDA-MB-231;BR:T-47D,0.847118514263833,FALSE,FALSE,not_patient_scored
dacarbazine,everolimus,dacarbazine + everolimus,-57,-55.4,-28,-82,0,5,BR:BT-549;BR:HS 578T;BR:MCF7;BR:MDA-MB-231;BR:T-47D,0.378230901780586,FALSE,FALSE,not_patient_scored
cytarabine,everolimus,cytarabine + everolimus,22,18.6,34,-14,0.8,5,BR:BT-549;BR:HS 578T;BR:MCF7;BR:MDA-MB-231;BR:T-47D,0.896802603867509,FALSE,FALSE,not_patient_scored
everolimus,vincristine,everolimus + vincristine,52,54.2,139,-5,0.8,5,BR:BT-549;BR:HS 578T;BR:MCF7;BR:MDA-MB-231;BR:T-47D,0.964675473865594,FALSE,FALSE,not_patient_scored
everolimus,megestrol acetate,everolimus + megestrol acetate,-42,-25.6,60,-95,0.4,5,BR:BT-549;BR:HS 578T;BR:MCF7;BR:MDA-MB-231;BR:T-47D,0.378230901780586,FALSE,FALSE,not_patient_scored
everolimus,lomustine,everolimus + lomustine,-74,-67.2,-24,-98,0,5,BR:BT-549;BR:HS 578T;BR:MCF7;BR:MDA-MB-231;BR:T-47D,0.378230901780586,FALSE,FALSE,not_patient_scored
daunorubicin,everolimus,daunorubicin + everolimus,56,45.4,66,8,1,5,BR:BT-549;BR:HS 578T;BR:MCF7;BR:MDA-MB-231;BR:T-47D,0.969270534175761,FALSE,FALSE,not_patient_scored
azacitidine,everolimus,azacitidine + everolimus,-19,-22.8,19,-55,0.2,5,BR:BT-549;BR:HS 578T;BR:MCF7;BR:MDA-MB-231;BR:T-47D,0.378230901780586,FALSE,FALSE,not_patient_scored
cladribine,everolimus,cladribine + everolimus,-23,-23.8,-8,-45,0,5,BR:BT-549;BR:HS 578T;BR:MCF7;BR:MDA-MB-231;BR:T-47D,0.378230901780586,FALSE,FALSE,not_patient_scored
everolimus,fludarabine,everolimus + fludarabine,-33,-39.2,-24,-66,0,5,BR:BT-549;BR:HS 578T;BR:MCF7;BR:MDA-MB-231;BR:T-47D,0.378230901780586,FALSE,FALSE,not_patient_scored
everolimus,isotretinoin,everolimus + isotretinoin,-14,-21.6,23,-73,0.4,5,BR:BT-549;BR:HS 578T;BR:MCF7;BR:MDA-MB-231;BR:T-47D,0.378230901780586,FALSE,FALSE,not_patient_scored
everolimus,teniposide,everolimus + teniposide,29,28.4,61,2,1,5,BR:BT-549;BR:HS 578T;BR:MCF7;BR:MDA-MB-231;BR:T-47D,0.920830940072755,FALSE,FALSE,not_patient_scored
everolimus,paclitaxel,everolimus + paclitaxel,7,29.6,100,-32,0.8,5,BR:BT-549;BR:HS 578T;BR:MCF7;BR:MDA-MB-231;BR:T-47D,0.810453762205629,FALSE,TRUE,tier_B_one_drug_patient_scored
etoposide,everolimus,etoposide + everolimus,-4,-2.6,12,-17,0.4,5,BR:BT-549;BR:HS 578T;BR:MCF7;BR:MDA-MB-231;BR:T-47D,0.378230901780586,FALSE,FALSE,not_patient_scored
dexrazoxane,everolimus,dexrazoxane + everolimus,-13,-18.4,-12,-35,0,5,BR:BT-549;BR:HS 578T;BR:MCF7;BR:MDA-MB-231;BR:T-47D,0.378230901780586,FALSE,FALSE,not_patient_scored
everolimus,tamoxifen,everolimus + tamoxifen,28,25.6,79,-55,0.8,5,BR:BT-549;BR:HS 578T;BR:MCF7;BR:MDA-MB-231;BR:T-47D,0.91738464484013,FALSE,FALSE,not_patient_scored
everolimus,rapamycin,everolimus + rapamycin,9,-10.8,18,-57,0.6,5,BR:BT-549;BR:HS 578T;BR:MCF7;BR:MDA-MB-231;BR:T-47D,0.827685238368754,FALSE,TRUE,tier_B_one_drug_patient_scored
carboplatin,everolimus,carboplatin + everolimus,-73,-81.2,-41,-130,0,5,BR:BT-549;BR:HS 578T;BR:MCF7;BR:MDA-MB-231;BR:T-47D,0.378230901780586,FALSE,FALSE,not_patient_scored
everolimus,mitoxantrone,everolimus + mitoxantrone,34,35,69,0,0.8,5,BR:BT-549;BR:HS 578T;BR:MCF7;BR:MDA-MB-231;BR:T-47D,0.934711851426383,FALSE,FALSE,not_patient_scored
everolimus,temozolomide,everolimus + temozolomide,-82,-86.8,-59,-125,0,5,BR:BT-549;BR:HS 578T;BR:MCF7;BR:MDA-MB-231;BR:T-47D,0.378230901780586,FALSE,FALSE,not_patient_scored
clofarabine,everolimus,clofarabine + everolimus,-64,-57.8,13,-141,0.2,5,BR:BT-549;BR:HS 578T;BR:MCF7;BR:MDA-MB-231;BR:T-47D,0.378230901780586,FALSE,FALSE,not_patient_scored
everolimus,vinorelbine,everolimus + vinorelbine,27,43.4,129,13,1,5,BR:BT-549;BR:HS 578T;BR:MCF7;BR:MDA-MB-231;BR:T-47D,0.914225540876891,FALSE,FALSE,not_patient_scored
everolimus,gemcitabine,everolimus + gemcitabine,-53,-41.8,-5,-78,0,5,BR:BT-549;BR:HS 578T;BR:MCF7;BR:MDA-MB-231;BR:T-47D,0.378230901780586,FALSE,TRUE,tier_B_one_drug_patient_scored
docetaxel,everolimus,docetaxel + everolimus,22,11.2,58,-89,0.8,5,BR:BT-549;BR:HS 578T;BR:MCF7;BR:MDA-MB-231;BR:T-47D,0.896802603867509,TRUE,FALSE,tier_B_one_drug_patient_scored
7 ethyl 10 hydroxycamptothecin,everolimus,7 ethyl 10 hydroxycamptothecin + everolimus,-32,-38.8,-19,-80,0,5,BR:BT-549;BR:HS 578T;BR:MCF7;BR:MDA-MB-231;BR:T-47D,0.378230901780586,FALSE,FALSE,not_patient_scored
everolimus,nelarabine,everolimus + nelarabine,-70,-65.8,-6,-111,0,5,BR:BT-549;BR:HS 578T;BR:MCF7;BR:MDA-MB-231;BR:T-47D,0.378230901780586,FALSE,FALSE,not_patient_scored
everolimus,pemetrexed,everolimus + pemetrexed,-31,-19.2,3,-33,0.2,5,BR:BT-549;BR:HS 578T;BR:MCF7;BR:MDA-MB-231;BR:T-47D,0.378230901780586,FALSE,FALSE,not_patient_scored
everolimus,vorinostat,everolimus + vorinostat,-44,-47.8,-7,-95,0,5,BR:BT-549;BR:HS 578T;BR:MCF7;BR:MDA-MB-231;BR:T-47D,0.378230901780586,FALSE,FALSE,not_patient_scored
capecitabine,everolimus,capecitabine + everolimus,-12,-42.4,19,-144,0.2,5,BR:BT-549;BR:HS 578T;BR:MCF7;BR:MDA-MB-231;BR:T-47D,0.378230901780586,FALSE,FALSE,not_patient_scored
everolimus,exemestane,everolimus + exemestane,1,-3.4,23,-50,0.6,5,BR:BT-549;BR:HS 578T;BR:MCF7;BR:MDA-MB-231;BR:T-47D,0.759908098793797,FALSE,FALSE,not_patient_scored
everolimus,gefitinib,everolimus + gefitinib,32,16.6,43,-23,0.6,5,BR:BT-549;BR:HS 578T;BR:MCF7;BR:MDA-MB-231;BR:T-47D,0.929638139000574,FALSE,FALSE,not_patient_scored
everolimus,letrozole,everolimus + letrozole,-95,-81,-27,-122,0,5,BR:BT-549;BR:HS 578T;BR:MCF7;BR:MDA-MB-231;BR:T-47D,0.378230901780586,FALSE,FALSE,not_patient_scored
celecoxib,everolimus,celecoxib + everolimus,-13,-4.4,31,-30,0.4,5,BR:BT-549;BR:HS 578T;BR:MCF7;BR:MDA-MB-231;BR:T-47D,0.378230901780586,FALSE,FALSE,not_patient_scored
dasatinib,everolimus,dasatinib + everolimus,-29,-26.6,10,-68,0.4,5,BR:BT-549;BR:HS 578T;BR:MCF7;BR:MDA-MB-231;BR:T-47D,0.378230901780586,FALSE,FALSE,not_patient_scored
everolimus,pazopanib,everolimus + pazopanib,-34,-30.2,38,-78,0.2,5,BR:BT-549;BR:HS 578T;BR:MCF7;BR:MDA-MB-231;BR:T-47D,0.378230901780586,FALSE,FALSE,not_patient_scored
everolimus,imatinib,everolimus + imatinib,-102,-112.4,-52,-201,0,5,BR:BT-549;BR:HS 578T;BR:MCF7;BR:MDA-MB-231;BR:T-47D,0.378230901780586,FALSE,FALSE,not_patient_scored
everolimus,nilotinib,everolimus + nilotinib,-101,-104,0,-227,0,5,BR:BT-549;BR:HS 578T;BR:MCF7;BR:MDA-MB-231;BR:T-47D,0.378230901780586,FALSE,FALSE,not_patient_scored
everolimus,lenalidomide,everolimus + lenalidomide,21,22.6,57,-18,0.8,5,BR:BT-549;BR:HS 578T;BR:MCF7;BR:MDA-MB-231;BR:T-47D,0.892111813134214,FALSE,FALSE,not_patient_scored
everolimus,raloxifene,everolimus + raloxifene,23,16.4,50,-61,0.8,5,BR:BT-549;BR:HS 578T;BR:MCF7;BR:MDA-MB-231;BR:T-47D,0.901014742485162,FALSE,FALSE,not_patient_scored
abiraterone,everolimus,abiraterone + everolimus,17,21.6,97,-49,0.6,5,BR:BT-549;BR:HS 578T;BR:MCF7;BR:MDA-MB-231;BR:T-47D,0.874114493586062,FALSE,FALSE,not_patient_scored
everolimus,vemurafenib,everolimus + vemurafenib,69,62.2,92,2,1,5,BR:BT-549;BR:HS 578T;BR:MCF7;BR:MDA-MB-231;BR:T-47D,0.978843576488608,FALSE,FALSE,not_patient_scored
depsipeptide,everolimus,depsipeptide + everolimus,9,7.6,39,-12,0.6,5,BR:BT-549;BR:HS 578T;BR:MCF7;BR:MDA-MB-231;BR:T-47D,0.827685238368754,FALSE,FALSE,not_patient_scored
everolimus,vismodegib,everolimus + vismodegib,29,16.8,45,-33,0.8,5,BR:BT-549;BR:HS 578T;BR:MCF7;BR:MDA-MB-231;BR:T-47D,0.920830940072755,FALSE,FALSE,not_patient_scored
crizotinib,everolimus,crizotinib + everolimus,-21,-14.6,13,-38,0.2,5,BR:BT-549;BR:HS 578T;BR:MCF7;BR:MDA-MB-231;BR:T-47D,0.378230901780586,FALSE,FALSE,not_patient_scored
axitinib,everolimus,axitinib + everolimus,-14,-17,41,-81,0.2,5,BR:BT-549;BR:HS 578T;BR:MCF7;BR:MDA-MB-231;BR:T-47D,0.378230901780586,FALSE,FALSE,not_patient_scored
everolimus,vandetanib,everolimus + vandetanib,-3,-11,27,-66,0.4,5,BR:BT-549;BR:HS 578T;BR:MCF7;BR:MDA-MB-231;BR:T-47D,0.378230901780586,FALSE,FALSE,not_patient_scored
cabazitaxel,everolimus,cabazitaxel + everolimus,37,49.8,88,18,1,5,BR:BT-549;BR:HS 578T;BR:MCF7;BR:MDA-MB-231;BR:T-47D,0.941317250622248,FALSE,FALSE,not_patient_scored
everolimus,ruxolitinib,everolimus + ruxolitinib,-21,-14.8,54,-54,0.2,5,BR:BT-549;BR:HS 578T;BR:MCF7;BR:MDA-MB-231;BR:T-47D,0.378230901780586,FALSE,FALSE,not_patient_scored
pazopanib,raloxifene,pazopanib + raloxifene,69.5,65.5,155,-53,0.9,5,BR:BT-549;BR:HS 578T;BR:MCF7;BR:MDA-MB-231;BR:T-47D,0.979226498181122,FALSE,FALSE,not_patient_scored
abiraterone,pazopanib,abiraterone + pazopanib,34.5,40.8,101,-23,0.9,5,BR:BT-549;BR:HS 578T;BR:MCF7;BR:MDA-MB-231;BR:T-47D,0.935477694811411,FALSE,FALSE,not_patient_scored
pazopanib,vemurafenib,pazopanib + vemurafenib,117.5,105.5,186,31,1,5,BR:BT-549;BR:HS 578T;BR:MCF7;BR:MDA-MB-231;BR:T-47D,0.993777522496649,FALSE,FALSE,not_patient_scored
pazopanib,vismodegib,pazopanib + vismodegib,61.5,62.3,178,-9,0.8,5,BR:BT-549;BR:HS 578T;BR:MCF7;BR:MDA-MB-231;BR:T-47D,0.974152785755313,FALSE,FALSE,not_patient_scored
crizotinib,pazopanib,crizotinib + pazopanib,-8.5,3.1,123,-61,0.4,5,BR:BT-549;BR:HS 578T;BR:MCF7;BR:MDA-MB-231;BR:T-47D,0.378230901780586,FALSE,FALSE,not_patient_scored
axitinib,pazopanib,axitinib + pazopanib,23,18.9,92,-55,0.7,5,BR:BT-549;BR:HS 578T;BR:MCF7;BR:MDA-MB-231;BR:T-47D,0.901014742485162,FALSE,FALSE,not_patient_scored
pazopanib,vandetanib,pazopanib + vandetanib,17.5,15.5,97,-49,0.7,5,BR:BT-549;BR:HS 578T;BR:MCF7;BR:MDA-MB-231;BR:T-47D,0.876220562894888,FALSE,FALSE,not_patient_scored
pazopanib,ruxolitinib,pazopanib + ruxolitinib,23,22.4,104,-39,0.7,5,BR:BT-549;BR:HS 578T;BR:MCF7;BR:MDA-MB-231;BR:T-47D,0.901014742485162,FALSE,FALSE,not_patient_scored
imatinib,methotrexate,imatinib + methotrexate,-60,-43,191,-243,0.25,4,BR:BT-549;BR:HS 578T;BR:MCF7;BR:MDA-MB-231,0.378230901780586,FALSE,FALSE,not_patient_scored
6 thioguanine,imatinib,6 thioguanine + imatinib,-20,-27.2,0,-63,0,5,BR:BT-549;BR:HS 578T;BR:MCF7;BR:MDA-MB-231;BR:T-47D,0.378230901780586,FALSE,FALSE,not_patient_scored
actinomycin d,imatinib,actinomycin d + imatinib,102,78.6,136,-28,0.8,5,BR:BT-549;BR:HS 578T;BR:MCF7;BR:MDA-MB-231;BR:T-47D,0.991097070649052,FALSE,FALSE,not_patient_scored
chlorambucil,imatinib,chlorambucil + imatinib,-17,-31.2,20,-119,0.2,5,BR:BT-549;BR:HS 578T;BR:MCF7;BR:MDA-MB-231;BR:T-47D,0.378230901780586,FALSE,FALSE,not_patient_scored
imatinib,thiotepa,imatinib + thiotepa,-34,-63,-19,-121,0,5,BR:BT-549;BR:HS 578T;BR:MCF7;BR:MDA-MB-231;BR:T-47D,0.378230901780586,FALSE,FALSE,not_patient_scored
imatinib,melphalan,imatinib + melphalan,-27,-26.2,19,-63,0.2,5,BR:BT-549;BR:HS 578T;BR:MCF7;BR:MDA-MB-231;BR:T-47D,0.378230901780586,FALSE,FALSE,not_patient_scored
altretamine,imatinib,altretamine + imatinib,-58,-59,-28,-113,0,5,BR:BT-549;BR:HS 578T;BR:MCF7;BR:MDA-MB-231;BR:T-47D,0.378230901780586,FALSE,FALSE,not_patient_scored
5-fluorouracil,imatinib,5-fluorouracil + imatinib,-22,-9,24,-27,0.4,5,BR:BT-549;BR:HS 578T;BR:MCF7;BR:MDA-MB-231;BR:T-47D,0.378230901780586,TRUE,FALSE,tier_B_one_drug_patient_scored
floxuridine,imatinib,floxuridine + imatinib,-77,-84,-39,-140,0,5,BR:BT-549;BR:HS 578T;BR:MCF7;BR:MDA-MB-231;BR:T-47D,0.378230901780586,FALSE,FALSE,not_patient_scored
imatinib,uracil mustard,imatinib + uracil mustard,-14,-21.8,7,-59,0.4,5,BR:BT-549;BR:HS 578T;BR:MCF7;BR:MDA-MB-231;BR:T-47D,0.378230901780586,FALSE,FALSE,not_patient_scored
dacarbazine,imatinib,dacarbazine + imatinib,-51,-35.4,13,-60,0.2,5,BR:BT-549;BR:HS 578T;BR:MCF7;BR:MDA-MB-231;BR:T-47D,0.378230901780586,FALSE,FALSE,not_patient_scored
cytarabine,imatinib,cytarabine + imatinib,-51,-57.8,0,-119,0,5,BR:BT-549;BR:HS 578T;BR:MCF7;BR:MDA-MB-231;BR:T-47D,0.378230901780586,FALSE,FALSE,not_patient_scored
imatinib,vincristine,imatinib + vincristine,-38,-59.4,10,-182,0.2,5,BR:BT-549;BR:HS 578T;BR:MCF7;BR:MDA-MB-231;BR:T-47D,0.378230901780586,FALSE,FALSE,not_patient_scored
imatinib,megestrol acetate,imatinib + megestrol acetate,-101,-75.8,-7,-121,0,5,BR:BT-549;BR:HS 578T;BR:MCF7;BR:MDA-MB-231;BR:T-47D,0.378230901780586,FALSE,FALSE,not_patient_scored
imatinib,lomustine,imatinib + lomustine,-17,-14.8,24,-38,0.2,5,BR:BT-549;BR:HS 578T;BR:MCF7;BR:MDA-MB-231;BR:T-47D,0.378230901780586,FALSE,FALSE,not_patient_scored
daunorubicin,imatinib,daunorubicin + imatinib,32,20.8,41,-36,0.8,5,BR:BT-549;BR:HS 578T;BR:MCF7;BR:MDA-MB-231;BR:T-47D,0.929638139000574,FALSE,FALSE,not_patient_scored
cladribine,imatinib,cladribine + imatinib,-35,-0.2,77,-70,0.4,5,BR:BT-549;BR:HS 578T;BR:MCF7;BR:MDA-MB-231;BR:T-47D,0.378230901780586,FALSE,FALSE,not_patient_scored
fludarabine,imatinib,fludarabine + imatinib,-39,-51.4,-9,-121,0,5,BR:BT-549;BR:HS 578T;BR:MCF7;BR:MDA-MB-231;BR:T-47D,0.378230901780586,FALSE,FALSE,not_patient_scored
imatinib,isotretinoin,imatinib + isotretinoin,-58,-55.8,-25,-88,0,5,BR:BT-549;BR:HS 578T;BR:MCF7;BR:MDA-MB-231;BR:T-47D,0.378230901780586,FALSE,FALSE,not_patient_scored
imatinib,teniposide,imatinib + teniposide,51,42.6,75,14,1,5,BR:BT-549;BR:HS 578T;BR:MCF7;BR:MDA-MB-231;BR:T-47D,0.962952326249282,FALSE,FALSE,not_patient_scored
etoposide,imatinib,etoposide + imatinib,-5,-13,5,-50,0.2,5,BR:BT-549;BR:HS 578T;BR:MCF7;BR:MDA-MB-231;BR:T-47D,0.378230901780586,FALSE,FALSE,not_patient_scored
dexrazoxane,imatinib,dexrazoxane + imatinib,-7,-8.4,16,-34,0.4,5,BR:BT-549;BR:HS 578T;BR:MCF7;BR:MDA-MB-231;BR:T-47D,0.378230901780586,FALSE,FALSE,not_patient_scored
imatinib,tamoxifen,imatinib + tamoxifen,-61,-50.2,29,-103,0.2,5,BR:BT-549;BR:HS 578T;BR:MCF7;BR:MDA-MB-231;BR:T-47D,0.378230901780586,FALSE,FALSE,not_patient_scored
carboplatin,imatinib,carboplatin + imatinib,-31,-36.75,12,-97,0.25,4,BR:BT-549;BR:HS 578T;BR:MCF7;BR:MDA-MB-231,0.378230901780586,FALSE,FALSE,not_patient_scored
imatinib,mitoxantrone,imatinib + mitoxantrone,98,89.4,128,56,1,5,BR:BT-549;BR:HS 578T;BR:MCF7;BR:MDA-MB-231;BR:T-47D,0.989756844725254,FALSE,FALSE,not_patient_scored
imatinib,temozolomide,imatinib + temozolomide,-62,-52.2,38,-98,0.2,5,BR:BT-549;BR:HS 578T;BR:MCF7;BR:MDA-MB-231;BR:T-47D,0.378230901780586,FALSE,FALSE,not_patient_scored
imatinib,vinorelbine,imatinib + vinorelbine,50,47.6,114,-23,0.8,5,BR:BT-549;BR:HS 578T;BR:MCF7;BR:MDA-MB-231;BR:T-47D,0.961133448209841,FALSE,FALSE,not_patient_scored
imatinib,pemetrexed,imatinib + pemetrexed,2,18,62,-8,0.6,5,BR:BT-549;BR:HS 578T;BR:MCF7;BR:MDA-MB-231;BR:T-47D,0.768140915182845,FALSE,FALSE,not_patient_scored
exemestane,imatinib,exemestane + imatinib,0,-8.6,7,-31,0.4,5,BR:BT-549;BR:HS 578T;BR:MCF7;BR:MDA-MB-231;BR:T-47D,0.378230901780586,FALSE,FALSE,not_patient_scored
gefitinib,imatinib,gefitinib + imatinib,8,7.8,60,-23,0.6,5,BR:BT-549;BR:HS 578T;BR:MCF7;BR:MDA-MB-231;BR:T-47D,0.818973769864063,FALSE,FALSE,not_patient_scored
imatinib,letrozole,imatinib + letrozole,-56,-100.2,-36,-202,0,5,BR:BT-549;BR:HS 578T;BR:MCF7;BR:MDA-MB-231;BR:T-47D,0.378230901780586,FALSE,FALSE,not_patient_scored
celecoxib,imatinib,celecoxib + imatinib,-48,-36.6,35,-99,0.2,5,BR:BT-549;BR:HS 578T;BR:MCF7;BR:MDA-MB-231;BR:T-47D,0.378230901780586,FALSE,FALSE,not_patient_scored
imatinib,pazopanib,imatinib + pazopanib,-1,-11.2,26,-62,0.4,5,BR:BT-549;BR:HS 578T;BR:MCF7;BR:MDA-MB-231;BR:T-47D,0.378230901780586,FALSE,FALSE,not_patient_scored
imatinib,lenalidomide,imatinib + lenalidomide,2,2.6,14,-5,0.6,5,BR:BT-549;BR:HS 578T;BR:MCF7;BR:MDA-MB-231;BR:T-47D,0.768140915182845,FALSE,FALSE,not_patient_scored
imatinib,raloxifene,imatinib + raloxifene,-42,-26.4,27,-59,0.2,5,BR:BT-549;BR:HS 578T;BR:MCF7;BR:MDA-MB-231;BR:T-47D,0.378230901780586,FALSE,FALSE,not_patient_scored
abiraterone,imatinib,abiraterone + imatinib,-20,-18.2,13,-51,0.2,5,BR:BT-549;BR:HS 578T;BR:MCF7;BR:MDA-MB-231;BR:T-47D,0.378230901780586,FALSE,FALSE,not_patient_scored
imatinib,vemurafenib,imatinib + vemurafenib,-52,-49.8,2,-117,0.2,5,BR:BT-549;BR:HS 578T;BR:MCF7;BR:MDA-MB-231;BR:T-47D,0.378230901780586,FALSE,FALSE,not_patient_scored
imatinib,vismodegib,imatinib + vismodegib,-26,-20.8,32,-77,0.4,5,BR:BT-549;BR:HS 578T;BR:MCF7;BR:MDA-MB-231;BR:T-47D,0.378230901780586,FALSE,FALSE,not_patient_scored
crizotinib,imatinib,crizotinib + imatinib,-27,-17.2,63,-86,0.2,5,BR:BT-549;BR:HS 578T;BR:MCF7;BR:MDA-MB-231;BR:T-47D,0.378230901780586,FALSE,FALSE,not_patient_scored
axitinib,imatinib,axitinib + imatinib,-43,-37,1,-67,0.2,5,BR:BT-549;BR:HS 578T;BR:MCF7;BR:MDA-MB-231;BR:T-47D,0.378230901780586,FALSE,FALSE,not_patient_scored
imatinib,vandetanib,imatinib + vandetanib,-3,-9.4,3,-33,0.4,5,BR:BT-549;BR:HS 578T;BR:MCF7;BR:MDA-MB-231;BR:T-47D,0.378230901780586,FALSE,FALSE,not_patient_scored
cabazitaxel,imatinib,cabazitaxel + imatinib,-1,4.8,45,-30,0.4,5,BR:BT-549;BR:HS 578T;BR:MCF7;BR:MDA-MB-231;BR:T-47D,0.378230901780586,FALSE,FALSE,not_patient_scored
imatinib,ruxolitinib,imatinib + ruxolitinib,-35,-27.4,5,-49,0.2,5,BR:BT-549;BR:HS 578T;BR:MCF7;BR:MDA-MB-231;BR:T-47D,0.378230901780586,FALSE,FALSE,not_patient_scored
6 thioguanine,lapatinib,6 thioguanine + lapatinib,-23,-33.2,0,-75,0,5,BR:BT-549;BR:HS 578T;BR:MCF7;BR:MDA-MB-231;BR:T-47D,0.378230901780586,FALSE,TRUE,tier_B_one_drug_patient_scored
actinomycin d,lapatinib,actinomycin d + lapatinib,143,126.8,145,99,1,5,BR:BT-549;BR:HS 578T;BR:MCF7;BR:MDA-MB-231;BR:T-47D,0.996457974344247,FALSE,TRUE,tier_B_one_drug_patient_scored
chlorambucil,lapatinib,chlorambucil + lapatinib,-7,-17,13,-53,0.4,5,BR:BT-549;BR:HS 578T;BR:MCF7;BR:MDA-MB-231;BR:T-47D,0.378230901780586,FALSE,TRUE,tier_B_one_drug_patient_scored
lapatinib,thiotepa,lapatinib + thiotepa,-8,-32,8,-143,0.4,5,BR:BT-549;BR:HS 578T;BR:MCF7;BR:MDA-MB-231;BR:T-47D,0.378230901780586,TRUE,FALSE,tier_B_one_drug_patient_scored
lapatinib,melphalan,lapatinib + melphalan,-18,-28.8,17,-64,0.2,5,BR:BT-549;BR:HS 578T;BR:MCF7;BR:MDA-MB-231;BR:T-47D,0.378230901780586,TRUE,FALSE,tier_B_one_drug_patient_scored
altretamine,lapatinib,altretamine + lapatinib,-70,-55.2,-6,-111,0,5,BR:BT-549;BR:HS 578T;BR:MCF7;BR:MDA-MB-231;BR:T-47D,0.378230901780586,FALSE,TRUE,tier_B_one_drug_patient_scored
5-fluorouracil,lapatinib,5-fluorouracil + lapatinib,-4,-1.2,24,-23,0.4,5,BR:BT-549;BR:HS 578T;BR:MCF7;BR:MDA-MB-231;BR:T-47D,0.378230901780586,TRUE,TRUE,tier_A_both_drugs_patient_scored
floxuridine,lapatinib,floxuridine + lapatinib,-3,-7,61,-60,0.4,5,BR:BT-549;BR:HS 578T;BR:MCF7;BR:MDA-MB-231;BR:T-47D,0.378230901780586,FALSE,TRUE,tier_B_one_drug_patient_scored
lapatinib,uracil mustard,lapatinib + uracil mustard,-13,-1.8,21,-17,0.4,5,BR:BT-549;BR:HS 578T;BR:MCF7;BR:MDA-MB-231;BR:T-47D,0.378230901780586,TRUE,FALSE,tier_B_one_drug_patient_scored
dacarbazine,lapatinib,dacarbazine + lapatinib,-54,-42.8,1,-59,0.2,5,BR:BT-549;BR:HS 578T;BR:MCF7;BR:MDA-MB-231;BR:T-47D,0.378230901780586,FALSE,TRUE,tier_B_one_drug_patient_scored
cytarabine,lapatinib,cytarabine + lapatinib,3,2.2,25,-21,0.6,5,BR:BT-549;BR:HS 578T;BR:MCF7;BR:MDA-MB-231;BR:T-47D,0.775895079456251,FALSE,TRUE,tier_B_one_drug_patient_scored
lapatinib,vincristine,lapatinib + vincristine,77,100,252,35,1,5,BR:BT-549;BR:HS 578T;BR:MCF7;BR:MDA-MB-231;BR:T-47D,0.983342906375646,TRUE,FALSE,tier_B_one_drug_patient_scored
lapatinib,megestrol acetate,lapatinib + megestrol acetate,-95,-59.2,48,-128,0.2,5,BR:BT-549;BR:HS 578T;BR:MCF7;BR:MDA-MB-231;BR:T-47D,0.378230901780586,TRUE,FALSE,tier_B_one_drug_patient_scored
lapatinib,lomustine,lapatinib + lomustine,1,3.6,24,-12,0.6,5,BR:BT-549;BR:HS 578T;BR:MCF7;BR:MDA-MB-231;BR:T-47D,0.759908098793797,TRUE,FALSE,tier_B_one_drug_patient_scored
daunorubicin,lapatinib,daunorubicin + lapatinib,26,36.6,60,16,1,5,BR:BT-549;BR:HS 578T;BR:MCF7;BR:MDA-MB-231;BR:T-47D,0.911640819452422,FALSE,TRUE,tier_B_one_drug_patient_scored
azacitidine,lapatinib,azacitidine + lapatinib,-48,-36.6,13,-85,0.2,5,BR:BT-549;BR:HS 578T;BR:MCF7;BR:MDA-MB-231;BR:T-47D,0.378230901780586,FALSE,TRUE,tier_B_one_drug_patient_scored
cladribine,lapatinib,cladribine + lapatinib,2,-6.4,12,-41,0.6,5,BR:BT-549;BR:HS 578T;BR:MCF7;BR:MDA-MB-231;BR:T-47D,0.768140915182845,FALSE,TRUE,tier_B_one_drug_patient_scored
fludarabine,lapatinib,fludarabine + lapatinib,-41,-49,-31,-77,0,5,BR:BT-549;BR:HS 578T;BR:MCF7;BR:MDA-MB-231;BR:T-47D,0.378230901780586,FALSE,TRUE,tier_B_one_drug_patient_scored
isotretinoin,lapatinib,isotretinoin + lapatinib,-30,-45,-1,-100,0,5,BR:BT-549;BR:HS 578T;BR:MCF7;BR:MDA-MB-231;BR:T-47D,0.378230901780586,FALSE,TRUE,tier_B_one_drug_patient_scored
lapatinib,teniposide,lapatinib + teniposide,39,42.8,82,4,1,5,BR:BT-549;BR:HS 578T;BR:MCF7;BR:MDA-MB-231;BR:T-47D,0.944572085008616,TRUE,FALSE,tier_B_one_drug_patient_scored
lapatinib,paclitaxel,lapatinib + paclitaxel,147,149.2,250,90,1,5,BR:BT-549;BR:HS 578T;BR:MCF7;BR:MDA-MB-231;BR:T-47D,0.99684089603676,TRUE,TRUE,tier_A_both_drugs_patient_scored
etoposide,lapatinib,etoposide + lapatinib,8,2.4,26,-24,0.6,5,BR:BT-549;BR:HS 578T;BR:MCF7;BR:MDA-MB-231;BR:T-47D,0.818973769864063,FALSE,TRUE,tier_B_one_drug_patient_scored
dexrazoxane,lapatinib,dexrazoxane + lapatinib,10,11.2,38,-12,0.8,5,BR:BT-549;BR:HS 578T;BR:MCF7;BR:MDA-MB-231;BR:T-47D,0.835343672219031,FALSE,TRUE,tier_B_one_drug_patient_scored
lapatinib,tamoxifen,lapatinib + tamoxifen,-53,-60.6,52,-190,0.2,5,BR:BT-549;BR:HS 578T;BR:MCF7;BR:MDA-MB-231;BR:T-47D,0.378230901780586,TRUE,FALSE,tier_B_one_drug_patient_scored
lapatinib,rapamycin,lapatinib + rapamycin,100,98.8,114,78,1,5,BR:BT-549;BR:HS 578T;BR:MCF7;BR:MDA-MB-231;BR:T-47D,0.990426957687153,TRUE,TRUE,tier_A_both_drugs_patient_scored
carboplatin,lapatinib,carboplatin + lapatinib,-29,-49.6,-6,-101,0,5,BR:BT-549;BR:HS 578T;BR:MCF7;BR:MDA-MB-231;BR:T-47D,0.378230901780586,FALSE,TRUE,tier_B_one_drug_patient_scored
lapatinib,mitoxantrone,lapatinib + mitoxantrone,83,83.6,120,45,1,5,BR:BT-549;BR:HS 578T;BR:MCF7;BR:MDA-MB-231;BR:T-47D,0.985927627800115,TRUE,FALSE,tier_B_one_drug_patient_scored
lapatinib,temozolomide,lapatinib + temozolomide,-61,-61.4,-46,-71,0,5,BR:BT-549;BR:HS 578T;BR:MCF7;BR:MDA-MB-231;BR:T-47D,0.378230901780586,TRUE,FALSE,tier_B_one_drug_patient_scored
clofarabine,lapatinib,clofarabine + lapatinib,-27,-36,25,-134,0.2,5,BR:BT-549;BR:HS 578T;BR:MCF7;BR:MDA-MB-231;BR:T-47D,0.378230901780586,FALSE,TRUE,tier_B_one_drug_patient_scored
lapatinib,vinorelbine,lapatinib + vinorelbine,54,52,95,11,1,5,BR:BT-549;BR:HS 578T;BR:MCF7;BR:MDA-MB-231;BR:T-47D,0.966973004020678,TRUE,FALSE,tier_B_one_drug_patient_scored
gemcitabine,lapatinib,gemcitabine + lapatinib,-66,-47.8,6,-76,0.2,5,BR:BT-549;BR:HS 578T;BR:MCF7;BR:MDA-MB-231;BR:T-47D,0.378230901780586,TRUE,TRUE,tier_A_both_drugs_patient_scored
docetaxel,lapatinib,docetaxel + lapatinib,170,171.8,257,100,1,5,BR:BT-549;BR:HS 578T;BR:MCF7;BR:MDA-MB-231;BR:T-47D,0.997415278575531,TRUE,TRUE,tier_A_both_drugs_patient_scored
7 ethyl 10 hydroxycamptothecin,lapatinib,7 ethyl 10 hydroxycamptothecin + lapatinib,-36,-44.2,21,-123,0.2,5,BR:BT-549;BR:HS 578T;BR:MCF7;BR:MDA-MB-231;BR:T-47D,0.378230901780586,FALSE,TRUE,tier_B_one_drug_patient_scored
lapatinib,nelarabine,lapatinib + nelarabine,-108,-78.6,8,-158,0.2,5,BR:BT-549;BR:HS 578T;BR:MCF7;BR:MDA-MB-231;BR:T-47D,0.378230901780586,TRUE,FALSE,tier_B_one_drug_patient_scored
lapatinib,pemetrexed,lapatinib + pemetrexed,1,0.2,61,-67,0.6,5,BR:BT-549;BR:HS 578T;BR:MCF7;BR:MDA-MB-231;BR:T-47D,0.759908098793797,TRUE,FALSE,tier_B_one_drug_patient_scored
lapatinib,vorinostat,lapatinib + vorinostat,-42,-37,-1,-57,0,5,BR:BT-549;BR:HS 578T;BR:MCF7;BR:MDA-MB-231;BR:T-47D,0.378230901780586,TRUE,FALSE,tier_B_one_drug_patient_scored
capecitabine,lapatinib,capecitabine + lapatinib,-30,-42.6,36,-130,0.2,5,BR:BT-549;BR:HS 578T;BR:MCF7;BR:MDA-MB-231;BR:T-47D,0.378230901780586,FALSE,TRUE,tier_B_one_drug_patient_scored
exemestane,lapatinib,exemestane + lapatinib,-4,-6,25,-37,0.4,5,BR:BT-549;BR:HS 578T;BR:MCF7;BR:MDA-MB-231;BR:T-47D,0.378230901780586,FALSE,TRUE,tier_B_one_drug_patient_scored
gefitinib,lapatinib,gefitinib + lapatinib,-13,-2,27,-19,0.4,5,BR:BT-549;BR:HS 578T;BR:MCF7;BR:MDA-MB-231;BR:T-47D,0.378230901780586,FALSE,TRUE,tier_B_one_drug_patient_scored
lapatinib,letrozole,lapatinib + letrozole,-97,-83.4,36,-196,0.2,5,BR:BT-549;BR:HS 578T;BR:MCF7;BR:MDA-MB-231;BR:T-47D,0.378230901780586,TRUE,FALSE,tier_B_one_drug_patient_scored
celecoxib,lapatinib,celecoxib + lapatinib,-73,-67.4,-19,-115,0,5,BR:BT-549;BR:HS 578T;BR:MCF7;BR:MDA-MB-231;BR:T-47D,0.378230901780586,FALSE,TRUE,tier_B_one_drug_patient_scored
dasatinib,lapatinib,dasatinib + lapatinib,6,34.4,92,2,1,5,BR:BT-549;BR:HS 578T;BR:MCF7;BR:MDA-MB-231;BR:T-47D,0.802508137085966,FALSE,TRUE,tier_B_one_drug_patient_scored
everolimus,lapatinib,everolimus + lapatinib,48,61.4,127,30,1,5,BR:BT-549;BR:HS 578T;BR:MCF7;BR:MDA-MB-231;BR:T-47D,0.958452996362244,FALSE,TRUE,tier_B_one_drug_patient_scored
lapatinib,pazopanib,lapatinib + pazopanib,27,18.2,88,-59,0.6,5,BR:BT-549;BR:HS 578T;BR:MCF7;BR:MDA-MB-231;BR:T-47D,0.914225540876891,TRUE,FALSE,tier_B_one_drug_patient_scored
imatinib,lapatinib,imatinib + lapatinib,-72,-79,-49,-127,0,5,BR:BT-549;BR:HS 578T;BR:MCF7;BR:MDA-MB-231;BR:T-47D,0.378230901780586,FALSE,TRUE,tier_B_one_drug_patient_scored
lapatinib,nilotinib,lapatinib + nilotinib,-137,-126.4,-50,-194,0,5,BR:BT-549;BR:HS 578T;BR:MCF7;BR:MDA-MB-231;BR:T-47D,0.378230901780586,TRUE,FALSE,tier_B_one_drug_patient_scored
lapatinib,lenalidomide,lapatinib + lenalidomide,7,-0.2,30,-35,0.6,5,BR:BT-549;BR:HS 578T;BR:MCF7;BR:MDA-MB-231;BR:T-47D,0.810453762205629,TRUE,FALSE,tier_B_one_drug_patient_scored
lapatinib,raloxifene,lapatinib + raloxifene,-44,-53,49,-158,0.2,5,BR:BT-549;BR:HS 578T;BR:MCF7;BR:MDA-MB-231;BR:T-47D,0.378230901780586,TRUE,FALSE,tier_B_one_drug_patient_scored
abiraterone,lapatinib,abiraterone + lapatinib,-39,-26.8,28,-88,0.4,5,BR:BT-549;BR:HS 578T;BR:MCF7;BR:MDA-MB-231;BR:T-47D,0.378230901780586,FALSE,TRUE,tier_B_one_drug_patient_scored
lapatinib,vemurafenib,lapatinib + vemurafenib,-8,-5.2,72,-66,0.4,5,BR:BT-549;BR:HS 578T;BR:MCF7;BR:MDA-MB-231;BR:T-47D,0.378230901780586,TRUE,FALSE,tier_B_one_drug_patient_scored
depsipeptide,lapatinib,depsipeptide + lapatinib,-16,-9.6,13,-24,0.2,5,BR:BT-549;BR:HS 578T;BR:MCF7;BR:MDA-MB-231;BR:T-47D,0.378230901780586,FALSE,TRUE,tier_B_one_drug_patient_scored
lapatinib,vismodegib,lapatinib + vismodegib,19,-14.2,40,-88,0.6,5,BR:BT-549;BR:HS 578T;BR:MCF7;BR:MDA-MB-231;BR:T-47D,0.883974727168294,TRUE,FALSE,tier_B_one_drug_patient_scored
crizotinib,lapatinib,crizotinib + lapatinib,-52,-23,78,-77,0.4,5,BR:BT-549;BR:HS 578T;BR:MCF7;BR:MDA-MB-231;BR:T-47D,0.378230901780586,FALSE,TRUE,tier_B_one_drug_patient_scored
axitinib,lapatinib,axitinib + lapatinib,-9,-30.6,22,-125,0.2,5,BR:BT-549;BR:HS 578T;BR:MCF7;BR:MDA-MB-231;BR:T-47D,0.378230901780586,FALSE,TRUE,tier_B_one_drug_patient_scored
lapatinib,vandetanib,lapatinib + vandetanib,-10,1.4,35,-39,0.4,5,BR:BT-549;BR:HS 578T;BR:MCF7;BR:MDA-MB-231;BR:T-47D,0.378230901780586,TRUE,FALSE,tier_B_one_drug_patient_scored
cabazitaxel,lapatinib,cabazitaxel + lapatinib,106,83.6,129,14,1,5,BR:BT-549;BR:HS 578T;BR:MCF7;BR:MDA-MB-231;BR:T-47D,0.992245835726594,FALSE,TRUE,tier_B_one_drug_patient_scored
lapatinib,ruxolitinib,lapatinib + ruxolitinib,-21,-19.6,31,-96,0.4,5,BR:BT-549;BR:HS 578T;BR:MCF7;BR:MDA-MB-231;BR:T-47D,0.378230901780586,TRUE,FALSE,tier_B_one_drug_patient_scored
methotrexate,nilotinib,methotrexate + nilotinib,-37,-32,23,-65,0.2,5,BR:BT-549;BR:HS 578T;BR:MCF7;BR:MDA-MB-231;BR:T-47D,0.378230901780586,FALSE,FALSE,not_patient_scored
6 thioguanine,nilotinib,6 thioguanine + nilotinib,-27,-26,6,-72,0.2,5,BR:BT-549;BR:HS 578T;BR:MCF7;BR:MDA-MB-231;BR:T-47D,0.378230901780586,FALSE,FALSE,not_patient_scored
6 mercaptopurine,nilotinib,6 mercaptopurine + nilotinib,-49,-49.8,8,-112,0.2,5,BR:BT-549;BR:HS 578T;BR:MCF7;BR:MDA-MB-231;BR:T-47D,0.378230901780586,FALSE,FALSE,not_patient_scored
actinomycin d,nilotinib,actinomycin d + nilotinib,132,103.2,180,14,1,5,BR:BT-549;BR:HS 578T;BR:MCF7;BR:MDA-MB-231;BR:T-47D,0.995500670112962,FALSE,FALSE,not_patient_scored
chlorambucil,nilotinib,chlorambucil + nilotinib,-37,-29.2,23,-90,0.2,5,BR:BT-549;BR:HS 578T;BR:MCF7;BR:MDA-MB-231;BR:T-47D,0.378230901780586,FALSE,FALSE,not_patient_scored
nilotinib,thiotepa,nilotinib + thiotepa,-7,29.4,156,-42,0.4,5,BR:BT-549;BR:HS 578T;BR:MCF7;BR:MDA-MB-231;BR:T-47D,0.378230901780586,FALSE,FALSE,not_patient_scored
melphalan,nilotinib,melphalan + nilotinib,-14,-40.4,-10,-136,0,5,BR:BT-549;BR:HS 578T;BR:MCF7;BR:MDA-MB-231;BR:T-47D,0.378230901780586,FALSE,FALSE,not_patient_scored
altretamine,nilotinib,altretamine + nilotinib,-83,-95.6,-51,-158,0,5,BR:BT-549;BR:HS 578T;BR:MCF7;BR:MDA-MB-231;BR:T-47D,0.378230901780586,FALSE,FALSE,not_patient_scored
5-fluorouracil,nilotinib,5-fluorouracil + nilotinib,1,-5.6,30,-46,0.6,5,BR:BT-549;BR:HS 578T;BR:MCF7;BR:MDA-MB-231;BR:T-47D,0.759908098793797,TRUE,FALSE,tier_B_one_drug_patient_scored
floxuridine,nilotinib,floxuridine + nilotinib,-25,-23.6,19,-68,0.4,5,BR:BT-549;BR:HS 578T;BR:MCF7;BR:MDA-MB-231;BR:T-47D,0.378230901780586,FALSE,FALSE,not_patient_scored
hydroxyurea,nilotinib,hydroxyurea + nilotinib,-41,-32.6,28,-81,0.2,5,BR:BT-549;BR:HS 578T;BR:MCF7;BR:MDA-MB-231;BR:T-47D,0.378230901780586,FALSE,FALSE,not_patient_scored
nilotinib,uracil mustard,nilotinib + uracil mustard,18,-5.8,22,-67,0.6,5,BR:BT-549;BR:HS 578T;BR:MCF7;BR:MDA-MB-231;BR:T-47D,0.878996745165614,FALSE,FALSE,not_patient_scored
dacarbazine,nilotinib,dacarbazine + nilotinib,-43,-36.8,-3,-76,0,5,BR:BT-549;BR:HS 578T;BR:MCF7;BR:MDA-MB-231;BR:T-47D,0.378230901780586,FALSE,FALSE,not_patient_scored
cytarabine,nilotinib,cytarabine + nilotinib,-3,-16.8,31,-73,0.4,5,BR:BT-549;BR:HS 578T;BR:MCF7;BR:MDA-MB-231;BR:T-47D,0.378230901780586,FALSE,FALSE,not_patient_scored
nilotinib,vincristine,nilotinib + vincristine,36,27,69,-45,0.8,5,BR:BT-549;BR:HS 578T;BR:MCF7;BR:MDA-MB-231;BR:T-47D,0.938828259620908,FALSE,FALSE,not_patient_scored
megestrol acetate,nilotinib,megestrol acetate + nilotinib,-79,-75.8,2,-132,0.2,5,BR:BT-549;BR:HS 578T;BR:MCF7;BR:MDA-MB-231;BR:T-47D,0.378230901780586,FALSE,FALSE,not_patient_scored
lomustine,nilotinib,lomustine + nilotinib,-15,-26.8,-7,-68,0,5,BR:BT-549;BR:HS 578T;BR:MCF7;BR:MDA-MB-231;BR:T-47D,0.378230901780586,FALSE,FALSE,not_patient_scored
daunorubicin,nilotinib,daunorubicin + nilotinib,19,9,43,-35,0.6,5,BR:BT-549;BR:HS 578T;BR:MCF7;BR:MDA-MB-231;BR:T-47D,0.883974727168294,FALSE,FALSE,not_patient_scored
cladribine,nilotinib,cladribine + nilotinib,-44,-37,-3,-52,0,5,BR:BT-549;BR:HS 578T;BR:MCF7;BR:MDA-MB-231;BR:T-47D,0.378230901780586,FALSE,FALSE,not_patient_scored
fludarabine,nilotinib,fludarabine + nilotinib,-40,-43.4,-25,-72,0,5,BR:BT-549;BR:HS 578T;BR:MCF7;BR:MDA-MB-231;BR:T-47D,0.378230901780586,FALSE,FALSE,not_patient_scored
isotretinoin,nilotinib,isotretinoin + nilotinib,-36,-26.6,40,-98,0.4,5,BR:BT-549;BR:HS 578T;BR:MCF7;BR:MDA-MB-231;BR:T-47D,0.378230901780586,FALSE,FALSE,not_patient_scored
nilotinib,teniposide,nilotinib + teniposide,13,14.8,31,-2,0.8,5,BR:BT-549;BR:HS 578T;BR:MCF7;BR:MDA-MB-231;BR:T-47D,0.852766609228413,FALSE,FALSE,not_patient_scored
bendamustine,nilotinib,bendamustine + nilotinib,-50,-66,-8,-139,0,5,BR:BT-549;BR:HS 578T;BR:MCF7;BR:MDA-MB-231;BR:T-47D,0.378230901780586,FALSE,FALSE,not_patient_scored
etoposide,nilotinib,etoposide + nilotinib,0,-6.2,33,-36,0.4,5,BR:BT-549;BR:HS 578T;BR:MCF7;BR:MDA-MB-231;BR:T-47D,0.378230901780586,FALSE,FALSE,not_patient_scored
dexrazoxane,nilotinib,dexrazoxane + nilotinib,-14,-15,31,-57,0.2,5,BR:BT-549;BR:HS 578T;BR:MCF7;BR:MDA-MB-231;BR:T-47D,0.378230901780586,FALSE,FALSE,not_patient_scored
nilotinib,tamoxifen,nilotinib + tamoxifen,-82,-77.8,-12,-129,0,5,BR:BT-549;BR:HS 578T;BR:MCF7;BR:MDA-MB-231;BR:T-47D,0.378230901780586,FALSE,FALSE,not_patient_scored
carboplatin,nilotinib,carboplatin + nilotinib,-68,-69.4,-55,-91,0,5,BR:BT-549;BR:HS 578T;BR:MCF7;BR:MDA-MB-231;BR:T-47D,0.378230901780586,FALSE,FALSE,not_patient_scored
mitoxantrone,nilotinib,mitoxantrone + nilotinib,44,42,61,22,1,5,BR:BT-549;BR:HS 578T;BR:MCF7;BR:MDA-MB-231;BR:T-47D,0.952709170974536,FALSE,FALSE,not_patient_scored
nilotinib,temozolomide,nilotinib + temozolomide,-116,-108.8,-9,-161,0,5,BR:BT-549;BR:HS 578T;BR:MCF7;BR:MDA-MB-231;BR:T-47D,0.378230901780586,FALSE,FALSE,not_patient_scored
nilotinib,vinorelbine,nilotinib + vinorelbine,37,41,82,8,1,5,BR:BT-549;BR:HS 578T;BR:MCF7;BR:MDA-MB-231;BR:T-47D,0.941317250622248,FALSE,FALSE,not_patient_scored
nilotinib,pemetrexed,nilotinib + pemetrexed,32,20.4,52,-28,0.6,5,BR:BT-549;BR:HS 578T;BR:MCF7;BR:MDA-MB-231;BR:T-47D,0.929638139000574,FALSE,FALSE,not_patient_scored
exemestane,nilotinib,exemestane + nilotinib,-15,-9,10,-26,0.4,5,BR:BT-549;BR:HS 578T;BR:MCF7;BR:MDA-MB-231;BR:T-47D,0.378230901780586,FALSE,FALSE,not_patient_scored
gefitinib,nilotinib,gefitinib + nilotinib,-4,-2.8,44,-74,0.4,5,BR:BT-549;BR:HS 578T;BR:MCF7;BR:MDA-MB-231;BR:T-47D,0.378230901780586,FALSE,FALSE,not_patient_scored
letrozole,nilotinib,letrozole + nilotinib,-64,-74.4,-49,-111,0,5,BR:BT-549;BR:HS 578T;BR:MCF7;BR:MDA-MB-231;BR:T-47D,0.378230901780586,FALSE,FALSE,not_patient_scored
celecoxib,nilotinib,celecoxib + nilotinib,-43,-44.6,-23,-79,0,5,BR:BT-549;BR:HS 578T;BR:MCF7;BR:MDA-MB-231;BR:T-47D,0.378230901780586,FALSE,FALSE,not_patient_scored
nilotinib,pazopanib,nilotinib + pazopanib,-13,7.2,83,-29,0.4,5,BR:BT-549;BR:HS 578T;BR:MCF7;BR:MDA-MB-231;BR:T-47D,0.378230901780586,FALSE,FALSE,not_patient_scored
imatinib,nilotinib,imatinib + nilotinib,-97,-112.4,-63,-230,0,5,BR:BT-549;BR:HS 578T;BR:MCF7;BR:MDA-MB-231;BR:T-47D,0.378230901780586,FALSE,FALSE,not_patient_scored
lenalidomide,nilotinib,lenalidomide + nilotinib,-4,-19.2,14,-55,0.2,5,BR:BT-549;BR:HS 578T;BR:MCF7;BR:MDA-MB-231;BR:T-47D,0.378230901780586,FALSE,FALSE,not_patient_scored
nilotinib,raloxifene,nilotinib + raloxifene,-51,-38.6,14,-71,0.2,5,BR:BT-549;BR:HS 578T;BR:MCF7;BR:MDA-MB-231;BR:T-47D,0.378230901780586,FALSE,FALSE,not_patient_scored
abiraterone,nilotinib,abiraterone + nilotinib,-30,-17.2,17,-44,0.4,5,BR:BT-549;BR:HS 578T;BR:MCF7;BR:MDA-MB-231;BR:T-47D,0.378230901780586,FALSE,FALSE,not_patient_scored
nilotinib,vemurafenib,nilotinib + vemurafenib,11,5.4,62,-68,0.6,5,BR:BT-549;BR:HS 578T;BR:MCF7;BR:MDA-MB-231;BR:T-47D,0.841853340991767,FALSE,FALSE,not_patient_scored
nilotinib,vismodegib,nilotinib + vismodegib,-4,-17,65,-117,0.4,5,BR:BT-549;BR:HS 578T;BR:MCF7;BR:MDA-MB-231;BR:T-47D,0.378230901780586,FALSE,FALSE,not_patient_scored
crizotinib,nilotinib,crizotinib + nilotinib,18,-2.2,77,-115,0.6,5,BR:BT-549;BR:HS 578T;BR:MCF7;BR:MDA-MB-231;BR:T-47D,0.878996745165614,FALSE,FALSE,not_patient_scored
axitinib,nilotinib,axitinib + nilotinib,-38,-40.2,18,-80,0.2,5,BR:BT-549;BR:HS 578T;BR:MCF7;BR:MDA-MB-231;BR:T-47D,0.378230901780586,FALSE,FALSE,not_patient_scored
nilotinib,vandetanib,nilotinib + vandetanib,0,4.4,54,-49,0.4,5,BR:BT-549;BR:HS 578T;BR:MCF7;BR:MDA-MB-231;BR:T-47D,0.378230901780586,FALSE,FALSE,not_patient_scored
cabazitaxel,nilotinib,cabazitaxel + nilotinib,79,88.8,141,59,1,5,BR:BT-549;BR:HS 578T;BR:MCF7;BR:MDA-MB-231;BR:T-47D,0.984587401876316,FALSE,FALSE,not_patient_scored
nilotinib,ruxolitinib,nilotinib + ruxolitinib,28,19.8,66,-67,0.8,5,BR:BT-549;BR:HS 578T;BR:MCF7;BR:MDA-MB-231;BR:T-47D,0.91738464484013,FALSE,FALSE,not_patient_scored
6 thioguanine,sorafenib,6 thioguanine + sorafenib,-22,-19.8,-7,-28,0,5,BR:BT-549;BR:HS 578T;BR:MCF7;BR:MDA-MB-231;BR:T-47D,0.378230901780586,FALSE,FALSE,not_patient_scored
actinomycin d,sorafenib,actinomycin d + sorafenib,-20,-62,-10,-218,0,5,BR:BT-549;BR:HS 578T;BR:MCF7;BR:MDA-MB-231;BR:T-47D,0.378230901780586,FALSE,FALSE,not_patient_scored
chlorambucil,sorafenib,chlorambucil + sorafenib,-48,-51.4,-22,-79,0,5,BR:BT-549;BR:HS 578T;BR:MCF7;BR:MDA-MB-231;BR:T-47D,0.378230901780586,FALSE,FALSE,not_patient_scored
sorafenib,thiotepa,sorafenib + thiotepa,-54,-40.4,19,-94,0.2,5,BR:BT-549;BR:HS 578T;BR:MCF7;BR:MDA-MB-231;BR:T-47D,0.378230901780586,FALSE,FALSE,not_patient_scored
melphalan,sorafenib,melphalan + sorafenib,-23,-25.6,11,-68,0.2,5,BR:BT-549;BR:HS 578T;BR:MCF7;BR:MDA-MB-231;BR:T-47D,0.378230901780586,FALSE,FALSE,not_patient_scored
sorafenib,triethylenemelamine,sorafenib + triethylenemelamine,-495,-544.4,-367,-700,0,5,BR:BT-549;BR:HS 578T;BR:MCF7;BR:MDA-MB-231;BR:T-47D,0.378230901780586,FALSE,FALSE,not_patient_scored
altretamine,sorafenib,altretamine + sorafenib,-60,-55.2,17,-143,0.4,5,BR:BT-549;BR:HS 578T;BR:MCF7;BR:MDA-MB-231;BR:T-47D,0.378230901780586,FALSE,FALSE,not_patient_scored
5-fluorouracil,sorafenib,5-fluorouracil + sorafenib,-52,-40.2,9,-103,0.4,5,BR:BT-549;BR:HS 578T;BR:MCF7;BR:MDA-MB-231;BR:T-47D,0.378230901780586,TRUE,FALSE,tier_B_one_drug_patient_scored
mithramycin,sorafenib,mithramycin + sorafenib,-37,-39.8,-15,-58,0,5,BR:BT-549;BR:HS 578T;BR:MCF7;BR:MDA-MB-231;BR:T-47D,0.378230901780586,FALSE,FALSE,not_patient_scored
floxuridine,sorafenib,floxuridine + sorafenib,-12,-27.6,11,-72,0.2,5,BR:BT-549;BR:HS 578T;BR:MCF7;BR:MDA-MB-231;BR:T-47D,0.378230901780586,FALSE,FALSE,not_patient_scored
hydroxyurea,sorafenib,hydroxyurea + sorafenib,-58,-62.6,-11,-113,0,5,BR:BT-549;BR:HS 578T;BR:MCF7;BR:MDA-MB-231;BR:T-47D,0.378230901780586,FALSE,FALSE,not_patient_scored
sorafenib,uracil mustard,sorafenib + uracil mustard,-25,-20.8,12,-48,0.2,5,BR:BT-549;BR:HS 578T;BR:MCF7;BR:MDA-MB-231;BR:T-47D,0.378230901780586,FALSE,FALSE,not_patient_scored
dacarbazine,sorafenib,dacarbazine + sorafenib,-45,-44,-27,-67,0,5,BR:BT-549;BR:HS 578T;BR:MCF7;BR:MDA-MB-231;BR:T-47D,0.378230901780586,FALSE,FALSE,not_patient_scored
cytarabine,sorafenib,cytarabine + sorafenib,-43,-48.4,-20,-85,0,5,BR:BT-549;BR:HS 578T;BR:MCF7;BR:MDA-MB-231;BR:T-47D,0.378230901780586,FALSE,FALSE,not_patient_scored
sorafenib,vincristine,sorafenib + vincristine,-82,-78.5,-6,-144,0,4,BR:HS 578T;BR:MCF7;BR:MDA-MB-231;BR:T-47D,0.378230901780586,FALSE,FALSE,not_patient_scored
megestrol acetate,sorafenib,megestrol acetate + sorafenib,-34,-40.8,15,-93,0.2,5,BR:BT-549;BR:HS 578T;BR:MCF7;BR:MDA-MB-231;BR:T-47D,0.378230901780586,FALSE,FALSE,not_patient_scored
lomustine,sorafenib,lomustine + sorafenib,-14,-19.2,9,-45,0.2,5,BR:BT-549;BR:HS 578T;BR:MCF7;BR:MDA-MB-231;BR:T-47D,0.378230901780586,FALSE,FALSE,not_patient_scored
daunorubicin,sorafenib,daunorubicin + sorafenib,-10,-4.4,16,-26,0.4,5,BR:BT-549;BR:HS 578T;BR:MCF7;BR:MDA-MB-231;BR:T-47D,0.378230901780586,FALSE,FALSE,not_patient_scored
azacitidine,sorafenib,azacitidine + sorafenib,-22,-18.2,15,-44,0.2,5,BR:BT-549;BR:HS 578T;BR:MCF7;BR:MDA-MB-231;BR:T-47D,0.378230901780586,FALSE,FALSE,not_patient_scored
cladribine,sorafenib,cladribine + sorafenib,-7,-17.4,17,-59,0.4,5,BR:BT-549;BR:HS 578T;BR:MCF7;BR:MDA-MB-231;BR:T-47D,0.378230901780586,FALSE,FALSE,not_patient_scored
fludarabine,sorafenib,fludarabine + sorafenib,-77,-76.2,-32,-110,0,5,BR:BT-549;BR:HS 578T;BR:MCF7;BR:MDA-MB-231;BR:T-47D,0.378230901780586,FALSE,FALSE,not_patient_scored
isotretinoin,sorafenib,isotretinoin + sorafenib,33,34.6,87,-15,0.6,5,BR:BT-549;BR:HS 578T;BR:MCF7;BR:MDA-MB-231;BR:T-47D,0.932701512540685,FALSE,FALSE,not_patient_scored
sorafenib,teniposide,sorafenib + teniposide,-43,-26.8,15,-57,0.4,5,BR:BT-549;BR:HS 578T;BR:MCF7;BR:MDA-MB-231;BR:T-47D,0.378230901780586,FALSE,FALSE,not_patient_scored
bleomycin,sorafenib,bleomycin + sorafenib,-22,-18.8,2,-33,0.2,5,BR:BT-549;BR:HS 578T;BR:MCF7;BR:MDA-MB-231;BR:T-47D,0.378230901780586,FALSE,FALSE,not_patient_scored
paclitaxel,sorafenib,paclitaxel + sorafenib,135.5,141.5,196,99,1,4,BR:BT-549;BR:MCF7;BR:MDA-MB-231;BR:T-47D,0.995883591805476,TRUE,FALSE,tier_B_one_drug_patient_scored
etoposide,sorafenib,etoposide + sorafenib,-26,-24.2,-8,-41,0,5,BR:BT-549;BR:HS 578T;BR:MCF7;BR:MDA-MB-231;BR:T-47D,0.378230901780586,FALSE,FALSE,not_patient_scored
dexrazoxane,sorafenib,dexrazoxane + sorafenib,13,8.6,58,-43,0.6,5,BR:BT-549;BR:HS 578T;BR:MCF7;BR:MDA-MB-231;BR:T-47D,0.852766609228413,FALSE,FALSE,not_patient_scored
sorafenib,tamoxifen,sorafenib + tamoxifen,-3,-10.6,15,-60,0.4,5,BR:BT-549;BR:HS 578T;BR:MCF7;BR:MDA-MB-231;BR:T-47D,0.378230901780586,FALSE,FALSE,not_patient_scored
rapamycin,sorafenib,rapamycin + sorafenib,8,27.8,77,-1,0.6,5,BR:BT-549;BR:HS 578T;BR:MCF7;BR:MDA-MB-231;BR:T-47D,0.818973769864063,TRUE,FALSE,tier_B_one_drug_patient_scored
carboplatin,sorafenib,carboplatin + sorafenib,-13,-43.4,-2,-106,0,5,BR:BT-549;BR:HS 578T;BR:MCF7;BR:MDA-MB-231;BR:T-47D,0.378230901780586,FALSE,FALSE,not_patient_scored
mitoxantrone,sorafenib,mitoxantrone + sorafenib,10,13.2,55,-25,0.6,5,BR:BT-549;BR:HS 578T;BR:MCF7;BR:MDA-MB-231;BR:T-47D,0.835343672219031,FALSE,FALSE,not_patient_scored
sorafenib,temozolomide,sorafenib + temozolomide,-40,-37.2,-7,-61,0,5,BR:BT-549;BR:HS 578T;BR:MCF7;BR:MDA-MB-231;BR:T-47D,0.378230901780586,FALSE,FALSE,not_patient_scored
clofarabine,sorafenib,clofarabine + sorafenib,-28,-38.4,-12,-100,0,5,BR:BT-549;BR:HS 578T;BR:MCF7;BR:MDA-MB-231;BR:T-47D,0.378230901780586,FALSE,FALSE,not_patient_scored
sorafenib,vinorelbine,sorafenib + vinorelbine,44,41.8,57,28,1,5,BR:BT-549;BR:HS 578T;BR:MCF7;BR:MDA-MB-231;BR:T-47D,0.952709170974536,FALSE,FALSE,not_patient_scored
gemcitabine,sorafenib,gemcitabine + sorafenib,-46,-41.2,-9,-83,0,5,BR:BT-549;BR:HS 578T;BR:MCF7;BR:MDA-MB-231;BR:T-47D,0.378230901780586,TRUE,FALSE,tier_B_one_drug_patient_scored
docetaxel,sorafenib,docetaxel + sorafenib,112,102.6,248,-6,0.8,5,BR:BT-549;BR:HS 578T;BR:MCF7;BR:MDA-MB-231;BR:T-47D,0.993203139957879,TRUE,FALSE,tier_B_one_drug_patient_scored
7 ethyl 10 hydroxycamptothecin,sorafenib,7 ethyl 10 hydroxycamptothecin + sorafenib,-4,-11.4,25,-42,0.4,5,BR:BT-549;BR:HS 578T;BR:MCF7;BR:MDA-MB-231;BR:T-47D,0.378230901780586,FALSE,FALSE,not_patient_scored
nelarabine,sorafenib,nelarabine + sorafenib,-70,-69.8,1,-158,0.2,5,BR:BT-549;BR:HS 578T;BR:MCF7;BR:MDA-MB-231;BR:T-47D,0.378230901780586,FALSE,FALSE,not_patient_scored
pemetrexed,sorafenib,pemetrexed + sorafenib,-6,-12.4,13,-41,0.2,5,BR:BT-549;BR:HS 578T;BR:MCF7;BR:MDA-MB-231;BR:T-47D,0.378230901780586,FALSE,FALSE,not_patient_scored
sorafenib,vorinostat,sorafenib + vorinostat,-41,-64.6,-25,-133,0,5,BR:BT-549;BR:HS 578T;BR:MCF7;BR:MDA-MB-231;BR:T-47D,0.378230901780586,FALSE,FALSE,not_patient_scored
capecitabine,sorafenib,capecitabine + sorafenib,-30,-47.8,-3,-123,0,5,BR:BT-549;BR:HS 578T;BR:MCF7;BR:MDA-MB-231;BR:T-47D,0.378230901780586,FALSE,FALSE,not_patient_scored
exemestane,sorafenib,exemestane + sorafenib,3,5.4,44,-33,0.6,5,BR:BT-549;BR:HS 578T;BR:MCF7;BR:MDA-MB-231;BR:T-47D,0.775895079456251,FALSE,FALSE,not_patient_scored
gefitinib,sorafenib,gefitinib + sorafenib,-3,9.6,72,-33,0.4,5,BR:BT-549;BR:HS 578T;BR:MCF7;BR:MDA-MB-231;BR:T-47D,0.378230901780586,FALSE,FALSE,not_patient_scored
fulvestrant,sorafenib,fulvestrant + sorafenib,-77,-58,-2,-101,0,5,BR:BT-549;BR:HS 578T;BR:MCF7;BR:MDA-MB-231;BR:T-47D,0.378230901780586,FALSE,FALSE,not_patient_scored
letrozole,sorafenib,letrozole + sorafenib,-79,-93.2,-55,-176,0,5,BR:BT-549;BR:HS 578T;BR:MCF7;BR:MDA-MB-231;BR:T-47D,0.378230901780586,FALSE,FALSE,not_patient_scored
celecoxib,sorafenib,celecoxib + sorafenib,-59,-51.6,-16,-105,0,5,BR:BT-549;BR:HS 578T;BR:MCF7;BR:MDA-MB-231;BR:T-47D,0.378230901780586,FALSE,FALSE,not_patient_scored
dasatinib,sorafenib,dasatinib + sorafenib,-8,-4.8,35,-44,0.4,5,BR:BT-549;BR:HS 578T;BR:MCF7;BR:MDA-MB-231;BR:T-47D,0.378230901780586,FALSE,FALSE,not_patient_scored
pazopanib,sorafenib,pazopanib + sorafenib,56,40.4,79,-12,0.8,5,BR:BT-549;BR:HS 578T;BR:MCF7;BR:MDA-MB-231;BR:T-47D,0.969270534175761,FALSE,FALSE,not_patient_scored
imatinib,sorafenib,imatinib + sorafenib,-58,-55.6,-29,-80,0,5,BR:BT-549;BR:HS 578T;BR:MCF7;BR:MDA-MB-231;BR:T-47D,0.378230901780586,FALSE,FALSE,not_patient_scored
lapatinib,sorafenib,lapatinib + sorafenib,-37,-43.6,-13,-85,0,5,BR:BT-549;BR:HS 578T;BR:MCF7;BR:MDA-MB-231;BR:T-47D,0.378230901780586,TRUE,FALSE,tier_B_one_drug_patient_scored
nilotinib,sorafenib,nilotinib + sorafenib,-19,-37.6,-12,-70,0,5,BR:BT-549;BR:HS 578T;BR:MCF7;BR:MDA-MB-231;BR:T-47D,0.378230901780586,FALSE,FALSE,not_patient_scored
lenalidomide,sorafenib,lenalidomide + sorafenib,9,-13.8,21,-94,0.6,5,BR:BT-549;BR:HS 578T;BR:MCF7;BR:MDA-MB-231;BR:T-47D,0.827685238368754,FALSE,FALSE,not_patient_scored
raloxifene,sorafenib,raloxifene + sorafenib,-8,-36.4,41,-143,0.4,5,BR:BT-549;BR:HS 578T;BR:MCF7;BR:MDA-MB-231;BR:T-47D,0.378230901780586,FALSE,FALSE,not_patient_scored
abiraterone,sorafenib,abiraterone + sorafenib,8,-0.8,16,-39,0.8,5,BR:BT-549;BR:HS 578T;BR:MCF7;BR:MDA-MB-231;BR:T-47D,0.818973769864063,FALSE,FALSE,not_patient_scored
sorafenib,sunitinib,sorafenib + sunitinib,-46,-28.5,27,-49,0.25,4,BR:BT-549;BR:HS 578T;BR:MCF7;BR:MDA-MB-231,0.378230901780586,FALSE,FALSE,not_patient_scored
sorafenib,vemurafenib,sorafenib + vemurafenib,13,-18.8,24,-84,0.6,5,BR:BT-549;BR:HS 578T;BR:MCF7;BR:MDA-MB-231;BR:T-47D,0.852766609228413,FALSE,FALSE,not_patient_scored
depsipeptide,sorafenib,depsipeptide + sorafenib,-2,-2,23,-29,0.4,5,BR:BT-549;BR:HS 578T;BR:MCF7;BR:MDA-MB-231;BR:T-47D,0.378230901780586,FALSE,FALSE,not_patient_scored
sorafenib,vismodegib,sorafenib + vismodegib,16,5.4,46,-44,0.6,5,BR:BT-549;BR:HS 578T;BR:MCF7;BR:MDA-MB-231;BR:T-47D,0.869519433275895,FALSE,FALSE,not_patient_scored
crizotinib,sorafenib,crizotinib + sorafenib,-44,-38.6,25,-98,0.2,5,BR:BT-549;BR:HS 578T;BR:MCF7;BR:MDA-MB-231;BR:T-47D,0.378230901780586,FALSE,FALSE,not_patient_scored
axitinib,sorafenib,axitinib + sorafenib,-41,-23.8,29,-84,0.4,5,BR:BT-549;BR:HS 578T;BR:MCF7;BR:MDA-MB-231;BR:T-47D,0.378230901780586,FALSE,FALSE,not_patient_scored
sorafenib,vandetanib,sorafenib + vandetanib,-29,-34.6,6,-94,0.2,5,BR:BT-549;BR:HS 578T;BR:MCF7;BR:MDA-MB-231;BR:T-47D,0.378230901780586,FALSE,FALSE,not_patient_scored
cabazitaxel,sorafenib,cabazitaxel + sorafenib,16,34,77,-3,0.8,5,BR:BT-549;BR:HS 578T;BR:MCF7;BR:MDA-MB-231;BR:T-47D,0.869519433275895,FALSE,FALSE,not_patient_scored
ruxolitinib,sorafenib,ruxolitinib + sorafenib,-5,-14,16,-58,0.4,5,BR:BT-549;BR:HS 578T;BR:MCF7;BR:MDA-MB-231;BR:T-47D,0.378230901780586,FALSE,FALSE,not_patient_scored
lenalidomide,triethylenemelamine,lenalidomide + triethylenemelamine,5,-3,75,-97,0.75,4,BR:BT-549;BR:HS 578T;BR:MCF7;BR:T-47D,0.793030825196247,FALSE,FALSE,not_patient_scored
doxorubicin,lenalidomide,doxorubicin + lenalidomide,-22.5,-27.5,-13,-52,0,4,BR:BT-549;BR:HS 578T;BR:MCF7;BR:T-47D,0.378230901780586,TRUE,FALSE,tier_B_one_drug_patient_scored
lenalidomide,pazopanib,lenalidomide + pazopanib,-11,-12.4,2,-31,0.2,5,BR:BT-549;BR:HS 578T;BR:MCF7;BR:MDA-MB-231;BR:T-47D,0.378230901780586,FALSE,FALSE,not_patient_scored
lenalidomide,raloxifene,lenalidomide + raloxifene,-31,-22.8,10,-39,0.2,5,BR:BT-549;BR:HS 578T;BR:MCF7;BR:MDA-MB-231;BR:T-47D,0.378230901780586,FALSE,FALSE,not_patient_scored
abiraterone,lenalidomide,abiraterone + lenalidomide,20,14.2,34,-17,0.8,5,BR:BT-549;BR:HS 578T;BR:MCF7;BR:MDA-MB-231;BR:T-47D,0.888091135362818,FALSE,FALSE,not_patient_scored
lenalidomide,vemurafenib,lenalidomide + vemurafenib,4.5,3.8,53,-40,0.6,5,BR:BT-549;BR:HS 578T;BR:MCF7;BR:MDA-MB-231;BR:T-47D,0.787669921501053,FALSE,FALSE,not_patient_scored
lenalidomide,vismodegib,lenalidomide + vismodegib,-11,4,58,-33,0.4,5,BR:BT-549;BR:HS 578T;BR:MCF7;BR:MDA-MB-231;BR:T-47D,0.378230901780586,FALSE,FALSE,not_patient_scored
crizotinib,lenalidomide,crizotinib + lenalidomide,3.5,-1.7,55,-47,0.6,5,BR:BT-549;BR:HS 578T;BR:MCF7;BR:MDA-MB-231;BR:T-47D,0.779245644265748,FALSE,FALSE,not_patient_scored
axitinib,lenalidomide,axitinib + lenalidomide,-4,-0.6,42,-48,0.4,5,BR:BT-549;BR:HS 578T;BR:MCF7;BR:MDA-MB-231;BR:T-47D,0.378230901780586,FALSE,FALSE,not_patient_scored
lenalidomide,vandetanib,lenalidomide + vandetanib,-11,-12.2,27,-65,0.4,5,BR:BT-549;BR:HS 578T;BR:MCF7;BR:MDA-MB-231;BR:T-47D,0.378230901780586,FALSE,FALSE,not_patient_scored
cabazitaxel,lenalidomide,cabazitaxel + lenalidomide,75,75.75,95,58,1,4,BR:BT-549;BR:MCF7;BR:MDA-MB-231;BR:T-47D,0.982768523836875,FALSE,FALSE,not_patient_scored
lenalidomide,ruxolitinib,lenalidomide + ruxolitinib,-44,-26.6,29,-52,0.2,5,BR:BT-549;BR:HS 578T;BR:MCF7;BR:MDA-MB-231;BR:T-47D,0.378230901780586,FALSE,FALSE,not_patient_scored
ixabepilone,methotrexate,ixabepilone + methotrexate,-66,-69.2,-17,-135,0,5,BR:BT-549;BR:HS 578T;BR:MCF7;BR:MDA-MB-231;BR:T-47D,0.378230901780586,FALSE,FALSE,not_patient_scored
6 thioguanine,ixabepilone,6 thioguanine + ixabepilone,-30,-30.8,-15,-53,0,5,BR:BT-549;BR:HS 578T;BR:MCF7;BR:MDA-MB-231;BR:T-47D,0.378230901780586,FALSE,FALSE,not_patient_scored
6 mercaptopurine,ixabepilone,6 mercaptopurine + ixabepilone,-30,-39.4,6,-104,0.2,5,BR:BT-549;BR:HS 578T;BR:MCF7;BR:MDA-MB-231;BR:T-47D,0.378230901780586,FALSE,FALSE,not_patient_scored
ixabepilone,nitrogen mustard,ixabepilone + nitrogen mustard,-102,-130.333333333333,-94,-195,0,3,BR:BT-549;BR:MCF7;BR:T-47D,0.378230901780586,FALSE,FALSE,not_patient_scored
allopurinol,ixabepilone,allopurinol + ixabepilone,-35,-31.8,17,-70,0.2,5,BR:BT-549;BR:HS 578T;BR:MCF7;BR:MDA-MB-231;BR:T-47D,0.378230901780586,FALSE,FALSE,not_patient_scored
actinomycin d,ixabepilone,actinomycin d + ixabepilone,-14,-27,-7,-85,0,5,BR:BT-549;BR:HS 578T;BR:MCF7;BR:MDA-MB-231;BR:T-47D,0.378230901780586,FALSE,FALSE,not_patient_scored
chlorambucil,ixabepilone,chlorambucil + ixabepilone,-50,-46,-9,-69,0,5,BR:BT-549;BR:HS 578T;BR:MCF7;BR:MDA-MB-231;BR:T-47D,0.378230901780586,FALSE,FALSE,not_patient_scored
ixabepilone,thiotepa,ixabepilone + thiotepa,-50,-59,-37,-101,0,5,BR:BT-549;BR:HS 578T;BR:MCF7;BR:MDA-MB-231;BR:T-47D,0.378230901780586,FALSE,FALSE,not_patient_scored
ixabepilone,melphalan,ixabepilone + melphalan,-28,-18.8,2,-34,0.2,5,BR:BT-549;BR:HS 578T;BR:MCF7;BR:MDA-MB-231;BR:T-47D,0.378230901780586,FALSE,FALSE,not_patient_scored
ixabepilone,triethylenemelamine,ixabepilone + triethylenemelamine,-63,-60.25,-22,-93,0,4,BR:BT-549;BR:MCF7;BR:MDA-MB-231;BR:T-47D,0.378230901780586,FALSE,FALSE,not_patient_scored
altretamine,ixabepilone,altretamine + ixabepilone,-54,-62.4,-4,-103,0,5,BR:BT-549;BR:HS 578T;BR:MCF7;BR:MDA-MB-231;BR:T-47D,0.378230901780586,FALSE,FALSE,not_patient_scored
acrichine,ixabepilone,acrichine + ixabepilone,0,-3.2,38,-30,0.4,5,BR:BT-549;BR:HS 578T;BR:MCF7;BR:MDA-MB-231;BR:T-47D,0.378230901780586,FALSE,FALSE,not_patient_scored
5-fluorouracil,ixabepilone,5-fluorouracil + ixabepilone,17,11,23,-17,0.8,5,BR:BT-549;BR:HS 578T;BR:MCF7;BR:MDA-MB-231;BR:T-47D,0.874114493586062,TRUE,FALSE,tier_B_one_drug_patient_scored
ixabepilone,mithramycin,ixabepilone + mithramycin,41,41.6,134,-16,0.6,5,BR:BT-549;BR:HS 578T;BR:MCF7;BR:MDA-MB-231;BR:T-47D,0.947635458548727,FALSE,FALSE,not_patient_scored
ixabepilone,mitomycin,ixabepilone + mitomycin,-88,-78.8,-40,-115,0,5,BR:BT-549;BR:HS 578T;BR:MCF7;BR:MDA-MB-231;BR:T-47D,0.378230901780586,FALSE,FALSE,not_patient_scored
floxuridine,ixabepilone,floxuridine + ixabepilone,-84,-76,-14,-155,0,5,BR:BT-549;BR:HS 578T;BR:MCF7;BR:MDA-MB-231;BR:T-47D,0.378230901780586,FALSE,FALSE,not_patient_scored
hydroxyurea,ixabepilone,hydroxyurea + ixabepilone,-17,-1.8,54,-35,0.4,5,BR:BT-549;BR:HS 578T;BR:MCF7;BR:MDA-MB-231;BR:T-47D,0.378230901780586,FALSE,FALSE,not_patient_scored
ixabepilone,uracil mustard,ixabepilone + uracil mustard,-75,-59.2,-16,-92,0,5,BR:BT-549;BR:HS 578T;BR:MCF7;BR:MDA-MB-231;BR:T-47D,0.378230901780586,FALSE,FALSE,not_patient_scored
ixabepilone,mitotane,ixabepilone + mitotane,-9,-2.4,61,-52,0.4,5,BR:BT-549;BR:HS 578T;BR:MCF7;BR:MDA-MB-231;BR:T-47D,0.378230901780586,FALSE,FALSE,not_patient_scored
dacarbazine,ixabepilone,dacarbazine + ixabepilone,-38,-24.2,10,-45,0.2,5,BR:BT-549;BR:HS 578T;BR:MCF7;BR:MDA-MB-231;BR:T-47D,0.378230901780586,FALSE,FALSE,not_patient_scored
ixabepilone,methoxsalen,ixabepilone + methoxsalen,-11,-3.6,56,-44,0.2,5,BR:BT-549;BR:HS 578T;BR:MCF7;BR:MDA-MB-231;BR:T-47D,0.378230901780586,FALSE,FALSE,not_patient_scored
ixabepilone,vinblastine,ixabepilone + vinblastine,-1,-11.4,14,-65,0.4,5,BR:BT-549;BR:HS 578T;BR:MCF7;BR:MDA-MB-231;BR:T-47D,0.378230901780586,FALSE,FALSE,not_patient_scored
cytarabine,ixabepilone,cytarabine + ixabepilone,-126.5,-141,-100,-211,0,4,BR:BT-549;BR:MCF7;BR:MDA-MB-231;BR:T-47D,0.378230901780586,FALSE,FALSE,not_patient_scored
ixabepilone,thalidomide,ixabepilone + thalidomide,-10,-16.8,-2,-41,0,5,BR:BT-549;BR:HS 578T;BR:MCF7;BR:MDA-MB-231;BR:T-47D,0.378230901780586,FALSE,FALSE,not_patient_scored
ixabepilone,vincristine,ixabepilone + vincristine,-24,-24,-3,-52,0,5,BR:BT-549;BR:HS 578T;BR:MCF7;BR:MDA-MB-231;BR:T-47D,0.378230901780586,FALSE,FALSE,not_patient_scored
ixabepilone,megestrol acetate,ixabepilone + megestrol acetate,-67,-65.8,-8,-107,0,5,BR:BT-549;BR:HS 578T;BR:MCF7;BR:MDA-MB-231;BR:T-47D,0.378230901780586,FALSE,FALSE,not_patient_scored
ixabepilone,lomustine,ixabepilone + lomustine,-31,-36.2,-7,-73,0,5,BR:BT-549;BR:HS 578T;BR:MCF7;BR:MDA-MB-231;BR:T-47D,0.378230901780586,FALSE,FALSE,not_patient_scored
daunorubicin,ixabepilone,daunorubicin + ixabepilone,22,19,27,3,1,5,BR:BT-549;BR:HS 578T;BR:MCF7;BR:MDA-MB-231;BR:T-47D,0.896802603867509,FALSE,FALSE,not_patient_scored
ixabepilone,streptozocin,ixabepilone + streptozocin,5,15.8,88,-36,0.6,5,BR:BT-549;BR:HS 578T;BR:MCF7;BR:MDA-MB-231;BR:T-47D,0.793030825196247,FALSE,FALSE,not_patient_scored
azacitidine,ixabepilone,azacitidine + ixabepilone,0,5,92,-85,0.4,5,BR:BT-549;BR:HS 578T;BR:MCF7;BR:MDA-MB-231;BR:T-47D,0.378230901780586,FALSE,FALSE,not_patient_scored
cladribine,ixabepilone,cladribine + ixabepilone,-84,-74.8,-29,-111,0,5,BR:BT-549;BR:HS 578T;BR:MCF7;BR:MDA-MB-231;BR:T-47D,0.378230901780586,FALSE,FALSE,not_patient_scored
ifosfamide,ixabepilone,ifosfamide + ixabepilone,31,25,67,-20,0.8,5,BR:BT-549;BR:HS 578T;BR:MCF7;BR:MDA-MB-231;BR:T-47D,0.926287574191078,FALSE,FALSE,not_patient_scored
fludarabine,ixabepilone,fludarabine + ixabepilone,-54,-51.2,8,-119,0.2,5,BR:BT-549;BR:HS 578T;BR:MCF7;BR:MDA-MB-231;BR:T-47D,0.378230901780586,FALSE,FALSE,not_patient_scored
isotretinoin,ixabepilone,isotretinoin + ixabepilone,31,37.4,74,-4,0.8,5,BR:BT-549;BR:HS 578T;BR:MCF7;BR:MDA-MB-231;BR:T-47D,0.926287574191078,FALSE,FALSE,not_patient_scored
ixabepilone,teniposide,ixabepilone + teniposide,-29.5,-20,17,-38,0.25,4,BR:BT-549;BR:MCF7;BR:MDA-MB-231;BR:T-47D,0.378230901780586,FALSE,FALSE,not_patient_scored
doxorubicin,ixabepilone,doxorubicin + ixabepilone,-52,-44.4,0,-74,0,5,BR:BT-549;BR:HS 578T;BR:MCF7;BR:MDA-MB-231;BR:T-47D,0.378230901780586,TRUE,FALSE,tier_B_one_drug_patient_scored
bleomycin,ixabepilone,bleomycin + ixabepilone,-137,-113.4,-35,-169,0,5,BR:BT-549;BR:HS 578T;BR:MCF7;BR:MDA-MB-231;BR:T-47D,0.378230901780586,FALSE,FALSE,not_patient_scored
ixabepilone,paclitaxel,ixabepilone + paclitaxel,15,0,55,-77,0.6,5,BR:BT-549;BR:HS 578T;BR:MCF7;BR:MDA-MB-231;BR:T-47D,0.864541451273215,FALSE,TRUE,tier_B_one_drug_patient_scored
decitabine,ixabepilone,decitabine + ixabepilone,-21,-0.6,100,-55,0.4,5,BR:BT-549;BR:HS 578T;BR:MCF7;BR:MDA-MB-231;BR:T-47D,0.378230901780586,FALSE,FALSE,not_patient_scored
bendamustine,ixabepilone,bendamustine + ixabepilone,-60,-83,-35,-167,0,5,BR:BT-549;BR:HS 578T;BR:MCF7;BR:MDA-MB-231;BR:T-47D,0.378230901780586,FALSE,FALSE,not_patient_scored
etoposide,ixabepilone,etoposide + ixabepilone,-10,-13.2,2,-43,0.2,5,BR:BT-549;BR:HS 578T;BR:MCF7;BR:MDA-MB-231;BR:T-47D,0.378230901780586,FALSE,FALSE,not_patient_scored
dexrazoxane,ixabepilone,dexrazoxane + ixabepilone,-40,-30.6,-4,-53,0,5,BR:BT-549;BR:HS 578T;BR:MCF7;BR:MDA-MB-231;BR:T-47D,0.378230901780586,FALSE,FALSE,not_patient_scored
ixabepilone,tamoxifen,ixabepilone + tamoxifen,71,76.6,111,47,1,5,BR:BT-549;BR:HS 578T;BR:MCF7;BR:MDA-MB-231;BR:T-47D,0.980566724104921,FALSE,FALSE,not_patient_scored
ixabepilone,pentostatin,ixabepilone + pentostatin,-31,-21.4,70,-73,0.2,5,BR:BT-549;BR:HS 578T;BR:MCF7;BR:MDA-MB-231;BR:T-47D,0.378230901780586,FALSE,FALSE,not_patient_scored
ixabepilone,rapamycin,ixabepilone + rapamycin,-13,2.2,73,-32,0.4,5,BR:BT-549;BR:HS 578T;BR:MCF7;BR:MDA-MB-231;BR:T-47D,0.378230901780586,FALSE,TRUE,tier_B_one_drug_patient_scored
carboplatin,ixabepilone,carboplatin + ixabepilone,-35,-37.25,-9,-70,0,4,BR:BT-549;BR:MCF7;BR:MDA-MB-231;BR:T-47D,0.378230901780586,FALSE,FALSE,not_patient_scored
ixabepilone,valrubicin,ixabepilone + valrubicin,-26.5,-52.5,23,-180,0.25,4,BR:HS 578T;BR:MCF7;BR:MDA-MB-231;BR:T-47D,0.378230901780586,FALSE,FALSE,not_patient_scored
ixabepilone,oxaliplatin,ixabepilone + oxaliplatin,-36,-35.2,2,-72,0.2,5,BR:BT-549;BR:HS 578T;BR:MCF7;BR:MDA-MB-231;BR:T-47D,0.378230901780586,FALSE,FALSE,not_patient_scored
ixabepilone,mitoxantrone,ixabepilone + mitoxantrone,9,5.8,22,-9,0.6,5,BR:BT-549;BR:HS 578T;BR:MCF7;BR:MDA-MB-231;BR:T-47D,0.827685238368754,FALSE,FALSE,not_patient_scored
amifostine,ixabepilone,amifostine + ixabepilone,-22,3.6,76,-35,0.4,5,BR:BT-549;BR:HS 578T;BR:MCF7;BR:MDA-MB-231;BR:T-47D,0.378230901780586,FALSE,FALSE,not_patient_scored
ixabepilone,temozolomide,ixabepilone + temozolomide,-49,-26,43,-98,0.4,5,BR:BT-549;BR:HS 578T;BR:MCF7;BR:MDA-MB-231;BR:T-47D,0.378230901780586,FALSE,FALSE,not_patient_scored
imiquimod,ixabepilone,imiquimod + ixabepilone,-21,14,136,-43,0.4,5,BR:BT-549;BR:HS 578T;BR:MCF7;BR:MDA-MB-231;BR:T-47D,0.378230901780586,FALSE,FALSE,not_patient_scored
clofarabine,ixabepilone,clofarabine + ixabepilone,-48,-39.2,-5,-70,0,5,BR:BT-549;BR:HS 578T;BR:MCF7;BR:MDA-MB-231;BR:T-47D,0.378230901780586,FALSE,FALSE,not_patient_scored
ixabepilone,vinorelbine,ixabepilone + vinorelbine,6,5.6,29,-23,0.8,5,BR:BT-549;BR:HS 578T;BR:MCF7;BR:MDA-MB-231;BR:T-47D,0.802508137085966,FALSE,FALSE,not_patient_scored
ixabepilone,topotecan,ixabepilone + topotecan,-83,-88.75,-50,-139,0,4,BR:BT-549;BR:HS 578T;BR:MCF7;BR:MDA-MB-231,0.378230901780586,FALSE,FALSE,not_patient_scored
gemcitabine,ixabepilone,gemcitabine + ixabepilone,-73.5,-73.75,-56,-92,0,4,BR:BT-549;BR:MCF7;BR:MDA-MB-231;BR:T-47D,0.378230901780586,TRUE,FALSE,tier_B_one_drug_patient_scored
docetaxel,ixabepilone,docetaxel + ixabepilone,-23,-17.8,13,-48,0.2,5,BR:BT-549;BR:HS 578T;BR:MCF7;BR:MDA-MB-231;BR:T-47D,0.378230901780586,TRUE,FALSE,tier_B_one_drug_patient_scored
7 ethyl 10 hydroxycamptothecin,ixabepilone,7 ethyl 10 hydroxycamptothecin + ixabepilone,-57,-55,-24,-82,0,4,BR:BT-549;BR:MCF7;BR:MDA-MB-231;BR:T-47D,0.378230901780586,FALSE,FALSE,not_patient_scored
ixabepilone,nelarabine,ixabepilone + nelarabine,12.5,9.5,55,-42,0.75,4,BR:BT-549;BR:MCF7;BR:MDA-MB-231;BR:T-47D,0.849703235688302,FALSE,FALSE,not_patient_scored
ixabepilone,pemetrexed,ixabepilone + pemetrexed,-33,-24.8,13,-45,0.2,5,BR:BT-549;BR:HS 578T;BR:MCF7;BR:MDA-MB-231;BR:T-47D,0.378230901780586,FALSE,FALSE,not_patient_scored
ixabepilone,vorinostat,ixabepilone + vorinostat,10,20.2,72,-16,0.6,5,BR:BT-549;BR:HS 578T;BR:MCF7;BR:MDA-MB-231;BR:T-47D,0.835343672219031,FALSE,FALSE,not_patient_scored
capecitabine,ixabepilone,capecitabine + ixabepilone,-15,-9,41,-72,0.4,5,BR:BT-549;BR:HS 578T;BR:MCF7;BR:MDA-MB-231;BR:T-47D,0.378230901780586,FALSE,FALSE,not_patient_scored
exemestane,ixabepilone,exemestane + ixabepilone,5,-2.6,13,-29,0.6,5,BR:BT-549;BR:HS 578T;BR:MCF7;BR:MDA-MB-231;BR:T-47D,0.793030825196247,FALSE,FALSE,not_patient_scored
gefitinib,ixabepilone,gefitinib + ixabepilone,26,22.2,38,-7,0.8,5,BR:BT-549;BR:HS 578T;BR:MCF7;BR:MDA-MB-231;BR:T-47D,0.911640819452422,FALSE,FALSE,not_patient_scored
fulvestrant,ixabepilone,fulvestrant + ixabepilone,42,10,50,-99,0.8,5,BR:BT-549;BR:HS 578T;BR:MCF7;BR:MDA-MB-231;BR:T-47D,0.949645797434425,FALSE,FALSE,not_patient_scored
anastrozole,ixabepilone,anastrozole + ixabepilone,7,-11.6,41,-132,0.8,5,BR:BT-549;BR:HS 578T;BR:MCF7;BR:MDA-MB-231;BR:T-47D,0.810453762205629,FALSE,FALSE,not_patient_scored
ixabepilone,letrozole,ixabepilone + letrozole,-10,5.8,109,-41,0.2,5,BR:BT-549;BR:HS 578T;BR:MCF7;BR:MDA-MB-231;BR:T-47D,0.378230901780586,FALSE,FALSE,not_patient_scored
celecoxib,ixabepilone,celecoxib + ixabepilone,-30,-22.6,-3,-36,0,5,BR:BT-549;BR:HS 578T;BR:MCF7;BR:MDA-MB-231;BR:T-47D,0.378230901780586,FALSE,FALSE,not_patient_scored
ixabepilone,zoledronate,ixabepilone + zoledronate,-37,-48.4,-2,-135,0,5,BR:BT-549;BR:HS 578T;BR:MCF7;BR:MDA-MB-231;BR:T-47D,0.378230901780586,FALSE,FALSE,not_patient_scored
dasatinib,ixabepilone,dasatinib + ixabepilone,-8,1.8,41,-29,0.4,5,BR:BT-549;BR:HS 578T;BR:MCF7;BR:MDA-MB-231;BR:T-47D,0.378230901780586,FALSE,FALSE,not_patient_scored
everolimus,ixabepilone,everolimus + ixabepilone,40,29.6,71,-34,0.8,5,BR:BT-549;BR:HS 578T;BR:MCF7;BR:MDA-MB-231;BR:T-47D,0.945529389239901,FALSE,FALSE,not_patient_scored
ixabepilone,pazopanib,ixabepilone + pazopanib,-52,-65.4,-17,-147,0,5,BR:BT-549;BR:HS 578T;BR:MCF7;BR:MDA-MB-231;BR:T-47D,0.378230901780586,FALSE,FALSE,not_patient_scored
imatinib,ixabepilone,imatinib + ixabepilone,27,26.4,70,-19,0.8,5,BR:BT-549;BR:HS 578T;BR:MCF7;BR:MDA-MB-231;BR:T-47D,0.914225540876891,FALSE,FALSE,not_patient_scored
ixabepilone,lapatinib,ixabepilone + lapatinib,21,22.4,60,-7,0.8,5,BR:BT-549;BR:HS 578T;BR:MCF7;BR:MDA-MB-231;BR:T-47D,0.892111813134214,FALSE,TRUE,tier_B_one_drug_patient_scored
ixabepilone,nilotinib,ixabepilone + nilotinib,15,8.2,43,-34,0.6,5,BR:BT-549;BR:HS 578T;BR:MCF7;BR:MDA-MB-231;BR:T-47D,0.864541451273215,FALSE,FALSE,not_patient_scored
ixabepilone,sorafenib,ixabepilone + sorafenib,49,56.8,93,41,1,5,BR:BT-549;BR:HS 578T;BR:MCF7;BR:MDA-MB-231;BR:T-47D,0.959697491862914,FALSE,FALSE,not_patient_scored
ixabepilone,lenalidomide,ixabepilone + lenalidomide,24,18.8,42,-10,0.8,5,BR:BT-549;BR:HS 578T;BR:MCF7;BR:MDA-MB-231;BR:T-47D,0.904843959410301,FALSE,FALSE,not_patient_scored
ixabepilone,raloxifene,ixabepilone + raloxifene,1,-14.6,19,-69,0.6,5,BR:BT-549;BR:HS 578T;BR:MCF7;BR:MDA-MB-231;BR:T-47D,0.759908098793797,FALSE,FALSE,not_patient_scored
abiraterone,ixabepilone,abiraterone + ixabepilone,8,11.4,45,-28,0.8,5,BR:BT-549;BR:HS 578T;BR:MCF7;BR:MDA-MB-231;BR:T-47D,0.818973769864063,FALSE,FALSE,not_patient_scored
ixabepilone,sunitinib,ixabepilone + sunitinib,84,64,114,-38,0.8,5,BR:BT-549;BR:HS 578T;BR:MCF7;BR:MDA-MB-231;BR:T-47D,0.986406279915757,FALSE,FALSE,not_patient_scored
ixabepilone,vemurafenib,ixabepilone + vemurafenib,-5,-16,20,-78,0.4,5,BR:BT-549;BR:HS 578T;BR:MCF7;BR:MDA-MB-231;BR:T-47D,0.378230901780586,FALSE,FALSE,not_patient_scored
depsipeptide,ixabepilone,depsipeptide + ixabepilone,83,63.8,102,-36,0.8,5,BR:BT-549;BR:HS 578T;BR:MCF7;BR:MDA-MB-231;BR:T-47D,0.985927627800115,FALSE,FALSE,not_patient_scored
ixabepilone,pralatrexate,ixabepilone + pralatrexate,29,16,51,-70,0.8,5,BR:BT-549;BR:HS 578T;BR:MCF7;BR:MDA-MB-231;BR:T-47D,0.920830940072755,FALSE,FALSE,not_patient_scored
ixabepilone,vismodegib,ixabepilone + vismodegib,6,7.8,25,-9,0.6,5,BR:BT-549;BR:HS 578T;BR:MCF7;BR:MDA-MB-231;BR:T-47D,0.802508137085966,FALSE,FALSE,not_patient_scored
crizotinib,ixabepilone,crizotinib + ixabepilone,2,0.4,26,-46,0.6,5,BR:BT-549;BR:HS 578T;BR:MCF7;BR:MDA-MB-231;BR:T-47D,0.768140915182845,FALSE,FALSE,not_patient_scored
axitinib,ixabepilone,axitinib + ixabepilone,-27,-15,25,-44,0.2,5,BR:BT-549;BR:HS 578T;BR:MCF7;BR:MDA-MB-231;BR:T-47D,0.378230901780586,FALSE,FALSE,not_patient_scored
ixabepilone,vandetanib,ixabepilone + vandetanib,4,-2.8,22,-27,0.6,5,BR:BT-549;BR:HS 578T;BR:MCF7;BR:MDA-MB-231;BR:T-47D,0.783553513306529,FALSE,FALSE,not_patient_scored
cabazitaxel,ixabepilone,cabazitaxel + ixabepilone,38,43.8,84,-6,0.8,5,BR:BT-549;BR:HS 578T;BR:MCF7;BR:MDA-MB-231;BR:T-47D,0.943423319931074,FALSE,FALSE,not_patient_scored
ixabepilone,ruxolitinib,ixabepilone + ruxolitinib,-14,-11.2,23,-41,0.2,5,BR:BT-549;BR:HS 578T;BR:MCF7;BR:MDA-MB-231;BR:T-47D,0.378230901780586,FALSE,FALSE,not_patient_scored
raloxifene,triethylenemelamine,raloxifene + triethylenemelamine,-4.5,6.5,68,-33,0.25,4,BR:BT-549;BR:HS 578T;BR:MCF7;BR:T-47D,0.378230901780586,FALSE,FALSE,not_patient_scored
doxorubicin,raloxifene,doxorubicin + raloxifene,-24,-13.6,25,-35,0.2,5,BR:BT-549;BR:HS 578T;BR:MCF7;BR:MDA-MB-231;BR:T-47D,0.378230901780586,TRUE,FALSE,tier_B_one_drug_patient_scored
abiraterone,raloxifene,abiraterone + raloxifene,15.5,23.8,102,-68,0.7,5,BR:BT-549;BR:HS 578T;BR:MCF7;BR:MDA-MB-231;BR:T-47D,0.867030442274555,FALSE,FALSE,not_patient_scored
raloxifene,vemurafenib,raloxifene + vemurafenib,14,17.8666666666667,104,-139,0.666666666666667,5,BR:BT-549;BR:HS 578T;BR:MCF7;BR:MDA-MB-231;BR:T-47D,0.858989086731763,FALSE,FALSE,not_patient_scored
raloxifene,vismodegib,raloxifene + vismodegib,7.5,9.6,116,-159,0.5,5,BR:BT-549;BR:HS 578T;BR:MCF7;BR:MDA-MB-231;BR:T-47D,0.814378709553896,FALSE,FALSE,not_patient_scored
crizotinib,raloxifene,crizotinib + raloxifene,20.5,14,197,-213,0.6,5,BR:BT-549;BR:HS 578T;BR:MCF7;BR:MDA-MB-231;BR:T-47D,0.890005743825388,FALSE,FALSE,not_patient_scored
axitinib,raloxifene,axitinib + raloxifene,50.5,27.4,118,-127,0.7,5,BR:BT-549;BR:HS 578T;BR:MCF7;BR:MDA-MB-231;BR:T-47D,0.961995022017997,FALSE,FALSE,not_patient_scored
raloxifene,vandetanib,raloxifene + vandetanib,16,-2.7,114,-209,0.5,5,BR:BT-549;BR:HS 578T;BR:MCF7;BR:MDA-MB-231;BR:T-47D,0.869519433275895,FALSE,FALSE,not_patient_scored
cabazitaxel,raloxifene,cabazitaxel + raloxifene,35,44.6666666666667,133,-46,0.777777777777778,5,BR:BT-549;BR:HS 578T;BR:MCF7;BR:MDA-MB-231;BR:T-47D,0.936434999042696,FALSE,FALSE,not_patient_scored
raloxifene,ruxolitinib,raloxifene + ruxolitinib,-8.5,-6.9,96,-142,0.4,5,BR:BT-549;BR:HS 578T;BR:MCF7;BR:MDA-MB-231;BR:T-47D,0.378230901780586,FALSE,FALSE,not_patient_scored
abiraterone,vemurafenib,abiraterone + vemurafenib,7,5,50,-41,0.5,5,BR:BT-549;BR:HS 578T;BR:MCF7;BR:MDA-MB-231;BR:T-47D,0.810453762205629,FALSE,FALSE,not_patient_scored
abiraterone,vismodegib,abiraterone + vismodegib,33.5,23.2,65,-74,0.8,5,BR:BT-549;BR:HS 578T;BR:MCF7;BR:MDA-MB-231;BR:T-47D,0.934041738464484,FALSE,FALSE,not_patient_scored
abiraterone,crizotinib,abiraterone + crizotinib,20,21.7,71,-32,0.8,5,BR:BT-549;BR:HS 578T;BR:MCF7;BR:MDA-MB-231;BR:T-47D,0.888091135362818,FALSE,FALSE,not_patient_scored
abiraterone,axitinib,abiraterone + axitinib,25,14.8888888888889,109,-93,0.666666666666667,5,BR:BT-549;BR:HS 578T;BR:MCF7;BR:MDA-MB-231;BR:T-47D,0.908673176335439,FALSE,FALSE,not_patient_scored
abiraterone,vandetanib,abiraterone + vandetanib,24.5,10.8,58,-67,0.7,5,BR:BT-549;BR:HS 578T;BR:MCF7;BR:MDA-MB-231;BR:T-47D,0.906854298295998,FALSE,FALSE,not_patient_scored
abiraterone,cabazitaxel,abiraterone + cabazitaxel,97.5,80.6,223,-19,0.7,5,BR:BT-549;BR:HS 578T;BR:MCF7;BR:MDA-MB-231;BR:T-47D,0.989565383878997,FALSE,FALSE,not_patient_scored
abiraterone,ruxolitinib,abiraterone + ruxolitinib,18,16.4,57,-22,0.6,5,BR:BT-549;BR:HS 578T;BR:MCF7;BR:MDA-MB-231;BR:T-47D,0.878996745165614,FALSE,FALSE,not_patient_scored
6 thioguanine,sunitinib,6 thioguanine + sunitinib,-46,-45.4,-18,-72,0,5,BR:BT-549;BR:HS 578T;BR:MCF7;BR:MDA-MB-231;BR:T-47D,0.378230901780586,FALSE,FALSE,not_patient_scored
actinomycin d,sunitinib,actinomycin d + sunitinib,-12,-6.2,45,-46,0.4,5,BR:BT-549;BR:HS 578T;BR:MCF7;BR:MDA-MB-231;BR:T-47D,0.378230901780586,FALSE,FALSE,not_patient_scored
chlorambucil,sunitinib,chlorambucil + sunitinib,-47,-51.2,-38,-80,0,5,BR:BT-549;BR:HS 578T;BR:MCF7;BR:MDA-MB-231;BR:T-47D,0.378230901780586,FALSE,FALSE,not_patient_scored
sunitinib,thiotepa,sunitinib + thiotepa,-21,-9.8,56,-62,0.4,5,BR:BT-549;BR:HS 578T;BR:MCF7;BR:MDA-MB-231;BR:T-47D,0.378230901780586,FALSE,FALSE,not_patient_scored
melphalan,sunitinib,melphalan + sunitinib,-18,-31.8,17,-78,0.2,5,BR:BT-549;BR:HS 578T;BR:MCF7;BR:MDA-MB-231;BR:T-47D,0.378230901780586,FALSE,FALSE,not_patient_scored
altretamine,sunitinib,altretamine + sunitinib,-102,-84,-19,-145,0,5,BR:BT-549;BR:HS 578T;BR:MCF7;BR:MDA-MB-231;BR:T-47D,0.378230901780586,FALSE,FALSE,not_patient_scored
5-fluorouracil,sunitinib,5-fluorouracil + sunitinib,-3,-3.6,20,-37,0.4,5,BR:BT-549;BR:HS 578T;BR:MCF7;BR:MDA-MB-231;BR:T-47D,0.378230901780586,TRUE,FALSE,tier_B_one_drug_patient_scored
floxuridine,sunitinib,floxuridine + sunitinib,-8,-8.8,5,-22,0.2,5,BR:BT-549;BR:HS 578T;BR:MCF7;BR:MDA-MB-231;BR:T-47D,0.378230901780586,FALSE,FALSE,not_patient_scored
sunitinib,uracil mustard,sunitinib + uracil mustard,-59,-46.4,-6,-78,0,5,BR:BT-549;BR:HS 578T;BR:MCF7;BR:MDA-MB-231;BR:T-47D,0.378230901780586,FALSE,FALSE,not_patient_scored
dacarbazine,sunitinib,dacarbazine + sunitinib,-75,-64.8,-24,-90,0,5,BR:BT-549;BR:HS 578T;BR:MCF7;BR:MDA-MB-231;BR:T-47D,0.378230901780586,FALSE,FALSE,not_patient_scored
cytarabine,sunitinib,cytarabine + sunitinib,-29,-32.4,-18,-54,0,5,BR:BT-549;BR:HS 578T;BR:MCF7;BR:MDA-MB-231;BR:T-47D,0.378230901780586,FALSE,FALSE,not_patient_scored
sunitinib,vincristine,sunitinib + vincristine,35,60.8,142,16,1,5,BR:BT-549;BR:HS 578T;BR:MCF7;BR:MDA-MB-231;BR:T-47D,0.936434999042696,FALSE,FALSE,not_patient_scored
megestrol acetate,sunitinib,megestrol acetate + sunitinib,-139,-111.8,-20,-192,0,5,BR:BT-549;BR:HS 578T;BR:MCF7;BR:MDA-MB-231;BR:T-47D,0.378230901780586,FALSE,FALSE,not_patient_scored
lomustine,sunitinib,lomustine + sunitinib,-34,-31.4,-22,-38,0,5,BR:BT-549;BR:HS 578T;BR:MCF7;BR:MDA-MB-231;BR:T-47D,0.378230901780586,FALSE,FALSE,not_patient_scored
daunorubicin,sunitinib,daunorubicin + sunitinib,-13,-19.4,9,-66,0.2,5,BR:BT-549;BR:HS 578T;BR:MCF7;BR:MDA-MB-231;BR:T-47D,0.378230901780586,FALSE,FALSE,not_patient_scored
azacitidine,sunitinib,azacitidine + sunitinib,-12,-17,19,-71,0.4,5,BR:BT-549;BR:HS 578T;BR:MCF7;BR:MDA-MB-231;BR:T-47D,0.378230901780586,FALSE,FALSE,not_patient_scored
cladribine,sunitinib,cladribine + sunitinib,-33,-23.6,17,-60,0.4,5,BR:BT-549;BR:HS 578T;BR:MCF7;BR:MDA-MB-231;BR:T-47D,0.378230901780586,FALSE,FALSE,not_patient_scored
fludarabine,sunitinib,fludarabine + sunitinib,-26,-42,0,-135,0,5,BR:BT-549;BR:HS 578T;BR:MCF7;BR:MDA-MB-231;BR:T-47D,0.378230901780586,FALSE,FALSE,not_patient_scored
isotretinoin,sunitinib,isotretinoin + sunitinib,-79,-61.6,-11,-108,0,5,BR:BT-549;BR:HS 578T;BR:MCF7;BR:MDA-MB-231;BR:T-47D,0.378230901780586,FALSE,FALSE,not_patient_scored
sunitinib,teniposide,sunitinib + teniposide,-31,-23.4,17,-63,0.4,5,BR:BT-549;BR:HS 578T;BR:MCF7;BR:MDA-MB-231;BR:T-47D,0.378230901780586,FALSE,FALSE,not_patient_scored
paclitaxel,sunitinib,paclitaxel + sunitinib,13,17.8,107,-43,0.6,5,BR:BT-549;BR:HS 578T;BR:MCF7;BR:MDA-MB-231;BR:T-47D,0.852766609228413,TRUE,FALSE,tier_B_one_drug_patient_scored
etoposide,sunitinib,etoposide + sunitinib,-19,-25.4,-9,-57,0,5,BR:BT-549;BR:HS 578T;BR:MCF7;BR:MDA-MB-231;BR:T-47D,0.378230901780586,FALSE,FALSE,not_patient_scored
dexrazoxane,sunitinib,dexrazoxane + sunitinib,2,0.2,25,-19,0.6,5,BR:BT-549;BR:HS 578T;BR:MCF7;BR:MDA-MB-231;BR:T-47D,0.768140915182845,FALSE,FALSE,not_patient_scored
sunitinib,tamoxifen,sunitinib + tamoxifen,-75,-78.8,-16,-167,0,5,BR:BT-549;BR:HS 578T;BR:MCF7;BR:MDA-MB-231;BR:T-47D,0.378230901780586,FALSE,FALSE,not_patient_scored
rapamycin,sunitinib,rapamycin + sunitinib,-20,-23.6,7,-69,0.2,5,BR:BT-549;BR:HS 578T;BR:MCF7;BR:MDA-MB-231;BR:T-47D,0.378230901780586,TRUE,FALSE,tier_B_one_drug_patient_scored
carboplatin,sunitinib,carboplatin + sunitinib,-29,-27,24,-67,0.2,5,BR:BT-549;BR:HS 578T;BR:MCF7;BR:MDA-MB-231;BR:T-47D,0.378230901780586,FALSE,FALSE,not_patient_scored
mitoxantrone,sunitinib,mitoxantrone + sunitinib,39,33,52,-10,0.8,5,BR:BT-549;BR:HS 578T;BR:MCF7;BR:MDA-MB-231;BR:T-47D,0.944572085008616,FALSE,FALSE,not_patient_scored
sunitinib,temozolomide,sunitinib + temozolomide,-77,-78.4,5,-161,0.2,5,BR:BT-549;BR:HS 578T;BR:MCF7;BR:MDA-MB-231;BR:T-47D,0.378230901780586,FALSE,FALSE,not_patient_scored
clofarabine,sunitinib,clofarabine + sunitinib,-30,-39,13,-100,0.2,5,BR:BT-549;BR:HS 578T;BR:MCF7;BR:MDA-MB-231;BR:T-47D,0.378230901780586,FALSE,FALSE,not_patient_scored
sunitinib,vinorelbine,sunitinib + vinorelbine,16,17.8,43,-4,0.8,5,BR:BT-549;BR:HS 578T;BR:MCF7;BR:MDA-MB-231;BR:T-47D,0.869519433275895,FALSE,FALSE,not_patient_scored
gemcitabine,sunitinib,gemcitabine + sunitinib,5,-25,15,-87,0.6,5,BR:BT-549;BR:HS 578T;BR:MCF7;BR:MDA-MB-231;BR:T-47D,0.793030825196247,TRUE,FALSE,tier_B_one_drug_patient_scored
docetaxel,sunitinib,docetaxel + sunitinib,85,92.4,218,20,1,5,BR:BT-549;BR:HS 578T;BR:MCF7;BR:MDA-MB-231;BR:T-47D,0.9868849320314,TRUE,FALSE,tier_B_one_drug_patient_scored
7 ethyl 10 hydroxycamptothecin,sunitinib,7 ethyl 10 hydroxycamptothecin + sunitinib,-32,-36.2,-23,-50,0,5,BR:BT-549;BR:HS 578T;BR:MCF7;BR:MDA-MB-231;BR:T-47D,0.378230901780586,FALSE,FALSE,not_patient_scored
nelarabine,sunitinib,nelarabine + sunitinib,-46,-75.4,-22,-184,0,5,BR:BT-549;BR:HS 578T;BR:MCF7;BR:MDA-MB-231;BR:T-47D,0.378230901780586,FALSE,FALSE,not_patient_scored
pemetrexed,sunitinib,pemetrexed + sunitinib,-36,-34,19,-71,0.2,5,BR:BT-549;BR:HS 578T;BR:MCF7;BR:MDA-MB-231;BR:T-47D,0.378230901780586,FALSE,FALSE,not_patient_scored
sunitinib,vorinostat,sunitinib + vorinostat,-27,-35.4,-12,-80,0,5,BR:BT-549;BR:HS 578T;BR:MCF7;BR:MDA-MB-231;BR:T-47D,0.378230901780586,FALSE,FALSE,not_patient_scored
capecitabine,sunitinib,capecitabine + sunitinib,-26,-59,-18,-125,0,5,BR:BT-549;BR:HS 578T;BR:MCF7;BR:MDA-MB-231;BR:T-47D,0.378230901780586,FALSE,FALSE,not_patient_scored
exemestane,sunitinib,exemestane + sunitinib,-18,-21,0,-40,0,5,BR:BT-549;BR:HS 578T;BR:MCF7;BR:MDA-MB-231;BR:T-47D,0.378230901780586,FALSE,FALSE,not_patient_scored
gefitinib,sunitinib,gefitinib + sunitinib,-7,-5,44,-36,0.4,5,BR:BT-549;BR:HS 578T;BR:MCF7;BR:MDA-MB-231;BR:T-47D,0.378230901780586,FALSE,FALSE,not_patient_scored
letrozole,sunitinib,letrozole + sunitinib,-68,-98.8,-25,-194,0,5,BR:BT-549;BR:HS 578T;BR:MCF7;BR:MDA-MB-231;BR:T-47D,0.378230901780586,FALSE,FALSE,not_patient_scored
celecoxib,sunitinib,celecoxib + sunitinib,-10,-18.4,8,-54,0.2,5,BR:BT-549;BR:HS 578T;BR:MCF7;BR:MDA-MB-231;BR:T-47D,0.378230901780586,FALSE,FALSE,not_patient_scored
dasatinib,sunitinib,dasatinib + sunitinib,-31,-10.2,93,-84,0.4,5,BR:BT-549;BR:HS 578T;BR:MCF7;BR:MDA-MB-231;BR:T-47D,0.378230901780586,FALSE,FALSE,not_patient_scored
everolimus,sunitinib,everolimus + sunitinib,5,-1.6,31,-34,0.6,5,BR:BT-549;BR:HS 578T;BR:MCF7;BR:MDA-MB-231;BR:T-47D,0.793030825196247,FALSE,FALSE,not_patient_scored
pazopanib,sunitinib,pazopanib + sunitinib,-11,-16.8,8,-46,0.2,5,BR:BT-549;BR:HS 578T;BR:MCF7;BR:MDA-MB-231;BR:T-47D,0.378230901780586,FALSE,FALSE,not_patient_scored
imatinib,sunitinib,imatinib + sunitinib,-85,-110.6,-39,-240,0,5,BR:BT-549;BR:HS 578T;BR:MCF7;BR:MDA-MB-231;BR:T-47D,0.378230901780586,FALSE,FALSE,not_patient_scored
lapatinib,sunitinib,lapatinib + sunitinib,-31,-46.2,23,-148,0.2,5,BR:BT-549;BR:HS 578T;BR:MCF7;BR:MDA-MB-231;BR:T-47D,0.378230901780586,TRUE,FALSE,tier_B_one_drug_patient_scored
nilotinib,sunitinib,nilotinib + sunitinib,-72,-124.4,-36,-342,0,5,BR:BT-549;BR:HS 578T;BR:MCF7;BR:MDA-MB-231;BR:T-47D,0.378230901780586,FALSE,FALSE,not_patient_scored
lenalidomide,sunitinib,lenalidomide + sunitinib,2,-13.8,18,-64,0.6,5,BR:BT-549;BR:HS 578T;BR:MCF7;BR:MDA-MB-231;BR:T-47D,0.768140915182845,FALSE,FALSE,not_patient_scored
raloxifene,sunitinib,raloxifene + sunitinib,-45,-21.8,42,-82,0.4,5,BR:BT-549;BR:HS 578T;BR:MCF7;BR:MDA-MB-231;BR:T-47D,0.378230901780586,FALSE,FALSE,not_patient_scored
abiraterone,sunitinib,abiraterone + sunitinib,-2,-3.4,5,-19,0.4,5,BR:BT-549;BR:HS 578T;BR:MCF7;BR:MDA-MB-231;BR:T-47D,0.378230901780586,FALSE,FALSE,not_patient_scored
sunitinib,vemurafenib,sunitinib + vemurafenib,-18,-12.4,63,-75,0.2,5,BR:BT-549;BR:HS 578T;BR:MCF7;BR:MDA-MB-231;BR:T-47D,0.378230901780586,FALSE,FALSE,not_patient_scored
depsipeptide,sunitinib,depsipeptide + sunitinib,-38,-3.2,113,-49,0.2,5,BR:BT-549;BR:HS 578T;BR:MCF7;BR:MDA-MB-231;BR:T-47D,0.378230901780586,FALSE,FALSE,not_patient_scored
sunitinib,vismodegib,sunitinib + vismodegib,-18,-6.4,40,-52,0.4,5,BR:BT-549;BR:HS 578T;BR:MCF7;BR:MDA-MB-231;BR:T-47D,0.378230901780586,FALSE,FALSE,not_patient_scored
crizotinib,sunitinib,crizotinib + sunitinib,-10,-20,27,-96,0.2,5,BR:BT-549;BR:HS 578T;BR:MCF7;BR:MDA-MB-231;BR:T-47D,0.378230901780586,FALSE,FALSE,not_patient_scored
axitinib,sunitinib,axitinib + sunitinib,-30,-28.2,0,-64,0,5,BR:BT-549;BR:HS 578T;BR:MCF7;BR:MDA-MB-231;BR:T-47D,0.378230901780586,FALSE,FALSE,not_patient_scored
sunitinib,vandetanib,sunitinib + vandetanib,2,-8,28,-70,0.6,5,BR:BT-549;BR:HS 578T;BR:MCF7;BR:MDA-MB-231;BR:T-47D,0.768140915182845,FALSE,FALSE,not_patient_scored
cabazitaxel,sunitinib,cabazitaxel + sunitinib,-30,-30.2,22,-96,0.2,5,BR:BT-549;BR:HS 578T;BR:MCF7;BR:MDA-MB-231;BR:T-47D,0.378230901780586,FALSE,FALSE,not_patient_scored
ruxolitinib,sunitinib,ruxolitinib + sunitinib,-28,-26,7,-50,0.2,5,BR:BT-549;BR:HS 578T;BR:MCF7;BR:MDA-MB-231;BR:T-47D,0.378230901780586,FALSE,FALSE,not_patient_scored
6 thioguanine,depsipeptide,6 thioguanine + depsipeptide,-12,-14,25,-44,0.4,5,BR:BT-549;BR:HS 578T;BR:MCF7;BR:MDA-MB-231;BR:T-47D,0.378230901780586,FALSE,FALSE,not_patient_scored
actinomycin d,depsipeptide,actinomycin d + depsipeptide,-34,-51.8,-13,-151,0,5,BR:BT-549;BR:HS 578T;BR:MCF7;BR:MDA-MB-231;BR:T-47D,0.378230901780586,FALSE,FALSE,not_patient_scored
chlorambucil,depsipeptide,chlorambucil + depsipeptide,18,14.4,49,-31,0.8,5,BR:BT-549;BR:HS 578T;BR:MCF7;BR:MDA-MB-231;BR:T-47D,0.878996745165614,FALSE,FALSE,not_patient_scored
depsipeptide,thiotepa,depsipeptide + thiotepa,41,27.2,55,-2,0.6,5,BR:BT-549;BR:HS 578T;BR:MCF7;BR:MDA-MB-231;BR:T-47D,0.947635458548727,FALSE,FALSE,not_patient_scored
depsipeptide,melphalan,depsipeptide + melphalan,1,-8.4,12,-56,0.6,5,BR:BT-549;BR:HS 578T;BR:MCF7;BR:MDA-MB-231;BR:T-47D,0.759908098793797,FALSE,FALSE,not_patient_scored
altretamine,depsipeptide,altretamine + depsipeptide,-31,-27.6,33,-74,0.2,5,BR:BT-549;BR:HS 578T;BR:MCF7;BR:MDA-MB-231;BR:T-47D,0.378230901780586,FALSE,FALSE,not_patient_scored
5-fluorouracil,depsipeptide,5-fluorouracil + depsipeptide,-9,-4.2,55,-34,0.2,5,BR:BT-549;BR:HS 578T;BR:MCF7;BR:MDA-MB-231;BR:T-47D,0.378230901780586,TRUE,FALSE,tier_B_one_drug_patient_scored
depsipeptide,floxuridine,depsipeptide + floxuridine,-33,-8.4,86,-103,0.4,5,BR:BT-549;BR:HS 578T;BR:MCF7;BR:MDA-MB-231;BR:T-47D,0.378230901780586,FALSE,FALSE,not_patient_scored
depsipeptide,uracil mustard,depsipeptide + uracil mustard,6,9.4,37,-9,0.6,5,BR:BT-549;BR:HS 578T;BR:MCF7;BR:MDA-MB-231;BR:T-47D,0.802508137085966,FALSE,FALSE,not_patient_scored
dacarbazine,depsipeptide,dacarbazine + depsipeptide,-30,-31.4,10,-74,0.2,5,BR:BT-549;BR:HS 578T;BR:MCF7;BR:MDA-MB-231;BR:T-47D,0.378230901780586,FALSE,FALSE,not_patient_scored
cytarabine,depsipeptide,cytarabine + depsipeptide,4,36.2,149,2,1,5,BR:BT-549;BR:HS 578T;BR:MCF7;BR:MDA-MB-231;BR:T-47D,0.783553513306529,FALSE,FALSE,not_patient_scored
depsipeptide,vincristine,depsipeptide + vincristine,9,11,70,-32,0.6,5,BR:BT-549;BR:HS 578T;BR:MCF7;BR:MDA-MB-231;BR:T-47D,0.827685238368754,FALSE,FALSE,not_patient_scored
depsipeptide,megestrol acetate,depsipeptide + megestrol acetate,-61,-60.8,31,-152,0.2,5,BR:BT-549;BR:HS 578T;BR:MCF7;BR:MDA-MB-231;BR:T-47D,0.378230901780586,FALSE,FALSE,not_patient_scored
depsipeptide,lomustine,depsipeptide + lomustine,18,14.6,36,-9,0.8,5,BR:BT-549;BR:HS 578T;BR:MCF7;BR:MDA-MB-231;BR:T-47D,0.878996745165614,FALSE,FALSE,not_patient_scored
daunorubicin,depsipeptide,daunorubicin + depsipeptide,50,46.8,90,0,0.8,5,BR:BT-549;BR:HS 578T;BR:MCF7;BR:MDA-MB-231;BR:T-47D,0.961133448209841,FALSE,FALSE,not_patient_scored
cladribine,depsipeptide,cladribine + depsipeptide,32,40,80,16,1,4,BR:BT-549;BR:HS 578T;BR:MCF7;BR:MDA-MB-231,0.929638139000574,FALSE,FALSE,not_patient_scored
depsipeptide,fludarabine,depsipeptide + fludarabine,-19,-7.6,70,-54,0.2,5,BR:BT-549;BR:HS 578T;BR:MCF7;BR:MDA-MB-231;BR:T-47D,0.378230901780586,FALSE,FALSE,not_patient_scored
depsipeptide,isotretinoin,depsipeptide + isotretinoin,14,13.6,32,-16,0.8,5,BR:BT-549;BR:HS 578T;BR:MCF7;BR:MDA-MB-231;BR:T-47D,0.858989086731763,FALSE,FALSE,not_patient_scored
depsipeptide,teniposide,depsipeptide + teniposide,64,47.4,85,-5,0.8,5,BR:BT-549;BR:HS 578T;BR:MCF7;BR:MDA-MB-231;BR:T-47D,0.975780202948497,FALSE,FALSE,not_patient_scored
depsipeptide,paclitaxel,depsipeptide + paclitaxel,-21,-23.4,14,-59,0.4,5,BR:BT-549;BR:HS 578T;BR:MCF7;BR:MDA-MB-231;BR:T-47D,0.378230901780586,FALSE,TRUE,tier_B_one_drug_patient_scored
depsipeptide,etoposide,depsipeptide + etoposide,43,39.8,75,3,1,5,BR:BT-549;BR:HS 578T;BR:MCF7;BR:MDA-MB-231;BR:T-47D,0.951081753781352,FALSE,FALSE,not_patient_scored
depsipeptide,dexrazoxane,depsipeptide + dexrazoxane,-2,3.4,31,-10,0.4,5,BR:BT-549;BR:HS 578T;BR:MCF7;BR:MDA-MB-231;BR:T-47D,0.378230901780586,FALSE,FALSE,not_patient_scored
depsipeptide,tamoxifen,depsipeptide + tamoxifen,24,19.8,29,-4,0.8,5,BR:BT-549;BR:HS 578T;BR:MCF7;BR:MDA-MB-231;BR:T-47D,0.904843959410301,FALSE,FALSE,not_patient_scored
depsipeptide,rapamycin,depsipeptide + rapamycin,23,10.2,65,-68,0.8,5,BR:BT-549;BR:HS 578T;BR:MCF7;BR:MDA-MB-231;BR:T-47D,0.901014742485162,FALSE,TRUE,tier_B_one_drug_patient_scored
carboplatin,depsipeptide,carboplatin + depsipeptide,30,10,83,-91,0.6,5,BR:BT-549;BR:HS 578T;BR:MCF7;BR:MDA-MB-231;BR:T-47D,0.923607122343481,FALSE,FALSE,not_patient_scored
depsipeptide,mitoxantrone,depsipeptide + mitoxantrone,74,75.6,112,42,1,5,BR:BT-549;BR:HS 578T;BR:MCF7;BR:MDA-MB-231;BR:T-47D,0.982289871721233,FALSE,FALSE,not_patient_scored
depsipeptide,temozolomide,depsipeptide + temozolomide,-16,-27,12,-91,0.2,5,BR:BT-549;BR:HS 578T;BR:MCF7;BR:MDA-MB-231;BR:T-47D,0.378230901780586,FALSE,FALSE,not_patient_scored
clofarabine,depsipeptide,clofarabine + depsipeptide,-3,-2.2,56,-66,0.4,5,BR:BT-549;BR:HS 578T;BR:MCF7;BR:MDA-MB-231;BR:T-47D,0.378230901780586,FALSE,FALSE,not_patient_scored
depsipeptide,vinorelbine,depsipeptide + vinorelbine,1,0.8,20,-15,0.6,5,BR:BT-549;BR:HS 578T;BR:MCF7;BR:MDA-MB-231;BR:T-47D,0.759908098793797,FALSE,FALSE,not_patient_scored
depsipeptide,gemcitabine,depsipeptide + gemcitabine,-11,-2.4,29,-22,0.4,5,BR:BT-549;BR:HS 578T;BR:MCF7;BR:MDA-MB-231;BR:T-47D,0.378230901780586,FALSE,TRUE,tier_B_one_drug_patient_scored
depsipeptide,docetaxel,depsipeptide + docetaxel,-15,-2,27,-20,0.4,5,BR:BT-549;BR:HS 578T;BR:MCF7;BR:MDA-MB-231;BR:T-47D,0.378230901780586,FALSE,TRUE,tier_B_one_drug_patient_scored
depsipeptide,nelarabine,depsipeptide + nelarabine,-28,-50.6,-6,-108,0,5,BR:BT-549;BR:HS 578T;BR:MCF7;BR:MDA-MB-231;BR:T-47D,0.378230901780586,FALSE,FALSE,not_patient_scored
depsipeptide,pemetrexed,depsipeptide + pemetrexed,14,12.4,41,-16,0.6,5,BR:BT-549;BR:HS 578T;BR:MCF7;BR:MDA-MB-231;BR:T-47D,0.858989086731763,FALSE,FALSE,not_patient_scored
capecitabine,depsipeptide,capecitabine + depsipeptide,-19,-30.4,23,-107,0.2,5,BR:BT-549;BR:HS 578T;BR:MCF7;BR:MDA-MB-231;BR:T-47D,0.378230901780586,FALSE,FALSE,not_patient_scored
depsipeptide,exemestane,depsipeptide + exemestane,38,32.2,93,-42,0.8,5,BR:BT-549;BR:HS 578T;BR:MCF7;BR:MDA-MB-231;BR:T-47D,0.943423319931074,FALSE,FALSE,not_patient_scored
depsipeptide,gefitinib,depsipeptide + gefitinib,58,58.4,78,37,1,5,BR:BT-549;BR:HS 578T;BR:MCF7;BR:MDA-MB-231;BR:T-47D,0.971280873061459,FALSE,FALSE,not_patient_scored
depsipeptide,letrozole,depsipeptide + letrozole,-32,-56,-12,-129,0,5,BR:BT-549;BR:HS 578T;BR:MCF7;BR:MDA-MB-231;BR:T-47D,0.378230901780586,FALSE,FALSE,not_patient_scored
celecoxib,depsipeptide,celecoxib + depsipeptide,1,20.2,87,-16,0.6,5,BR:BT-549;BR:HS 578T;BR:MCF7;BR:MDA-MB-231;BR:T-47D,0.759908098793797,FALSE,FALSE,not_patient_scored
depsipeptide,pazopanib,depsipeptide + pazopanib,-13,-0.6,44,-30,0.4,5,BR:BT-549;BR:HS 578T;BR:MCF7;BR:MDA-MB-231;BR:T-47D,0.378230901780586,FALSE,FALSE,not_patient_scored
depsipeptide,imatinib,depsipeptide + imatinib,-19,-41.2,5,-137,0.2,5,BR:BT-549;BR:HS 578T;BR:MCF7;BR:MDA-MB-231;BR:T-47D,0.378230901780586,FALSE,FALSE,not_patient_scored
depsipeptide,nilotinib,depsipeptide + nilotinib,-22,-51.8,-3,-170,0,5,BR:BT-549;BR:HS 578T;BR:MCF7;BR:MDA-MB-231;BR:T-47D,0.378230901780586,FALSE,FALSE,not_patient_scored
depsipeptide,lenalidomide,depsipeptide + lenalidomide,28,12.8,47,-54,0.8,5,BR:BT-549;BR:HS 578T;BR:MCF7;BR:MDA-MB-231;BR:T-47D,0.91738464484013,FALSE,FALSE,not_patient_scored
depsipeptide,raloxifene,depsipeptide + raloxifene,-1,-2.8,73,-60,0.4,5,BR:BT-549;BR:HS 578T;BR:MCF7;BR:MDA-MB-231;BR:T-47D,0.378230901780586,FALSE,FALSE,not_patient_scored
abiraterone,depsipeptide,abiraterone + depsipeptide,32,60,205,-8,0.8,5,BR:BT-549;BR:HS 578T;BR:MCF7;BR:MDA-MB-231;BR:T-47D,0.929638139000574,FALSE,FALSE,not_patient_scored
depsipeptide,vemurafenib,depsipeptide + vemurafenib,-2,2.2,59,-38,0.4,5,BR:BT-549;BR:HS 578T;BR:MCF7;BR:MDA-MB-231;BR:T-47D,0.378230901780586,FALSE,FALSE,not_patient_scored
depsipeptide,vismodegib,depsipeptide + vismodegib,16,25.2,99,-35,0.8,5,BR:BT-549;BR:HS 578T;BR:MCF7;BR:MDA-MB-231;BR:T-47D,0.869519433275895,FALSE,FALSE,not_patient_scored
crizotinib,depsipeptide,crizotinib + depsipeptide,42,26.8,60,-16,0.8,5,BR:BT-549;BR:HS 578T;BR:MCF7;BR:MDA-MB-231;BR:T-47D,0.949645797434425,FALSE,FALSE,not_patient_scored
axitinib,depsipeptide,axitinib + depsipeptide,14,5.6,34,-46,0.6,5,BR:BT-549;BR:HS 578T;BR:MCF7;BR:MDA-MB-231;BR:T-47D,0.858989086731763,FALSE,FALSE,not_patient_scored
depsipeptide,vandetanib,depsipeptide + vandetanib,-1,8.6,62,-15,0.4,5,BR:BT-549;BR:HS 578T;BR:MCF7;BR:MDA-MB-231;BR:T-47D,0.378230901780586,FALSE,FALSE,not_patient_scored
cabazitaxel,depsipeptide,cabazitaxel + depsipeptide,44,38,90,-34,0.8,5,BR:BT-549;BR:HS 578T;BR:MCF7;BR:MDA-MB-231;BR:T-47D,0.952709170974536,FALSE,FALSE,not_patient_scored
depsipeptide,ruxolitinib,depsipeptide + ruxolitinib,-8,12,85,-30,0.4,5,BR:BT-549;BR:HS 578T;BR:MCF7;BR:MDA-MB-231;BR:T-47D,0.378230901780586,FALSE,FALSE,not_patient_scored
6 thioguanine,pralatrexate,6 thioguanine + pralatrexate,-20,-25.6,-14,-44,0,5,BR:BT-549;BR:HS 578T;BR:MCF7;BR:MDA-MB-231;BR:T-47D,0.378230901780586,FALSE,FALSE,not_patient_scored
actinomycin d,pralatrexate,actinomycin d + pralatrexate,-67,-63.2,-17,-110,0,5,BR:BT-549;BR:HS 578T;BR:MCF7;BR:MDA-MB-231;BR:T-47D,0.378230901780586,FALSE,FALSE,not_patient_scored
chlorambucil,pralatrexate,chlorambucil + pralatrexate,-13,-18.4,15,-55,0.2,5,BR:BT-549;BR:HS 578T;BR:MCF7;BR:MDA-MB-231;BR:T-47D,0.378230901780586,FALSE,FALSE,not_patient_scored
pralatrexate,thiotepa,pralatrexate + thiotepa,-70,-73.2,-31,-116,0,5,BR:BT-549;BR:HS 578T;BR:MCF7;BR:MDA-MB-231;BR:T-47D,0.378230901780586,FALSE,FALSE,not_patient_scored
melphalan,pralatrexate,melphalan + pralatrexate,-47,-33,16,-64,0.2,5,BR:BT-549;BR:HS 578T;BR:MCF7;BR:MDA-MB-231;BR:T-47D,0.378230901780586,FALSE,FALSE,not_patient_scored
pralatrexate,triethylenemelamine,pralatrexate + triethylenemelamine,-11,-13.8,36,-55,0.2,5,BR:BT-549;BR:HS 578T;BR:MCF7;BR:MDA-MB-231;BR:T-47D,0.378230901780586,FALSE,FALSE,not_patient_scored
altretamine,pralatrexate,altretamine + pralatrexate,-40,-46,8,-109,0.2,5,BR:BT-549;BR:HS 578T;BR:MCF7;BR:MDA-MB-231;BR:T-47D,0.378230901780586,FALSE,FALSE,not_patient_scored
5-fluorouracil,pralatrexate,5-fluorouracil + pralatrexate,6,10.2,35,-5,0.8,5,BR:BT-549;BR:HS 578T;BR:MCF7;BR:MDA-MB-231;BR:T-47D,0.802508137085966,TRUE,FALSE,tier_B_one_drug_patient_scored
mithramycin,pralatrexate,mithramycin + pralatrexate,6,6,40,-15,0.6,5,BR:BT-549;BR:HS 578T;BR:MCF7;BR:MDA-MB-231;BR:T-47D,0.802508137085966,FALSE,FALSE,not_patient_scored
floxuridine,pralatrexate,floxuridine + pralatrexate,-77,-86.2,-7,-213,0,5,BR:BT-549;BR:HS 578T;BR:MCF7;BR:MDA-MB-231;BR:T-47D,0.378230901780586,FALSE,FALSE,not_patient_scored
hydroxyurea,pralatrexate,hydroxyurea + pralatrexate,-49,-38.6,-6,-53,0,5,BR:BT-549;BR:HS 578T;BR:MCF7;BR:MDA-MB-231;BR:T-47D,0.378230901780586,FALSE,FALSE,not_patient_scored
pralatrexate,uracil mustard,pralatrexate + uracil mustard,-40,-39.2,-10,-70,0,5,BR:BT-549;BR:HS 578T;BR:MCF7;BR:MDA-MB-231;BR:T-47D,0.378230901780586,FALSE,FALSE,not_patient_scored
mitotane,pralatrexate,mitotane + pralatrexate,-68,-88.2,-53,-143,0,5,BR:BT-549;BR:HS 578T;BR:MCF7;BR:MDA-MB-231;BR:T-47D,0.378230901780586,FALSE,FALSE,not_patient_scored
dacarbazine,pralatrexate,dacarbazine + pralatrexate,-33,-31.4,0,-54,0,5,BR:BT-549;BR:HS 578T;BR:MCF7;BR:MDA-MB-231;BR:T-47D,0.378230901780586,FALSE,FALSE,not_patient_scored
pralatrexate,vinblastine,pralatrexate + vinblastine,-69,-70,-38,-109,0,5,BR:BT-549;BR:HS 578T;BR:MCF7;BR:MDA-MB-231;BR:T-47D,0.378230901780586,FALSE,FALSE,not_patient_scored
cytarabine,pralatrexate,cytarabine + pralatrexate,-40,-88.6,-10,-222,0,5,BR:BT-549;BR:HS 578T;BR:MCF7;BR:MDA-MB-231;BR:T-47D,0.378230901780586,FALSE,FALSE,not_patient_scored
pralatrexate,vincristine,pralatrexate + vincristine,-46.5,-33,14,-53,0.25,4,BR:HS 578T;BR:MCF7;BR:MDA-MB-231;BR:T-47D,0.378230901780586,FALSE,FALSE,not_patient_scored
megestrol acetate,pralatrexate,megestrol acetate + pralatrexate,-25,-64.4,-6,-161,0,5,BR:BT-549;BR:HS 578T;BR:MCF7;BR:MDA-MB-231;BR:T-47D,0.378230901780586,FALSE,FALSE,not_patient_scored
lomustine,pralatrexate,lomustine + pralatrexate,-9,-15.6,-4,-42,0,5,BR:BT-549;BR:HS 578T;BR:MCF7;BR:MDA-MB-231;BR:T-47D,0.378230901780586,FALSE,FALSE,not_patient_scored
daunorubicin,pralatrexate,daunorubicin + pralatrexate,17,10.2,38,-20,0.6,5,BR:BT-549;BR:HS 578T;BR:MCF7;BR:MDA-MB-231;BR:T-47D,0.874114493586062,FALSE,FALSE,not_patient_scored
azacitidine,pralatrexate,azacitidine + pralatrexate,-32,-25.5,31,-69,0.25,4,BR:HS 578T;BR:MCF7;BR:MDA-MB-231;BR:T-47D,0.378230901780586,FALSE,FALSE,not_patient_scored
cladribine,pralatrexate,cladribine + pralatrexate,-88,-130,-23,-287,0,5,BR:BT-549;BR:HS 578T;BR:MCF7;BR:MDA-MB-231;BR:T-47D,0.378230901780586,FALSE,FALSE,not_patient_scored
fludarabine,pralatrexate,fludarabine + pralatrexate,-45,-60.2,-5,-110,0,5,BR:BT-549;BR:HS 578T;BR:MCF7;BR:MDA-MB-231;BR:T-47D,0.378230901780586,FALSE,FALSE,not_patient_scored
isotretinoin,pralatrexate,isotretinoin + pralatrexate,-65,-65.75,-35,-98,0,4,BR:HS 578T;BR:MCF7;BR:MDA-MB-231;BR:T-47D,0.378230901780586,FALSE,FALSE,not_patient_scored
pralatrexate,teniposide,pralatrexate + teniposide,-10,-9.2,15,-40,0.4,5,BR:BT-549;BR:HS 578T;BR:MCF7;BR:MDA-MB-231;BR:T-47D,0.378230901780586,FALSE,FALSE,not_patient_scored
bleomycin,pralatrexate,bleomycin + pralatrexate,-16,-24,15,-72,0.2,5,BR:BT-549;BR:HS 578T;BR:MCF7;BR:MDA-MB-231;BR:T-47D,0.378230901780586,FALSE,FALSE,not_patient_scored
paclitaxel,pralatrexate,paclitaxel + pralatrexate,-89,-74.8,19,-208,0.4,5,BR:BT-549;BR:HS 578T;BR:MCF7;BR:MDA-MB-231;BR:T-47D,0.378230901780586,TRUE,FALSE,tier_B_one_drug_patient_scored
bendamustine,pralatrexate,bendamustine + pralatrexate,-39,-33,5,-59,0.2,5,BR:BT-549;BR:HS 578T;BR:MCF7;BR:MDA-MB-231;BR:T-47D,0.378230901780586,FALSE,FALSE,not_patient_scored
etoposide,pralatrexate,etoposide + pralatrexate,-30,-24,8,-45,0.2,5,BR:BT-549;BR:HS 578T;BR:MCF7;BR:MDA-MB-231;BR:T-47D,0.378230901780586,FALSE,FALSE,not_patient_scored
dexrazoxane,pralatrexate,dexrazoxane + pralatrexate,10,5,11,-8,0.8,5,BR:BT-549;BR:HS 578T;BR:MCF7;BR:MDA-MB-231;BR:T-47D,0.835343672219031,FALSE,FALSE,not_patient_scored
pralatrexate,tamoxifen,pralatrexate + tamoxifen,-11,-16,24,-72,0.2,5,BR:BT-549;BR:HS 578T;BR:MCF7;BR:MDA-MB-231;BR:T-47D,0.378230901780586,FALSE,FALSE,not_patient_scored
pralatrexate,rapamycin,pralatrexate + rapamycin,-26,-50.6,-24,-123,0,5,BR:BT-549;BR:HS 578T;BR:MCF7;BR:MDA-MB-231;BR:T-47D,0.378230901780586,FALSE,TRUE,tier_B_one_drug_patient_scored
carboplatin,pralatrexate,carboplatin + pralatrexate,-43,-56.2,-15,-152,0,5,BR:BT-549;BR:HS 578T;BR:MCF7;BR:MDA-MB-231;BR:T-47D,0.378230901780586,FALSE,FALSE,not_patient_scored
pralatrexate,valrubicin,pralatrexate + valrubicin,-51.5,-107.25,-33,-293,0,4,BR:BT-549;BR:MCF7;BR:MDA-MB-231;BR:T-47D,0.378230901780586,FALSE,FALSE,not_patient_scored
mitoxantrone,pralatrexate,mitoxantrone + pralatrexate,18,14.4,54,-27,0.6,5,BR:BT-549;BR:HS 578T;BR:MCF7;BR:MDA-MB-231;BR:T-47D,0.878996745165614,FALSE,FALSE,not_patient_scored
pralatrexate,temozolomide,pralatrexate + temozolomide,-28,-47.6,11,-103,0.2,5,BR:BT-549;BR:HS 578T;BR:MCF7;BR:MDA-MB-231;BR:T-47D,0.378230901780586,FALSE,FALSE,not_patient_scored
clofarabine,pralatrexate,clofarabine + pralatrexate,-21,-14.8,84,-72,0.2,5,BR:BT-549;BR:HS 578T;BR:MCF7;BR:MDA-MB-231;BR:T-47D,0.378230901780586,FALSE,FALSE,not_patient_scored
pralatrexate,vinorelbine,pralatrexate + vinorelbine,18,21.4,53,-7,0.8,5,BR:BT-549;BR:HS 578T;BR:MCF7;BR:MDA-MB-231;BR:T-47D,0.878996745165614,FALSE,FALSE,not_patient_scored
gemcitabine,pralatrexate,gemcitabine + pralatrexate,0.5,1.75,15,-9,0.5,4,BR:HS 578T;BR:MCF7;BR:MDA-MB-231;BR:T-47D,0.7565575339843,TRUE,FALSE,tier_B_one_drug_patient_scored
docetaxel,pralatrexate,docetaxel + pralatrexate,-19,-36,1,-107,0.25,4,BR:HS 578T;BR:MCF7;BR:MDA-MB-231;BR:T-47D,0.378230901780586,TRUE,FALSE,tier_B_one_drug_patient_scored
7 ethyl 10 hydroxycamptothecin,pralatrexate,7 ethyl 10 hydroxycamptothecin + pralatrexate,-30,-29,-22,-34,0,4,BR:BT-549;BR:MCF7;BR:MDA-MB-231;BR:T-47D,0.378230901780586,FALSE,FALSE,not_patient_scored
nelarabine,pralatrexate,nelarabine + pralatrexate,-65,-53.6,-5,-85,0,5,BR:BT-549;BR:HS 578T;BR:MCF7;BR:MDA-MB-231;BR:T-47D,0.378230901780586,FALSE,FALSE,not_patient_scored
pemetrexed,pralatrexate,pemetrexed + pralatrexate,4,1.6,21,-13,0.6,5,BR:BT-549;BR:HS 578T;BR:MCF7;BR:MDA-MB-231;BR:T-47D,0.783553513306529,FALSE,FALSE,not_patient_scored
pralatrexate,vorinostat,pralatrexate + vorinostat,-2,18,163,-91,0.4,5,BR:BT-549;BR:HS 578T;BR:MCF7;BR:MDA-MB-231;BR:T-47D,0.378230901780586,FALSE,FALSE,not_patient_scored
capecitabine,pralatrexate,capecitabine + pralatrexate,-71,-75.6,-27,-137,0,5,BR:BT-549;BR:HS 578T;BR:MCF7;BR:MDA-MB-231;BR:T-47D,0.378230901780586,FALSE,FALSE,not_patient_scored
exemestane,pralatrexate,exemestane + pralatrexate,-5,-1.4,57,-46,0.4,5,BR:BT-549;BR:HS 578T;BR:MCF7;BR:MDA-MB-231;BR:T-47D,0.378230901780586,FALSE,FALSE,not_patient_scored
gefitinib,pralatrexate,gefitinib + pralatrexate,6,7.2,38,-15,0.6,5,BR:BT-549;BR:HS 578T;BR:MCF7;BR:MDA-MB-231;BR:T-47D,0.802508137085966,FALSE,FALSE,not_patient_scored
anastrozole,pralatrexate,anastrozole + pralatrexate,-56,-63.8,-42,-96,0,5,BR:BT-549;BR:HS 578T;BR:MCF7;BR:MDA-MB-231;BR:T-47D,0.378230901780586,FALSE,FALSE,not_patient_scored
letrozole,pralatrexate,letrozole + pralatrexate,-34.5,-36.5,-2,-75,0,4,BR:HS 578T;BR:MCF7;BR:MDA-MB-231;BR:T-47D,0.378230901780586,FALSE,FALSE,not_patient_scored
celecoxib,pralatrexate,celecoxib + pralatrexate,-49.5,-55.25,-28,-94,0,4,BR:HS 578T;BR:MCF7;BR:MDA-MB-231;BR:T-47D,0.378230901780586,FALSE,FALSE,not_patient_scored
pralatrexate,zoledronate,pralatrexate + zoledronate,7,-7.8,29,-51,0.6,5,BR:BT-549;BR:HS 578T;BR:MCF7;BR:MDA-MB-231;BR:T-47D,0.810453762205629,FALSE,FALSE,not_patient_scored
dasatinib,pralatrexate,dasatinib + pralatrexate,-1,-7.2,43,-75,0.2,5,BR:BT-549;BR:HS 578T;BR:MCF7;BR:MDA-MB-231;BR:T-47D,0.378230901780586,FALSE,FALSE,not_patient_scored
everolimus,pralatrexate,everolimus + pralatrexate,-4,-10,22,-54,0.5,4,BR:HS 578T;BR:MCF7;BR:MDA-MB-231;BR:T-47D,0.378230901780586,FALSE,FALSE,not_patient_scored
pazopanib,pralatrexate,pazopanib + pralatrexate,-44,-38,-16,-49,0,5,BR:BT-549;BR:HS 578T;BR:MCF7;BR:MDA-MB-231;BR:T-47D,0.378230901780586,FALSE,FALSE,not_patient_scored
imatinib,pralatrexate,imatinib + pralatrexate,-30.5,-6.25,90,-54,0.25,4,BR:HS 578T;BR:MCF7;BR:MDA-MB-231;BR:T-47D,0.378230901780586,FALSE,FALSE,not_patient_scored
lapatinib,pralatrexate,lapatinib + pralatrexate,-33,-23.4,46,-70,0.2,5,BR:BT-549;BR:HS 578T;BR:MCF7;BR:MDA-MB-231;BR:T-47D,0.378230901780586,TRUE,FALSE,tier_B_one_drug_patient_scored
nilotinib,pralatrexate,nilotinib + pralatrexate,-15,10.8,85,-21,0.4,5,BR:BT-549;BR:HS 578T;BR:MCF7;BR:MDA-MB-231;BR:T-47D,0.378230901780586,FALSE,FALSE,not_patient_scored
pralatrexate,sorafenib,pralatrexate + sorafenib,-56,-61,-3,-126,0,5,BR:BT-549;BR:HS 578T;BR:MCF7;BR:MDA-MB-231;BR:T-47D,0.378230901780586,FALSE,FALSE,not_patient_scored
lenalidomide,pralatrexate,lenalidomide + pralatrexate,10,5.4,20,-21,0.8,5,BR:BT-549;BR:HS 578T;BR:MCF7;BR:MDA-MB-231;BR:T-47D,0.835343672219031,FALSE,FALSE,not_patient_scored
pralatrexate,raloxifene,pralatrexate + raloxifene,-60,-46.4,30,-122,0.2,5,BR:BT-549;BR:HS 578T;BR:MCF7;BR:MDA-MB-231;BR:T-47D,0.378230901780586,FALSE,FALSE,not_patient_scored
abiraterone,pralatrexate,abiraterone + pralatrexate,-35,-21,23,-48,0.2,5,BR:BT-549;BR:HS 578T;BR:MCF7;BR:MDA-MB-231;BR:T-47D,0.378230901780586,FALSE,FALSE,not_patient_scored
pralatrexate,sunitinib,pralatrexate + sunitinib,-1,-7.75,21,-50,0.5,4,BR:BT-549;BR:MCF7;BR:MDA-MB-231;BR:T-47D,0.378230901780586,FALSE,FALSE,not_patient_scored
pralatrexate,vemurafenib,pralatrexate + vemurafenib,-45,-29.4,12,-78,0.4,5,BR:BT-549;BR:HS 578T;BR:MCF7;BR:MDA-MB-231;BR:T-47D,0.378230901780586,FALSE,FALSE,not_patient_scored
depsipeptide,pralatrexate,depsipeptide + pralatrexate,-21,-28,16,-101,0.2,5,BR:BT-549;BR:HS 578T;BR:MCF7;BR:MDA-MB-231;BR:T-47D,0.378230901780586,FALSE,FALSE,not_patient_scored
pralatrexate,vismodegib,pralatrexate + vismodegib,-6,-8.2,38,-76,0.4,5,BR:BT-549;BR:HS 578T;BR:MCF7;BR:MDA-MB-231;BR:T-47D,0.378230901780586,FALSE,FALSE,not_patient_scored
crizotinib,pralatrexate,crizotinib + pralatrexate,-23,-36,5,-81,0.2,5,BR:BT-549;BR:HS 578T;BR:MCF7;BR:MDA-MB-231;BR:T-47D,0.378230901780586,FALSE,FALSE,not_patient_scored
axitinib,pralatrexate,axitinib + pralatrexate,-26,-36.6,-3,-88,0,5,BR:BT-549;BR:HS 578T;BR:MCF7;BR:MDA-MB-231;BR:T-47D,0.378230901780586,FALSE,FALSE,not_patient_scored
pralatrexate,vandetanib,pralatrexate + vandetanib,-10,-11,42,-49,0.2,5,BR:BT-549;BR:HS 578T;BR:MCF7;BR:MDA-MB-231;BR:T-47D,0.378230901780586,FALSE,FALSE,not_patient_scored
cabazitaxel,pralatrexate,cabazitaxel + pralatrexate,72,62.8,112,-2,0.8,5,BR:BT-549;BR:HS 578T;BR:MCF7;BR:MDA-MB-231;BR:T-47D,0.981332567489948,FALSE,FALSE,not_patient_scored
pralatrexate,ruxolitinib,pralatrexate + ruxolitinib,-49,-46.4,-25,-62,0,5,BR:BT-549;BR:HS 578T;BR:MCF7;BR:MDA-MB-231;BR:T-47D,0.378230901780586,FALSE,FALSE,not_patient_scored
vemurafenib,vismodegib,vemurafenib + vismodegib,-10.5,-26.4,19,-113,0.3,5,BR:BT-549;BR:HS 578T;BR:MCF7;BR:MDA-MB-231;BR:T-47D,0.378230901780586,FALSE,FALSE,not_patient_scored
crizotinib,vismodegib,crizotinib + vismodegib,-42.5,-42.4,33,-172,0.3,5,BR:BT-549;BR:HS 578T;BR:MCF7;BR:MDA-MB-231;BR:T-47D,0.378230901780586,FALSE,FALSE,not_patient_scored
axitinib,vismodegib,axitinib + vismodegib,-4.5,-11.9,24,-112,0.4,5,BR:BT-549;BR:HS 578T;BR:MCF7;BR:MDA-MB-231;BR:T-47D,0.378230901780586,FALSE,FALSE,not_patient_scored
vandetanib,vismodegib,vandetanib + vismodegib,0,-16.4,25,-126,0.5,5,BR:BT-549;BR:HS 578T;BR:MCF7;BR:MDA-MB-231;BR:T-47D,0.378230901780586,FALSE,FALSE,not_patient_scored
cabazitaxel,vismodegib,cabazitaxel + vismodegib,60,58.3,123,-4,0.9,5,BR:BT-549;BR:HS 578T;BR:MCF7;BR:MDA-MB-231;BR:T-47D,0.973004020677771,FALSE,FALSE,not_patient_scored
ruxolitinib,vismodegib,ruxolitinib + vismodegib,-15,-13.7,25,-72,0.4,5,BR:BT-549;BR:HS 578T;BR:MCF7;BR:MDA-MB-231;BR:T-47D,0.378230901780586,FALSE,FALSE,not_patient_scored
crizotinib,vemurafenib,crizotinib + vemurafenib,-44.5,-54.8,21,-163,0.1,5,BR:BT-549;BR:HS 578T;BR:MCF7;BR:MDA-MB-231;BR:T-47D,0.378230901780586,FALSE,FALSE,not_patient_scored
axitinib,crizotinib,axitinib + crizotinib,-2,-6.3,58,-88,0.4,5,BR:BT-549;BR:HS 578T;BR:MCF7;BR:MDA-MB-231;BR:T-47D,0.378230901780586,FALSE,FALSE,not_patient_scored
crizotinib,vandetanib,crizotinib + vandetanib,1.5,-11.9,45,-123,0.5,5,BR:BT-549;BR:HS 578T;BR:MCF7;BR:MDA-MB-231;BR:T-47D,0.763258663603293,FALSE,FALSE,not_patient_scored
cabazitaxel,crizotinib,cabazitaxel + crizotinib,-24,-17.3,62,-92,0.4,5,BR:BT-549;BR:HS 578T;BR:MCF7;BR:MDA-MB-231;BR:T-47D,0.378230901780586,FALSE,FALSE,not_patient_scored
crizotinib,ruxolitinib,crizotinib + ruxolitinib,-12,-20.3,25,-131,0.3,5,BR:BT-549;BR:HS 578T;BR:MCF7;BR:MDA-MB-231;BR:T-47D,0.378230901780586,FALSE,FALSE,not_patient_scored
axitinib,vemurafenib,axitinib + vemurafenib,-22.5,-26.4,31,-97,0.4,5,BR:BT-549;BR:HS 578T;BR:MCF7;BR:MDA-MB-231;BR:T-47D,0.378230901780586,FALSE,FALSE,not_patient_scored
axitinib,vandetanib,axitinib + vandetanib,32,2.7,61,-101,0.7,5,BR:BT-549;BR:HS 578T;BR:MCF7;BR:MDA-MB-231;BR:T-47D,0.929638139000574,FALSE,FALSE,not_patient_scored
axitinib,cabazitaxel,axitinib + cabazitaxel,53.5,58,220,-65,0.6,5,BR:BT-549;BR:HS 578T;BR:MCF7;BR:MDA-MB-231;BR:T-47D,0.96620716063565,FALSE,FALSE,not_patient_scored
axitinib,ruxolitinib,axitinib + ruxolitinib,-5,6.9,98,-93,0.5,5,BR:BT-549;BR:HS 578T;BR:MCF7;BR:MDA-MB-231;BR:T-47D,0.378230901780586,FALSE,FALSE,not_patient_scored
vandetanib,vemurafenib,vandetanib + vemurafenib,-8,-23.4,35,-135,0.5,5,BR:BT-549;BR:HS 578T;BR:MCF7;BR:MDA-MB-231;BR:T-47D,0.378230901780586,FALSE,FALSE,not_patient_scored
cabazitaxel,vandetanib,cabazitaxel + vandetanib,93,89.4,186,-5,0.9,5,BR:BT-549;BR:HS 578T;BR:MCF7;BR:MDA-MB-231;BR:T-47D,0.988033697108941,FALSE,FALSE,not_patient_scored
ruxolitinib,vandetanib,ruxolitinib + vandetanib,5.5,3.7,47,-66,0.6,5,BR:BT-549;BR:HS 578T;BR:MCF7;BR:MDA-MB-231;BR:T-47D,0.798295998468313,FALSE,FALSE,not_patient_scored
cabazitaxel,vemurafenib,cabazitaxel + vemurafenib,19,10.4,78,-90,0.6,5,BR:BT-549;BR:HS 578T;BR:MCF7;BR:MDA-MB-231;BR:T-47D,0.883974727168294,FALSE,FALSE,not_patient_scored
ruxolitinib,vemurafenib,ruxolitinib + vemurafenib,-39,-34,12,-73,0.222222222222222,5,BR:BT-549;BR:HS 578T;BR:MCF7;BR:MDA-MB-231;BR:T-47D,0.378230901780586,FALSE,FALSE,not_patient_scored
cabazitaxel,pazopanib,cabazitaxel + pazopanib,87,78.8,130,17,1,5,BR:BT-549;BR:HS 578T;BR:MCF7;BR:MDA-MB-231;BR:T-47D,0.98745931457017,FALSE,FALSE,not_patient_scored
cabazitaxel,ruxolitinib,cabazitaxel + ruxolitinib,60.5,65.4,117,-6,0.9,5,BR:BT-549;BR:HS 578T;BR:MCF7;BR:MDA-MB-231;BR:T-47D,0.973482672793414,FALSE,FALSE,not_patient_scored
methotrexate,paclitaxel,methotrexate + paclitaxel,-18,-17.75,-8,-27,0,4,BR:BT-549;BR:HS 578T;BR:MDA-MB-231;BR:T-47D,0.378230901780586,FALSE,TRUE,tier_B_one_drug_patient_scored
busulfan,fulvestrant,busulfan + fulvestrant,-21,-16.25,3,-26,0.25,4,BR:BT-549;BR:HS 578T;BR:MDA-MB-231;BR:T-47D,0.378230901780586,FALSE,FALSE,not_patient_scored
allopurinol,everolimus,allopurinol + everolimus,-84.5,-86.5,-67,-110,0,4,BR:BT-549;BR:HS 578T;BR:MDA-MB-231;BR:T-47D,0.378230901780586,FALSE,FALSE,not_patient_scored
cyclophosphamide,fulvestrant,cyclophosphamide + fulvestrant,-71.5,-75.5,-35,-124,0,4,BR:BT-549;BR:HS 578T;BR:MDA-MB-231;BR:T-47D,0.378230901780586,FALSE,FALSE,not_patient_scored
cyclophosphamide,letrozole,cyclophosphamide + letrozole,-33.5,-37.75,-12,-72,0,4,BR:BT-549;BR:HS 578T;BR:MDA-MB-231;BR:T-47D,0.378230901780586,FALSE,FALSE,not_patient_scored
dacarbazine,vinblastine,dacarbazine + vinblastine,-53.5,-53.75,-15,-93,0,4,BR:BT-549;BR:HS 578T;BR:MDA-MB-231;BR:T-47D,0.378230901780586,FALSE,FALSE,not_patient_scored
paclitaxel,vinblastine,paclitaxel + vinblastine,-69,-61,34,-140,0.25,4,BR:BT-549;BR:HS 578T;BR:MDA-MB-231;BR:T-47D,0.378230901780586,TRUE,FALSE,tier_B_one_drug_patient_scored
pemetrexed,procarbazine,pemetrexed + procarbazine,-76.5,-78.75,-32,-130,0,4,BR:BT-549;BR:HS 578T;BR:MDA-MB-231;BR:T-47D,0.378230901780586,FALSE,FALSE,not_patient_scored
fulvestrant,procarbazine,fulvestrant + procarbazine,-7.5,-20.5,44,-111,0.25,4,BR:BT-549;BR:HS 578T;BR:MDA-MB-231;BR:T-47D,0.378230901780586,FALSE,FALSE,not_patient_scored
actinomycin d,arsenic trioxide,actinomycin d + arsenic trioxide,-9,-14.5,57,-97,0.5,4,BR:BT-549;BR:HS 578T;BR:MDA-MB-231;BR:T-47D,0.378230901780586,FALSE,FALSE,not_patient_scored
fulvestrant,ifosfamide,fulvestrant + ifosfamide,-32,-34,-24,-46,0,3,BR:HS 578T;BR:MDA-MB-231;BR:T-47D,0.378230901780586,FALSE,FALSE,not_patient_scored
decitabine,fulvestrant,decitabine + fulvestrant,9,8.25,48,-33,0.5,4,BR:BT-549;BR:HS 578T;BR:MDA-MB-231;BR:T-47D,0.827685238368754,FALSE,FALSE,not_patient_scored
amifostine,melphalan,amifostine + melphalan,-30,-3,91,-43,0.25,4,BR:BT-549;BR:HS 578T;BR:MDA-MB-231;BR:T-47D,0.378230901780586,FALSE,FALSE,not_patient_scored
amifostine,fulvestrant,amifostine + fulvestrant,-48,-44.25,-22,-59,0,4,BR:BT-549;BR:HS 578T;BR:MDA-MB-231;BR:T-47D,0.378230901780586,FALSE,FALSE,not_patient_scored
methotrexate,temozolomide,methotrexate + temozolomide,-121,-134.25,13,-308,0.25,4,BR:BT-549;BR:HS 578T;BR:MDA-MB-231;BR:T-47D,0.378230901780586,FALSE,FALSE,not_patient_scored
carmustine,everolimus,carmustine + everolimus,-7,-9.5,42,-66,0.5,4,BR:BT-549;BR:HS 578T;BR:MDA-MB-231;BR:T-47D,0.378230901780586,FALSE,FALSE,not_patient_scored
fulvestrant,topotecan,fulvestrant + topotecan,-1,1,37,-31,0.5,4,BR:BT-549;BR:HS 578T;BR:MDA-MB-231;BR:T-47D,0.378230901780586,FALSE,FALSE,not_patient_scored
docetaxel,thiotepa,docetaxel + thiotepa,-32.5,-27.5,21,-66,0.25,4,BR:BT-549;BR:HS 578T;BR:MDA-MB-231;BR:T-47D,0.378230901780586,TRUE,FALSE,tier_B_one_drug_patient_scored
bortezomib,fulvestrant,bortezomib + fulvestrant,-36,-20.25,87,-96,0.25,4,BR:BT-549;BR:HS 578T;BR:MDA-MB-231;BR:T-47D,0.378230901780586,FALSE,FALSE,not_patient_scored
acrichine,estramustine,acrichine + estramustine,-75.5,-74,-47,-98,0,4,BR:BT-549;BR:HS 578T;BR:MDA-MB-231;BR:T-47D,0.378230901780586,FALSE,FALSE,not_patient_scored
estramustine,tamoxifen,estramustine + tamoxifen,-43,-52.25,-27,-96,0,4,BR:BT-549;BR:HS 578T;BR:MDA-MB-231;BR:T-47D,0.378230901780586,FALSE,FALSE,not_patient_scored
capecitabine,estramustine,capecitabine + estramustine,-27,-32.6666666666667,-15,-56,0,3,BR:BT-549;BR:HS 578T;BR:MDA-MB-231,0.378230901780586,FALSE,FALSE,not_patient_scored
estramustine,fulvestrant,estramustine + fulvestrant,-61,-88,11,-214,0.333333333333333,3,BR:HS 578T;BR:MDA-MB-231;BR:T-47D,0.378230901780586,FALSE,FALSE,not_patient_scored
estramustine,vemurafenib,estramustine + vemurafenib,-37.5,-37.5,-30,-45,0,2,BR:HS 578T;BR:MDA-MB-231,0.378230901780586,FALSE,FALSE,not_patient_scored
actinomycin d,anastrozole,actinomycin d + anastrozole,-62,-61.25,-30,-91,0,4,BR:BT-549;BR:HS 578T;BR:MDA-MB-231;BR:T-47D,0.378230901780586,FALSE,FALSE,not_patient_scored
anastrozole,mithramycin,anastrozole + mithramycin,-30,-33.75,-18,-57,0,4,BR:BT-549;BR:HS 578T;BR:MDA-MB-231;BR:T-47D,0.378230901780586,FALSE,FALSE,not_patient_scored
letrozole,zoledronate,letrozole + zoledronate,-44,-29,20,-48,0.25,4,BR:BT-549;BR:HS 578T;BR:MDA-MB-231;BR:T-47D,0.378230901780586,FALSE,FALSE,not_patient_scored
mithramycin,nilotinib,mithramycin + nilotinib,-18,-33.5,22,-120,0.25,4,BR:BT-549;BR:HS 578T;BR:MDA-MB-231;BR:T-47D,0.378230901780586,FALSE,FALSE,not_patient_scored
everolimus,sorafenib,everolimus + sorafenib,-62,-89.5,-47,-187,0,4,BR:BT-549;BR:HS 578T;BR:MDA-MB-231;BR:T-47D,0.378230901780586,FALSE,FALSE,not_patient_scored
cyclophosphamide,ixabepilone,cyclophosphamide + ixabepilone,-3,2.75,89,-72,0.5,4,BR:BT-549;BR:HS 578T;BR:MDA-MB-231;BR:T-47D,0.378230901780586,FALSE,FALSE,not_patient_scored
carmustine,ixabepilone,carmustine + ixabepilone,-8,-16.5,14,-64,0.25,4,BR:BT-549;BR:HS 578T;BR:MDA-MB-231;BR:T-47D,0.378230901780586,FALSE,FALSE,not_patient_scored
fulvestrant,pralatrexate,fulvestrant + pralatrexate,-64,-63.75,-51,-76,0,4,BR:BT-549;BR:HS 578T;BR:MDA-MB-231;BR:T-47D,0.378230901780586,FALSE,FALSE,not_patient_scored
cisplatin,letrozole,cisplatin + letrozole,-35,-24.6666666666667,18,-57,0.333333333333333,3,BR:BT-549;BR:HS 578T;BR:T-47D,0.378230901780586,TRUE,FALSE,tier_B_one_drug_patient_scored
bendamustine,triethylenemelamine,bendamustine + triethylenemelamine,-62,-57.3333333333333,-39,-71,0,3,BR:BT-549;BR:HS 578T;BR:T-47D,0.378230901780586,FALSE,FALSE,not_patient_scored
